"ID","Surfweight","Year","Age","Sex","Ethnicity","Edu","LFS","Partner","Parent","NumberChildren","Tenure","HhIncome","NZDep","Migrant","Disability","HomeAfford","LifeSatisfy","LifeWorth","Health","TeReo","GovTereo","Selfactual","Trust","TrustPolice","TrustMedia","TrustParliament","Voted","Mwb","Housecold","Housedamp","Moves","AccessMed","AccessGreen","AccessPt","NeighConnect","NeighCrime","Victim","Discrim","Lonely","Hardtalk","AgeC","SexC","DisabilityC","EthnicityC","VotedC","LFSC"
1,3238.951,2021,"15-24","Female","European/Other",1,"Not in the labour force",0,0,0,3,3,6,5,"not disabled",10,10,8,5,1,4,3,8,10,10,7,"No",5,3,1,NA,NA,NA,NA,NA,4,0,0,2,2,1,1,0,4,0,3
2,6468.014,2021,"55-64","Male","Maori",3,"Employed",1,0,0,1,3,1,6,"not disabled",5,8,9,5,1,5,3,9,9,5,7,"Yes",18,1,1,NA,NA,NA,NA,NA,3,0,0,1,2,5,0,0,1,1,1
3,4822.019,2021,"25-34","Male","European/Other",3,"Employed",0,1,2,3,1,8,1,"not disabled",9,8,8,4,1,3,4,5,8,6,7,"Yes",5,3,1,NA,NA,NA,NA,NA,1,0,0,1,2,2,0,0,4,1,1
4,4549.766,2021,"55-64","Female","European/Other",1,"Employed",1,0,0,1,3,4,1,"not disabled",7,8,8,4,1,2,4,7,9,5,3,"Yes",19,1,1,NA,NA,NA,NA,NA,3,0,0,2,1,5,1,0,4,1,1
5,3157.55,2021,"45-54","Male","European/Other",3,"Employed",1,1,1,2,3,5,2,"Disabled",4,8,9,4,1,2,4,6,9,4,5,"Yes",18,1,2,NA,NA,NA,NA,NA,1,0,0,1,2,4,0,1,4,1,1
6,2717.784,2021,"15-24","Male","European/Other",1,"Not in the labour force",0,0,0,1,3,3,1,"not disabled",6,8,9,4,1,4,4,8,9,6,9,"Yes",17,1,2,NA,NA,NA,NA,NA,3,0,0,2,1,1,0,0,4,1,3
7,13441.86,2021,"55-64","Male","European/Other",3,"Employed",1,0,0,1,3,2,1,"not disabled",7,8,8,3,1,3,4,8,9,5,7,"Yes",18,2,2,NA,NA,NA,NA,NA,3,0,1,2,3,5,0,0,4,1,1
8,7413.058,2021,"45-54","Male","European/Other",4,"Employed",1,1,1,3,3,2,6,"not disabled",10,7,8,5,3,4,3,7,8,6,8,"Yes",13,1,1,NA,NA,NA,NA,NA,5,0,0,3,3,4,0,0,4,1,1
9,547.0136,2021,"45-54","Female","Asian",4,"Employed",1,1,1,1,3,5,6,"not disabled",4,7,9,3,2,2,3,5,8,5,3,"Yes",11,1,1,NA,NA,NA,NA,NA,3,0,1,1,1,4,1,0,3,1,1
10,8311.392,2021,"55-64","Male","European/Other",3,"Employed",0,0,0,1,1,7,1,"not disabled",3,7,8,4,1,2,4,7,8,3,7,"Yes",15,1,1,NA,NA,NA,NA,NA,3,0,0,1,1,5,0,0,4,1,1
11,1921.758,2021,"25-34","Female","European/Other",2,"Not in the labour force",0,0,0,3,1,1,1,"not disabled",10,4,3,3,1,4,5,7,7,4,6,"Yes",10,2,1,NA,NA,NA,NA,NA,1,0,0,2,2,2,1,0,4,1,3
12,8762.334,2021,"35-44","Male","European/Other",1,"Employed",1,1,4,1,3,7,2,"not disabled",5,8,9,5,2,4,5,7,9,3,7,"Yes",16,1,1,NA,NA,NA,NA,NA,4,0,0,3,3,3,0,0,4,1,1
13,1437.464,2021,"35-44","Male","European/Other",2,"Not in the labour force",1,1,3,3,3,7,1,"not disabled",6,8,9,2,2,5,4,7,8,7,10,"Yes",8,3,2,NA,NA,NA,NA,NA,3,0,0,1,2,3,0,0,4,1,3
14,3288.369,2021,"65+","Female","European/Other",3,"Not in the labour force",1,0,0,2,2,2,1,"not disabled",10,10,10,3,1,3,5,8,9,5,6,"Yes",20,1,1,NA,NA,NA,NA,NA,4,0,0,1,3,6,1,0,4,1,3
15,1969.839,2021,"55-64","Female","European/Other",1,"Not in the labour force",1,0,0,2,2,3,1,"not disabled",8,8,8,3,1,2,4,0,3,0,3,"Yes",20,1,2,NA,NA,NA,NA,NA,3,0,0,1,2,5,1,0,4,1,3
16,13647.07,2021,"15-24","Female","European/Other",1,"Employed",0,0,0,3,3,6,5,"not disabled",10,10,8,5,1,4,3,8,10,10,7,"No",5,3,1,NA,NA,NA,NA,NA,4,0,0,2,2,1,1,0,4,0,1
17,2916.332,2021,"45-54","Male","Maori",1,"Employed",0,0,0,3,2,9,1,"not disabled",10,7,7,4,2,3,5,6,8,4,6,"No",16,1,2,NA,NA,NA,NA,NA,5,1,0,2,4,4,0,0,1,0,1
18,9848.456,2021,"65+","Female","European/Other",4,"Not in the labour force",1,0,0,2,2,1,6,"not disabled",7,8,8,3,1,3,3,8,9,7,6,"Yes",19,1,1,NA,NA,NA,NA,NA,3,0,0,1,2,6,1,0,4,1,3
19,509.5721,2021,"25-34","Male","Maori",1,"Employed",1,1,1,3,1,7,5,"not disabled",4,9,8,5,1,5,5,7,7,5,6,"No",12,3,3,NA,NA,NA,NA,NA,9,0,1,2,3,2,0,0,1,0,1
20,1576.869,2021,"55-64","Male","European/Other",1,"Not in the labour force",1,0,0,2,3,4,1,"not disabled",10,10,10,5,1,2,5,8,9,5,2,"Yes",20,1,1,NA,NA,NA,NA,NA,5,0,0,1,2,5,0,0,4,1,3
21,1738.872,2021,"25-34","Male","European/Other",4,"Not in the labour force",0,1,4,2,2,10,1,"Disabled",9,9,8,3,2,5,4,7,6,3,5,"Yes",16,3,2,NA,NA,NA,NA,NA,1,0,1,1,3,2,0,1,4,1,3
22,1780.911,2021,"45-54","Male","European/Other",3,"Not in the labour force",1,0,0,2,3,3,6,"not disabled",6,7,10,4,1,3,5,7,7,5,5,"Yes",17,1,2,NA,NA,NA,NA,NA,4,0,0,3,4,4,0,0,4,1,3
23,1738.872,2021,"65+","Male","European/Other",1,"Not in the labour force",0,0,0,2,1,10,1,"not disabled",5,8,10,4,1,3,4,8,10,8,9,"Yes",14,1,1,NA,NA,NA,NA,NA,3,0,0,1,2,6,0,0,4,1,3
24,3044.037,2021,"35-44","Male","European/Other",2,"Not in the labour force",0,0,0,1,3,8,1,"not disabled",8,6,10,3,2,5,4,8,9,7,5,"Yes",12,2,1,NA,NA,NA,NA,NA,3,0,1,2,3,3,0,0,4,1,3
25,1780.911,2021,"55-64","Male","European/Other",3,"Not in the labour force",0,0,0,3,1,4,1,"not disabled",7,7,9,3,1,4,5,8,8,6,2,"Yes",13,4,3,NA,NA,NA,NA,NA,3,0,0,1,2,5,0,0,4,1,3
26,1433.499,2021,"25-34","Female","Maori",2,"Employed",0,0,0,3,2,2,4,"not disabled",3,9,10,5,1,5,3,9,10,4,9,"No",15,1,2,NA,NA,NA,NA,NA,9,0,1,3,3,2,1,0,1,0,1
27,2121.932,2021,"25-34","Male","Maori",4,"Employed",1,0,0,3,3,5,1,"not disabled",9,9,8,5,1,4,5,7,8,5,7,"Yes",20,2,1,NA,NA,NA,NA,NA,8,0,0,2,1,2,0,0,1,1,1
28,3125.268,2021,"25-34","Female","European/Other",2,"Employed",1,0,0,1,3,10,1,"not disabled",6,9,8,4,2,5,4,9,10,8,9,"Yes",15,99,1,NA,NA,NA,NA,NA,9,0,0,1,3,2,1,0,4,1,1
29,832.1589,2021,"55-64","Male","Maori",1,"Employed",0,0,0,2,1,6,2,"not disabled",8,8,8,4,1,5,4,5,7,6,7,"Yes",13,2,1,NA,NA,NA,NA,NA,3,0,0,2,3,5,0,0,1,1,1
30,170.9162,2021,"45-54","Female","Maori",2,"Not in the labour force",0,0,0,1,2,5,6,"not disabled",5,7,7,3,1,2,3,7,5,2,5,"No",14,1,2,NA,NA,NA,NA,NA,3,0,0,2,1,4,1,0,1,0,3
31,2905.739,2021,"65+","Female","Asian",1,"Employed",1,0,0,1,2,8,3,"Disabled",4,8,8,4,1,3,3,6,4,3,5,"No",12,1,1,NA,NA,NA,NA,NA,4,1,0,2,2,6,1,1,3,0,1
32,608.8338,2021,"65+","Male","Maori",1,"Not in the labour force",0,0,0,3,1,9,1,"not disabled",4,10,6,2,1,2,5,7,10,8,6,"Yes",7,1,1,NA,NA,NA,NA,NA,5,0,0,1,2,6,0,0,1,1,3
33,4252.162,2021,"55-64","Female","European/Other",1,"Employed",1,0,0,2,3,4,1,"not disabled",6,8,8,3,1,2,3,7,5,0,1,"Yes",15,2,1,NA,NA,NA,NA,NA,5,0,0,1,4,5,1,0,4,1,1
34,372.5075,2021,"35-44","Female","Maori",4,"Unemployed",1,0,0,3,1,4,6,"not disabled",3,3,3,3,2,2,2,2,7,4,4,"No",8,2,2,NA,NA,NA,NA,NA,5,0,0,2,5,3,1,0,1,0,2
35,333.477,2021,"25-34","Male","Maori",4,"Employed",1,0,0,1,3,8,5,"not disabled",5,8,7,3,1,4,3,8,7,7,8,"No",10,3,2,NA,NA,NA,NA,NA,9,0,1,2,2,2,0,0,1,0,1
36,832.2164,2021,"65+","Female","Asian",2,"Employed",1,0,0,2,2,5,6,"not disabled",7,8,7,3,1,4,3,7,9,7,7,"Yes",19,1,1,NA,NA,NA,NA,NA,4,0,0,1,4,6,1,0,3,1,1
37,1615.944,2021,"55-64","Male","European/Other",4,"Not in the labour force",1,0,0,2,3,5,1,"not disabled",10,9,9,4,1,4,5,8,9,4,6,"Yes",20,1,1,NA,NA,NA,NA,NA,3,0,0,1,1,5,0,0,4,1,3
38,1871.112,2021,"55-64","Male","European/Other",3,"Not in the labour force",1,0,0,2,3,5,1,"not disabled",10,8,8,3,1,3,4,4,7,4,5,"Yes",15,1,1,NA,NA,NA,NA,NA,4,0,0,1,2,5,0,0,4,1,3
39,2140.873,2021,"55-64","Female","European/Other",1,"Employed",1,0,0,1,2,5,6,"not disabled",5,6,6,3,1,1,4,6,10,1,0,"Yes",19,2,1,NA,NA,NA,NA,NA,5,0,0,1,1,5,1,0,4,1,1
40,2115.728,2021,"55-64","Male","European/Other",1,"Not in the labour force",1,1,1,3,3,10,1,"not disabled",10,10,8,4,2,4,5,8,6,9,1,"Yes",20,1,2,NA,NA,NA,NA,NA,5,0,0,1,1,5,0,0,4,1,3
41,3741.336,2021,"55-64","Male","European/Other",4,"Employed",0,0,0,2,1,4,5,"not disabled",5,7,5,3,1,4,4,2,3,2,4,"Yes",20,2,2,NA,NA,NA,NA,NA,3,0,1,2,3,5,0,0,4,1,1
42,3099.207,2021,"25-34","Female","European/Other",4,"Employed",0,0,0,3,1,7,4,"not disabled",5,9,9,5,1,5,5,4,10,0,3,"No",18,99,1,NA,NA,NA,NA,NA,9,0,1,1,1,2,1,0,4,0,1
43,3743.211,2021,"45-54","Male","European/Other",1,"Not in the labour force",1,0,0,1,1,4,1,"Disabled",8,7,7,1,1,3,5,8,7,7,6,"Yes",16,1,1,NA,NA,NA,NA,NA,5,0,0,1,1,4,0,1,4,1,3
44,1607.449,2021,"35-44","Male","Maori",2,"Employed",1,0,0,1,3,6,1,"not disabled",7,7,7,3,1,2,2,4,5,0,1,"Yes",17,2,2,NA,NA,NA,NA,NA,8,0,1,3,4,3,0,0,1,1,1
45,6400.557,2021,"55-64","Female","European/Other",4,"Employed",1,0,0,1,3,1,6,"not disabled",10,9,9,4,2,5,5,10,8,8,9,"Yes",19,2,1,NA,NA,NA,NA,NA,2,0,0,1,2,5,1,0,4,1,1
46,2357.847,2021,"65+","Male","European/Other",2,"Not in the labour force",0,0,0,3,1,3,6,"not disabled",7,10,9,5,2,3,4,7,7,1,1,"Yes",18,1,1,NA,NA,NA,NA,NA,8,0,1,1,6,6,0,0,4,1,3
47,21099.87,2021,"35-44","Female","European/Other",4,"Employed",1,1,1,1,2,9,1,"not disabled",7,9,10,4,2,5,5,6,6,3,6,"Yes",15,1,1,NA,NA,NA,NA,NA,8,0,1,2,1,3,1,0,4,1,1
48,10641.72,2021,"65+","Male","European/Other",1,"Employed",1,0,0,2,1,8,1,"not disabled",8,9,10,4,1,3,5,8,9,5,2,"Yes",20,1,1,NA,NA,NA,NA,NA,3,0,0,1,1,6,0,0,4,1,1
49,6388.127,2021,"35-44","Female","European/Other",3,"Not in the labour force",1,1,1,1,3,2,2,"not disabled",7,10,8,3,1,4,5,8,9,8,5,"Yes",17,1,1,NA,NA,NA,NA,NA,3,0,0,1,5,3,1,0,4,1,3
50,6238.577,2021,"35-44","Female","Asian",3,"Employed",0,0,0,2,2,5,6,"not disabled",10,7,8,3,1,3,4,6,7,7,7,"Yes",20,1,2,NA,NA,NA,NA,NA,4,1,1,2,1,3,1,0,3,1,1
51,4290.248,2021,"45-54","Female","European/Other",2,"Employed",1,1,3,1,3,5,1,"not disabled",7,8,8,4,1,2,3,6,8,5,6,"Yes",13,2,2,NA,NA,NA,NA,NA,3,0,0,1,4,4,1,0,4,1,1
52,1118.251,2021,"45-54","Female","Pacific",4,"Employed",0,0,0,2,3,5,2,"not disabled",10,8,7,5,1,4,4,7,8,7,7,"Yes",20,2,1,NA,NA,NA,NA,NA,3,0,0,2,2,4,1,0,2,1,1
53,6307.572,2021,"15-24","Male","European/Other",1,"Employed",0,0,0,3,2,10,3,"not disabled",6,8,10,2,3,5,3,5,7,3,10,"Yes",4,4,1,NA,NA,NA,NA,NA,8,0,0,2,4,1,0,0,4,1,1
54,751.2394,2021,"45-54","Male","Maori",1,"Employed",0,0,0,1,2,8,1,"not disabled",3,2,3,3,1,2,3,0,7,5,5,"Yes",6,2,2,NA,NA,NA,NA,NA,5,0,1,3,3,4,0,0,1,1,1
55,3195.356,2021,"45-54","Male","European/Other",1,"Not in the labour force",1,0,0,1,3,5,1,"Disabled",8,7,7,4,1,5,5,6,7,5,5,"Yes",19,4,1,NA,NA,NA,NA,NA,3,0,0,1,1,4,0,1,4,1,3
56,1631.225,2021,"65+","Male","Pacific",4,"Employed",1,0,0,2,2,10,1,"not disabled",4,8,8,4,1,3,4,6,6,3,8,"Yes",16,2,2,NA,NA,NA,NA,NA,3,0,0,1,4,6,0,0,2,1,1
57,1631.225,2021,"45-54","Male","Pacific",4,"Employed",1,1,2,2,3,3,5,"not disabled",10,9,9,2,1,4,4,9,7,8,8,"No",20,1,1,NA,NA,NA,NA,NA,3,0,0,1,1,4,0,0,2,0,1
58,17042.84,2021,"65+","Male","European/Other",3,"Employed",1,0,0,1,2,2,1,"not disabled",6,6,5,3,1,2,4,4,8,5,7,"Yes",20,2,2,NA,NA,NA,NA,NA,5,1,0,1,1,6,0,0,4,1,1
59,924.4025,2021,"35-44","Female","European/Other",1,"Not in the labour force",1,1,2,1,3,2,1,"not disabled",7,10,10,3,1,3,5,8,10,5,5,"Yes",19,1,1,NA,NA,NA,NA,NA,4,0,0,1,3,3,1,0,4,1,3
60,187.1792,2021,"45-54","Male","Maori",4,"Not in the labour force",1,0,0,1,3,5,1,"not disabled",8,8,10,4,3,5,5,7,7,3,5,"Yes",16,1,1,NA,NA,NA,NA,NA,4,0,0,1,1,4,0,0,1,1,3
61,51.87635,2021,"35-44","Female","Maori",2,"Unemployed",1,1,2,1,2,8,2,"not disabled",7,7,7,2,2,4,4,7,8,5,5,"Yes",12,1,1,NA,NA,NA,NA,NA,8,1,0,1,2,3,1,0,1,1,2
62,171.9389,2021,"55-64","Female","Pacific",1,"Employed",0,0,0,3,2,10,6,"not disabled",9,10,10,4,1,5,4,10,10,10,10,"Yes",11,2,2,NA,NA,NA,NA,NA,3,0,0,1,2,5,1,0,2,1,1
63,14496.11,2021,"25-34","Male","European/Other",3,"Employed",1,1,2,3,3,2,1,"not disabled",8,8,8,3,2,4,5,7,9,3,6,"Yes",11,1,1,NA,NA,NA,NA,NA,5,0,0,1,2,2,0,0,4,1,1
64,2134.058,2021,"25-34","Male","European/Other",4,"Not in the labour force",1,0,0,1,3,4,1,"not disabled",7,9,8,4,1,5,5,7,9,3,2,"Yes",16,2,2,NA,NA,NA,NA,NA,3,0,0,3,4,2,0,0,4,1,3
65,13753.64,2021,"25-34","Male","European/Other",1,"Employed",1,1,4,3,3,9,1,"not disabled",9,7,8,2,3,5,5,7,9,6,8,"Yes",14,2,1,NA,NA,NA,NA,NA,3,0,0,4,3,2,0,0,4,1,1
66,10018.71,2021,"65+","Female","European/Other",2,"Employed",1,0,0,2,1,5,6,"not disabled",7,8,7,3,1,3,4,8,9,5,6,"Yes",19,1,1,NA,NA,NA,NA,NA,8,0,0,1,2,6,1,0,4,1,1
67,3093.085,2021,"15-24","Male","European/Other",1,"Not in the labour force",0,0,0,3,2,4,1,"not disabled",6,8,7,3,1,4,3,7,8,3,6,"Yes",7,99,2,NA,NA,NA,NA,NA,3,0,0,2,2,1,0,0,4,1,3
68,11897.22,2021,"65+","Female","European/Other",1,"Employed",0,0,0,2,1,5,1,"not disabled",10,10,10,2,1,1,5,8,10,7,7,"Yes",18,1,1,NA,NA,NA,NA,NA,3,0,1,2,3,6,1,0,4,1,1
69,11897.22,2021,"65+","Female","European/Other",4,"Employed",0,0,0,2,2,2,1,"not disabled",8,8,8,3,1,2,5,8,7,4,7,"Yes",18,1,1,NA,NA,NA,NA,NA,3,0,0,1,4,6,1,0,4,1,1
70,8301.636,2021,"25-34","Female","European/Other",4,"Employed",0,0,0,3,2,7,1,"not disabled",9,9,9,5,1,3,5,7,7,5,8,"Yes",17,3,1,NA,NA,NA,NA,NA,3,0,0,3,1,2,1,0,4,1,1
71,5460.035,2021,"55-64","Female","European/Other",1,"Not in the labour force",1,0,0,2,3,2,6,"not disabled",10,10,8,3,1,3,5,9,10,6,10,"Yes",18,1,1,NA,NA,NA,NA,NA,3,0,1,1,1,5,1,0,4,1,3
72,2973.13,2021,"25-34","Male","Asian",1,"Employed",0,1,1,3,1,10,1,"not disabled",0,5,10,4,1,5,3,3,0,0,0,"No",7,1,2,NA,NA,NA,NA,NA,3,0,0,1,1,2,0,0,3,0,1
73,4151.167,2021,"65+","Male","Asian",4,"Employed",1,0,0,1,2,10,2,"not disabled",7,7,7,3,1,4,5,7,7,5,7,"Yes",16,1,2,NA,NA,NA,NA,NA,8,0,0,1,2,6,0,0,3,1,1
74,12899.09,2021,"35-44","Male","European/Other",2,"Employed",1,0,0,3,3,9,5,"not disabled",7,8,8,4,1,3,4,9,10,9,10,"No",19,1,1,NA,NA,NA,NA,NA,8,0,0,1,2,3,0,0,4,0,1
75,9731.357,2021,"25-34","Female","European/Other",3,"Employed",0,0,0,3,1,9,1,"not disabled",10,7,7,5,3,5,4,0,0,0,0,"No",18,4,2,NA,NA,NA,NA,NA,3,1,1,1,2,2,1,0,4,0,1
76,12584.5,2021,"15-24","Female","European/Other",1,"Employed",1,1,2,3,2,8,2,"not disabled",5,8,7,3,1,4,5,7,8,4,7,"Yes",9,1,1,NA,NA,NA,NA,NA,9,0,0,2,2,1,1,0,4,1,1
77,2109.995,2021,"35-44","Female","European/Other",2,"Employed",0,1,1,1,1,3,1,"not disabled",3,4,7,2,2,3,4,7,9,5,5,"No",2,3,2,NA,NA,NA,NA,NA,8,0,0,1,3,3,1,0,4,0,1
78,13462.8,2021,"65+","Male","European/Other",1,"Employed",0,0,0,2,3,5,6,"not disabled",5,10,10,4,1,3,5,9,10,7,5,"Yes",20,1,1,NA,NA,NA,NA,NA,3,0,0,1,1,6,0,0,4,1,1
79,2568.609,2021,"55-64","Female","European/Other",1,"Not in the labour force",1,0,0,2,3,1,6,"not disabled",10,7,9,4,1,4,5,6,7,7,6,"Yes",20,1,1,NA,NA,NA,NA,NA,3,1,0,1,1,5,1,0,4,1,3
80,2568.609,2021,"25-34","Female","European/Other",1,"Not in the labour force",1,1,4,3,3,9,1,"not disabled",7,9,10,5,4,5,5,5,9,5,7,"Yes",17,2,1,NA,NA,NA,NA,NA,5,0,0,1,2,2,1,0,4,1,3
81,15639.58,2021,"35-44","Female","European/Other",2,"Employed",1,1,3,3,2,4,4,"not disabled",5,8,9,3,1,4,4,8,10,10,7,"No",14,1,1,NA,NA,NA,NA,NA,8,0,0,2,1,3,1,0,4,0,1
82,9561.396,2021,"35-44","Male","European/Other",4,"Employed",1,1,3,1,3,8,6,"not disabled",3,8,8,3,2,5,5,7,7,5,5,"Yes",13,2,2,NA,NA,NA,NA,NA,4,0,1,2,4,3,0,0,4,1,1
83,844.4471,2021,"45-54","Female","Asian",1,"Employed",1,1,2,1,3,7,1,"Disabled",8,10,8,3,2,4,5,7,10,5,10,"Yes",13,3,2,NA,NA,NA,NA,NA,5,0,0,2,2,4,1,1,3,1,1
84,220.7072,2021,"65+","Female","Asian",4,"Not in the labour force",1,0,0,2,3,5,1,"not disabled",10,10,10,5,1,4,5,7,8,9,5,"Yes",20,1,1,NA,NA,NA,NA,NA,8,0,0,1,2,6,1,0,3,1,3
85,7218.453,2021,"65+","Female","European/Other",1,"Not in the labour force",1,0,0,2,1,6,6,"not disabled",7,7,5,2,1,4,4,7,8,7,6,"Yes",20,1,1,NA,NA,NA,NA,NA,3,0,0,2,3,6,1,0,4,1,3
86,24769.08,2021,"65+","Female","European/Other",2,"Employed",1,0,0,1,3,5,6,"not disabled",7,7,8,2,1,3,4,7,7,6,7,"Yes",20,1,1,NA,NA,NA,NA,NA,3,0,0,1,2,6,1,0,4,1,1
87,2658.929,2021,"35-44","Male","Maori",1,"Employed",0,0,0,1,3,10,1,"not disabled",2,5,5,3,2,2,4,2,7,0,2,"Yes",7,3,1,NA,NA,NA,NA,NA,4,1,0,1,3,3,0,0,1,1,1
88,1482.178,2021,"65+","Female","Asian",1,"Employed",0,0,0,2,1,4,1,"not disabled",5,5,5,3,1,2,4,5,1,5,5,"Yes",12,4,2,NA,NA,NA,NA,NA,3,0,1,2,5,6,1,0,3,1,1
89,3120.535,2021,"35-44","Male","European/Other",1,"Not in the labour force",1,1,2,1,2,5,1,"not disabled",5,7,8,4,2,4,5,8,9,3,5,"Yes",9,1,2,NA,NA,NA,NA,NA,4,1,0,3,2,3,0,0,4,1,3
90,6674.356,2021,"45-54","Female","European/Other",1,"Not in the labour force",1,1,4,1,2,10,1,"not disabled",7,9,8,4,1,2,4,6,9,8,6,"Yes",18,1,1,NA,NA,NA,NA,NA,5,0,0,1,2,4,1,0,4,1,3
91,4305.789,2021,"15-24","Male","European/Other",1,"Employed",0,0,0,3,2,6,1,"not disabled",5,6,8,3,1,3,5,2,7,4,4,"Not Eligible",19,2,1,NA,NA,NA,NA,NA,5,0,1,2,1,1,0,0,4,99,1
92,10551.96,2021,"65+","Male","European/Other",1,"Employed",1,0,0,2,2,6,1,"Disabled",10,10,10,4,1,1,4,8,8,0,0,"Yes",20,1,1,NA,NA,NA,NA,NA,3,0,0,2,1,6,0,1,4,1,1
93,7292.791,2021,"45-54","Female","European/Other",3,"Employed",0,1,3,1,3,3,1,"not disabled",5,9,9,3,1,2,5,7,9,1,2,"Yes",20,2,1,NA,NA,NA,NA,NA,3,1,0,1,2,4,1,0,4,1,1
95,3513.902,2021,"65+","Female","European/Other",2,"Employed",0,0,0,2,1,6,1,"not disabled",10,6,6,5,1,3,4,8,9,7,6,"Yes",20,1,2,NA,NA,NA,NA,NA,3,0,0,2,2,6,1,0,4,1,1
96,7965.014,2021,"65+","Female","European/Other",1,"Employed",0,0,0,3,1,5,6,"Disabled",10,8,8,3,1,5,4,8,8,4,5,"Yes",18,1,1,NA,NA,NA,NA,NA,1,0,0,1,2,6,1,1,4,1,1
97,1191.051,2021,"25-34","Female","Asian",2,"Employed",0,0,0,1,2,6,1,"not disabled",5,7,8,4,1,4,4,7,8,6,6,"No",19,1,1,NA,NA,NA,NA,NA,3,0,0,1,2,2,1,0,3,0,1
98,735.8679,2021,"35-44","Female","Asian",1,"Not in the labour force",1,1,1,1,3,4,1,"not disabled",7,7,7,3,1,3,2,5,8,0,0,"Yes",19,1,1,NA,NA,NA,NA,NA,4,0,1,1,2,3,1,0,3,1,3
99,735.8679,2021,"15-24","Male","Asian",1,"Not in the labour force",0,0,0,3,3,8,1,"not disabled",5,8,8,4,1,5,4,8,8,7,8,"Yes",13,2,2,NA,NA,NA,NA,NA,9,0,1,2,3,1,0,0,3,1,3
100,13231.92,2021,"35-44","Male","European/Other",4,"Employed",1,0,0,3,1,5,5,"not disabled",5,4,7,3,1,2,3,6,6,3,5,"No",13,1,2,NA,NA,NA,NA,NA,8,1,0,1,3,3,0,0,4,0,1
101,1274.723,2021,"45-54","Male","Asian",4,"Employed",1,1,2,1,3,5,2,"not disabled",7,6,7,3,1,4,4,0,8,0,0,"Yes",12,3,1,NA,NA,NA,NA,NA,5,0,1,1,2,4,0,0,3,1,1
102,3698.659,2021,"35-44","Male","European/Other",4,"Employed",0,0,0,3,1,4,6,"not disabled",6,8,8,3,1,4,5,5,9,5,8,"Yes",14,2,1,NA,NA,NA,NA,NA,3,0,0,1,2,3,0,0,4,1,1
103,1665.667,2021,"65+","Female","European/Other",1,"Not in the labour force",0,0,0,3,2,8,1,"not disabled",10,6,6,3,1,2,4,6,7,5,6,"Yes",20,2,1,NA,NA,NA,NA,NA,3,0,1,3,3,6,1,0,4,1,3
104,15626.72,2021,"45-54","Male","European/Other",3,"Employed",1,0,0,1,2,2,1,"not disabled",4,7,8,3,2,2,3,6,8,5,5,"Yes",13,1,2,NA,NA,NA,NA,NA,3,0,1,3,2,4,0,0,4,1,1
105,11384.6,2021,"55-64","Male","European/Other",1,"Employed",1,0,0,2,3,6,1,"not disabled",8,10,10,5,1,5,5,7,9,0,0,"Yes",19,1,1,NA,NA,NA,NA,NA,3,0,0,1,4,5,0,0,4,1,1
106,1387.32,2021,"25-34","Female","Asian",4,"Employed",1,1,3,2,3,9,1,"Disabled",10,5,6,3,2,5,3,3,1,0,6,"No",16,1,1,NA,NA,NA,NA,NA,2,0,0,3,4,2,1,1,3,0,1
107,1449.125,2021,"15-24","Male","Asian",1,"Employed",0,0,0,1,3,2,1,"not disabled",5,8,7,3,2,5,4,6,8,2,6,"Not Eligible",15,99,1,NA,NA,NA,NA,NA,9,0,0,1,4,1,0,0,3,99,1
108,1247.525,2021,"15-24","Male","Asian",1,"Not in the labour force",0,0,0,1,2,5,1,"not disabled",7,8,8,4,1,4,4,8,6,3,4,"Yes",13,3,2,NA,NA,NA,NA,NA,3,1,0,1,1,1,0,0,3,1,3
109,14718.05,2021,"65+","Female","European/Other",4,"Employed",1,0,0,2,2,10,6,"Disabled",8,8,8,4,1,5,5,7,9,4,5,"Yes",19,1,1,NA,NA,NA,NA,NA,8,0,0,1,1,6,1,1,4,1,1
110,4255.112,2021,"55-64","Female","European/Other",1,"Not in the labour force",1,0,0,2,2,2,1,"not disabled",7,5,8,4,1,5,3,4,8,1,5,"Yes",20,1,1,NA,NA,NA,NA,NA,4,0,1,1,1,5,1,0,4,1,3
111,4931.304,2021,"65+","Male","European/Other",1,"Not in the labour force",1,0,0,2,3,6,1,"not disabled",9,7,10,3,1,3,5,5,10,7,5,"No",19,1,2,NA,NA,NA,NA,NA,9,0,0,1,5,6,0,0,4,0,3
112,6808.28,2021,"55-64","Male","European/Other",4,"Employed",0,0,0,2,3,7,2,"not disabled",8,7,8,5,1,4,4,9,9,8,5,"Yes",20,3,2,NA,NA,NA,NA,NA,8,0,0,2,1,5,0,0,4,1,1
113,3289.908,2021,"55-64","Female","European/Other",1,"Employed",1,0,0,1,3,2,1,"not disabled",1,7,10,4,1,1,4,6,6,2,2,"No",15,2,2,NA,NA,NA,NA,NA,9,0,1,2,3,5,1,0,4,0,1
114,1218.05,2021,"65+","Male","Asian",3,"Employed",0,0,0,2,2,10,1,"not disabled",4,8,8,5,3,5,3,5,2,0,0,"Yes",9,3,2,NA,NA,NA,NA,NA,4,0,1,2,3,6,0,0,3,1,1
115,9845.4,2021,"45-54","Female","European/Other",1,"Employed",1,0,0,2,3,9,1,"not disabled",7,7,8,3,4,5,5,8,8,5,7,"Yes",15,1,1,NA,NA,NA,NA,NA,3,1,0,2,3,4,1,0,4,1,1
116,3289.908,2021,"65+","Male","European/Other",4,"Employed",0,0,0,2,1,5,1,"not disabled",6,7,10,3,1,3,5,8,9,6,6,"Yes",18,1,1,NA,NA,NA,NA,NA,4,0,0,3,4,6,0,0,4,1,1
117,19151.94,2021,"45-54","Male","European/Other",3,"Employed",1,0,0,2,3,6,1,"not disabled",10,10,10,5,1,3,5,8,10,2,5,"Yes",20,1,1,NA,NA,NA,NA,NA,8,0,0,1,1,4,0,0,4,1,1
118,1507.429,2021,"35-44","Female","European/Other",4,"Not in the labour force",0,0,0,2,3,9,1,"not disabled",8,7,7,4,1,3,4,7,8,4,5,"Yes",20,99,1,NA,NA,NA,NA,NA,9,0,0,2,2,3,1,0,4,1,3
120,18393.65,2021,"35-44","Female","European/Other",2,"Employed",0,0,0,1,1,10,1,"not disabled",7,6,7,2,1,1,4,0,0,5,6,"No",4,4,1,NA,NA,NA,NA,NA,8,0,1,3,4,3,1,0,4,0,1
121,4244.958,2021,"55-64","Female","European/Other",4,"Not in the labour force",0,0,0,2,1,10,2,"not disabled",5,5,10,4,1,3,1,5,4,0,4,"Yes",13,1,1,NA,NA,NA,NA,NA,8,0,0,1,1,5,1,0,4,1,3
122,9096.226,2021,"25-34","Female","European/Other",1,"Employed",0,0,0,3,1,8,1,"Disabled",2,2,2,4,2,3,3,2,8,8,9,"No",9,4,3,NA,NA,NA,NA,NA,9,1,1,3,5,2,1,1,4,0,1
123,2017.217,2021,"35-44","Female","European/Other",2,"Not in the labour force",0,0,0,1,1,7,6,"not disabled",0,5,6,2,1,3,3,5,1,8,5,"Yes",2,4,2,NA,NA,NA,NA,NA,4,1,0,3,4,3,1,0,4,1,3
124,5212.354,2021,"45-54","Male","European/Other",4,"Employed",0,0,0,2,2,5,1,"not disabled",8,9,9,3,3,4,5,8,8,3,8,"Yes",20,1,1,NA,NA,NA,NA,NA,3,0,0,2,1,4,0,0,4,1,1
125,5069.009,2021,"35-44","Male","European/Other",4,"Employed",1,1,2,1,2,2,1,"not disabled",5,8,8,4,1,4,5,7,9,5,5,"Yes",17,2,1,NA,NA,NA,NA,NA,3,0,0,1,1,3,0,0,4,1,1
126,9710.951,2021,"65+","Female","European/Other",3,"Employed",1,0,0,2,1,5,2,"not disabled",8,9,10,4,1,4,5,7,8,1,10,"Yes",18,1,1,NA,NA,NA,NA,NA,8,0,0,1,2,6,1,0,4,1,1
127,11113.38,2021,"45-54","Male","European/Other",4,"Employed",1,1,1,1,3,4,1,"not disabled",5,8,9,4,2,3,4,5,7,2,1,"Yes",18,1,1,NA,NA,NA,NA,NA,3,1,1,1,2,4,0,0,4,1,1
128,411.3497,2021,"65+","Male","Asian",4,"Not in the labour force",0,0,0,2,3,4,1,"not disabled",10,9,10,4,3,2,4,5,7,5,4,"Yes",20,2,2,NA,NA,NA,NA,NA,3,0,1,1,2,6,0,0,3,1,3
129,17759.38,2021,"55-64","Female","European/Other",2,"Employed",0,0,0,3,1,9,2,"not disabled",7,5,7,1,1,2,4,0,10,0,5,"Yes",16,4,3,NA,NA,NA,NA,NA,8,0,0,3,5,5,1,0,4,1,1
130,662.8489,2021,"65+","Male","Asian",3,"Employed",1,0,0,1,2,4,2,"not disabled",8,8,10,3,2,4,4,5,8,2,5,"Yes",12,2,1,NA,NA,NA,NA,NA,3,0,0,3,2,6,0,0,3,1,1
131,13141.51,2021,"65+","Female","European/Other",4,"Employed",0,0,0,1,2,2,2,"not disabled",7,8,8,2,2,5,5,8,10,5,8,"Yes",20,1,1,NA,NA,NA,NA,NA,3,0,0,1,2,6,1,0,4,1,1
132,3456.027,2021,"45-54","Male","European/Other",1,"Not in the labour force",1,0,0,2,3,2,6,"not disabled",5,8,7,3,1,4,4,8,9,7,9,"Yes",14,3,2,NA,NA,NA,NA,NA,4,0,0,1,2,4,0,0,4,1,3
133,3937.541,2021,"65+","Male","European/Other",2,"Employed",0,0,0,3,1,7,3,"not disabled",5,10,9,3,1,4,3,5,10,7,1,"Yes",9,1,1,NA,NA,NA,NA,NA,5,0,0,2,2,6,0,0,4,1,1
134,2842.583,2021,"15-24","Female","Maori",1,"Employed",0,0,0,2,3,4,4,"not disabled",10,10,10,5,2,5,3,5,10,7,6,"Not Eligible",10,2,2,NA,NA,NA,NA,NA,4,0,0,3,3,1,1,0,1,99,1
135,7503.244,2021,"35-44","Female","European/Other",2,"Employed",1,1,1,1,3,10,6,"not disabled",9,9,10,3,1,3,4,8,8,7,8,"Yes",13,4,1,NA,NA,NA,NA,NA,9,0,0,3,4,3,1,0,4,1,1
136,6021.568,2021,"55-64","Male","Asian",2,"Employed",1,0,0,2,3,1,6,"not disabled",3,8,7,4,1,3,5,7,7,7,7,"Yes",16,1,1,NA,NA,NA,NA,NA,4,0,0,1,2,5,0,0,3,1,1
137,862.4892,2021,"55-64","Female","Asian",3,"Employed",1,0,0,2,2,1,2,"not disabled",9,7,5,2,1,4,4,6,9,6,6,"Yes",20,1,1,NA,NA,NA,NA,NA,3,0,0,2,3,5,1,0,3,1,1
138,74.58604,2021,"35-44","Male","European/Other",3,"Unemployed",1,1,3,1,3,3,6,"not disabled",5,9,8,3,2,4,5,7,9,5,5,"Yes",10,1,2,NA,NA,NA,NA,NA,3,0,0,2,2,3,0,0,4,1,2
139,680.9493,2021,"65+","Female","Asian",1,"Employed",0,0,0,2,1,10,1,"not disabled",5,10,10,2,2,5,4,6,6,5,6,"Yes",12,2,2,NA,NA,NA,NA,NA,5,1,0,1,3,6,1,0,3,1,1
140,662.7398,2021,"25-34","Male","Maori",2,"Employed",1,1,1,2,3,1,4,"not disabled",8,8,9,4,1,3,3,7,8,10,9,"Yes",13,1,1,NA,NA,NA,NA,NA,8,0,0,1,3,2,0,0,1,1,1
141,11437.78,2021,"65+","Male","European/Other",1,"Employed",0,0,0,3,1,7,1,"not disabled",5,10,10,3,1,5,3,7,10,3,8,"Yes",15,3,2,NA,NA,NA,NA,NA,8,0,0,1,1,6,0,0,4,1,1
142,1764.809,2021,"35-44","Female","European/Other",1,"Not in the labour force",1,1,2,1,3,5,3,"not disabled",6,8,10,4,1,4,5,8,7,2,1,"Yes",17,1,1,NA,NA,NA,NA,NA,3,0,0,1,3,3,1,0,4,1,3
143,11604.84,2021,"45-54","Female","European/Other",2,"Employed",1,0,0,1,2,7,1,"Disabled",10,6,7,2,1,4,5,7,8,5,4,"No",19,99,2,NA,NA,NA,NA,NA,9,0,0,1,2,4,1,1,4,0,1
144,15660.04,2021,"45-54","Male","European/Other",4,"Employed",1,1,1,1,3,8,5,"not disabled",8,8,8,3,1,5,3,7,10,8,9,"Yes",8,3,2,NA,NA,NA,NA,NA,1,0,0,2,1,4,0,0,4,1,1
146,14324.34,2021,"35-44","Male","European/Other",3,"Employed",0,1,1,1,2,9,1,"not disabled",8,7,7,2,2,4,4,7,10,5,6,"Yes",15,1,1,NA,NA,NA,NA,NA,5,1,1,1,4,3,0,0,4,1,1
147,17795.49,2021,"65+","Female","European/Other",3,"Employed",1,0,0,2,3,3,1,"not disabled",10,8,10,4,1,1,2,5,7,0,0,"Yes",20,1,1,NA,NA,NA,NA,NA,5,0,0,1,1,6,1,0,4,1,1
148,9029.79,2021,"55-64","Male","European/Other",1,"Employed",1,1,1,2,3,9,1,"not disabled",9,10,8,4,1,4,4,7,10,5,8,"Yes",16,2,2,NA,NA,NA,NA,NA,5,1,0,1,1,5,0,0,4,1,1
149,4631.605,2021,"55-64","Female","Asian",4,"Employed",1,0,0,1,1,4,2,"not disabled",0,10,10,5,2,2,5,6,9,1,2,"Yes",20,1,1,NA,NA,NA,NA,NA,5,0,0,1,1,5,1,0,3,1,1
150,1827.876,2021,"55-64","Female","Asian",2,"Employed",0,0,0,2,2,4,1,"not disabled",6,10,6,2,2,2,4,5,10,5,6,"Yes",11,1,2,NA,NA,NA,NA,NA,4,0,0,1,1,5,1,0,3,1,1
151,1827.876,2021,"55-64","Male","Asian",3,"Employed",0,0,0,2,1,7,1,"not disabled",2,8,7,3,1,3,3,1,1,2,3,"Yes",8,3,1,NA,NA,NA,NA,NA,3,0,1,1,5,5,0,0,3,1,1
152,2165.902,2021,"55-64","Female","European/Other",2,"Not in the labour force",1,0,0,1,3,9,1,"not disabled",9,8,8,4,1,2,4,6,7,7,9,"Yes",12,2,2,NA,NA,NA,NA,NA,1,0,0,1,3,5,1,0,4,1,3
153,17538.14,2021,"65+","Male","European/Other",1,"Employed",0,0,0,2,1,10,1,"not disabled",7,7,6,3,1,3,3,5,7,4,6,"Yes",18,1,1,NA,NA,NA,NA,NA,3,0,0,2,3,6,0,0,4,1,1
154,1967.197,2021,"65+","Female","Pacific",4,"Employed",0,0,0,2,1,6,6,"not disabled",5,7,8,3,1,1,5,7,7,5,5,"Yes",18,1,1,NA,NA,NA,NA,NA,4,0,0,2,5,6,1,0,2,1,1
155,234.8279,2021,"25-34","Male","Pacific",4,"Not in the labour force",1,1,2,3,3,8,5,"not disabled",4,10,10,2,1,5,3,4,8,8,8,"Yes",7,2,2,NA,NA,NA,NA,NA,1,0,1,2,1,2,0,0,2,1,3
156,689.0036,2021,"45-54","Female","Maori",3,"Employed",1,1,2,3,3,10,1,"not disabled",10,3,8,1,3,4,5,0,5,0,0,"Yes",7,3,2,NA,NA,NA,NA,NA,1,0,1,3,2,4,1,0,1,1,1
157,8967.376,2021,"25-34","Female","European/Other",1,"Employed",1,1,2,3,2,3,1,"not disabled",5,6,7,3,1,4,5,6,7,3,5,"No",6,3,1,NA,NA,NA,NA,NA,3,1,0,3,3,2,1,0,4,0,1
158,2779.35,2021,"25-34","Female","European/Other",1,"Not in the labour force",0,0,0,3,1,9,1,"not disabled",9,5,7,4,3,4,5,7,9,5,7,"Yes",9,1,1,NA,NA,NA,NA,NA,8,1,0,2,3,2,1,0,4,1,3
159,13706.69,2021,"35-44","Female","European/Other",2,"Employed",1,1,2,1,2,1,6,"not disabled",3,7,7,3,2,3,4,8,8,5,6,"No",17,1,1,NA,NA,NA,NA,NA,9,0,0,3,3,3,1,0,4,0,1
160,1613.51,2021,"65+","Male","Asian",3,"Employed",1,0,0,1,3,3,6,"Disabled",8,7,4,1,1,2,5,8,10,7,8,"Yes",18,1,1,NA,NA,NA,NA,NA,8,0,0,1,3,6,0,1,3,1,1
161,192.6872,2021,"25-34","Female","Asian",4,"Unemployed",1,1,4,1,2,6,1,"not disabled",7,8,8,3,2,3,4,8,9,5,7,"Yes",10,2,2,NA,NA,NA,NA,NA,4,0,0,1,3,2,1,0,3,1,2
162,4568.91,2021,"25-34","Male","European/Other",4,"Employed",0,1,2,1,1,5,1,"not disabled",7,5,7,4,1,4,5,5,9,3,5,"Yes",8,2,1,NA,NA,NA,NA,NA,3,0,0,1,3,2,0,0,4,1,1
163,4568.91,2021,"35-44","Male","European/Other",4,"Employed",0,1,1,1,1,5,5,"not disabled",6,8,7,5,1,2,4,8,8,6,8,"Yes",16,1,1,NA,NA,NA,NA,NA,8,0,0,1,1,3,0,0,4,1,1
164,2707.857,2021,"65+","Female","European/Other",1,"Employed",1,0,0,2,1,6,2,"not disabled",5,9,9,4,1,1,5,10,10,1,4,"Yes",13,3,1,NA,NA,NA,NA,NA,5,0,0,1,2,6,1,0,4,1,1
165,2924.008,2021,"65+","Male","European/Other",1,"Employed",0,0,0,2,1,8,1,"not disabled",8,6,6,4,1,4,5,8,8,6,6,"Yes",14,3,1,NA,NA,NA,NA,NA,3,0,0,3,4,6,0,0,4,1,1
166,2179.559,2021,"35-44","Male","Maori",4,"Employed",1,1,2,1,2,6,1,"not disabled",8,8,8,3,2,5,3,5,7,3,3,"Yes",18,2,1,NA,NA,NA,NA,NA,5,0,0,1,1,3,0,0,1,1,1
167,4194.121,2021,"65+","Male","European/Other",1,"Employed",1,0,0,2,1,1,1,"Disabled",4,4,9,3,1,1,5,8,9,7,8,"Yes",17,2,1,NA,NA,NA,NA,NA,4,0,0,1,2,6,0,1,4,1,1
168,5432.042,2021,"35-44","Male","European/Other",3,"Employed",0,1,1,1,3,8,6,"not disabled",8,10,10,5,1,4,4,0,1,0,1,"Yes",14,1,1,NA,NA,NA,NA,NA,8,0,1,1,2,3,0,0,4,1,1
169,1895.455,2021,"65+","Male","European/Other",2,"Employed",1,0,0,2,1,1,5,"not disabled",8,9,10,4,1,2,4,7,8,3,3,"Yes",20,1,1,NA,NA,NA,NA,NA,3,0,0,1,2,6,0,0,4,1,1
170,567.0516,2021,"25-34","Male","Maori",1,"Employed",1,1,4,3,2,1,1,"not disabled",2,7,9,3,2,2,4,6,10,1,3,"Yes",12,1,1,NA,NA,NA,NA,NA,9,0,0,1,3,2,0,0,1,1,1
171,567.0516,2021,"65+","Male","Maori",3,"Employed",1,0,0,2,1,6,2,"not disabled",8,9,10,4,1,1,5,6,10,3,8,"Yes",16,2,1,NA,NA,NA,NA,NA,8,0,0,1,3,6,0,0,1,1,1
172,662.0494,2021,"45-54","Male","Asian",3,"Not in the labour force",0,0,0,1,2,5,1,"not disabled",7,7,6,3,2,4,3,6,6,6,7,"Yes",12,2,1,NA,NA,NA,NA,NA,2,0,1,3,3,4,0,0,3,1,3
173,2860.047,2021,"45-54","Female","European/Other",4,"Not in the labour force",1,0,0,1,3,4,1,"not disabled",9,8,9,4,1,4,5,8,8,6,6,"Yes",19,1,1,NA,NA,NA,NA,NA,4,1,0,2,2,4,1,0,4,1,3
174,2860.047,2021,"65+","Male","European/Other",1,"Not in the labour force",0,0,0,3,1,10,1,"Disabled",7,7,10,2,1,1,3,6,5,1,1,"No",7,3,1,NA,NA,NA,NA,NA,5,0,0,1,2,6,0,1,4,0,3
175,969.6224,2021,"45-54","Male","Asian",3,"Employed",1,1,3,2,3,6,1,"not disabled",8,10,10,5,2,3,5,9,8,1,5,"Yes",20,1,1,NA,NA,NA,NA,NA,8,0,0,1,1,4,0,0,3,1,1
177,4512.784,2021,"65+","Male","European/Other",1,"Employed",1,0,0,2,1,9,1,"not disabled",6,10,10,4,1,5,4,9,7,6,8,"Yes",14,3,2,NA,NA,NA,NA,NA,8,0,1,1,1,6,0,0,4,1,1
178,7334.242,2021,"35-44","Male","Asian",1,"Employed",1,1,2,3,3,9,1,"not disabled",10,7,7,5,2,4,4,7,9,0,5,"Yes",20,2,2,NA,NA,NA,NA,NA,3,1,0,1,2,3,0,0,3,1,1
179,1066.853,2021,"25-34","Female","Asian",2,"Employed",1,1,2,1,3,9,2,"not disabled",2,8,8,4,1,2,4,6,5,3,2,"Yes",14,1,2,NA,NA,NA,NA,NA,4,0,1,2,5,2,1,0,3,1,1
180,12637.88,2021,"65+","Male","European/Other",4,"Employed",0,0,0,2,1,9,6,"not disabled",8,7,8,4,1,4,4,9,9,4,7,"Yes",19,1,1,NA,NA,NA,NA,NA,8,0,1,2,3,6,0,0,4,1,1
181,1605.263,2021,"65+","Female","European/Other",2,"Not in the labour force",0,0,0,2,1,8,1,"Disabled",4,7,7,3,1,1,5,7,10,0,5,"Yes",20,1,1,NA,NA,NA,NA,NA,8,0,0,2,2,6,1,1,4,1,3
182,2257.89,2021,"35-44","Female","Asian",4,"Employed",1,1,2,1,3,3,6,"not disabled",6,7,5,3,1,3,3,6,9,3,6,"Yes",15,3,1,NA,NA,NA,NA,NA,4,0,1,2,4,3,1,0,3,1,1
183,10447.11,2021,"65+","Female","European/Other",1,"Employed",0,0,0,3,2,8,1,"not disabled",5,6,6,2,1,1,3,4,9,7,6,"Yes",14,1,1,NA,NA,NA,NA,NA,4,0,1,1,5,6,1,0,4,1,1
184,781.9372,2021,"45-54","Female","Asian",4,"Employed",0,0,0,1,3,3,6,"not disabled",8,8,9,3,1,3,3,7,0,6,5,"Yes",20,1,1,NA,NA,NA,NA,NA,4,0,1,3,6,4,1,0,3,1,1
185,975.4602,2021,"55-64","Female","European/Other",2,"Not in the labour force",0,0,0,1,1,6,1,"not disabled",7,9,9,5,1,1,4,7,10,0,6,"Yes",17,1,1,NA,NA,NA,NA,NA,8,0,0,1,4,5,1,0,4,1,3
186,4893.944,2021,"45-54","Male","European/Other",4,"Not in the labour force",0,0,0,1,1,6,1,"not disabled",5,7,5,4,3,5,5,7,9,7,8,"Yes",8,2,2,NA,NA,NA,NA,NA,3,0,0,1,5,4,0,0,4,1,3
187,1482.693,2021,"45-54","Female","European/Other",1,"Employed",1,1,1,1,3,3,1,"not disabled",5,8,7,1,1,4,5,7,8,6,5,"No",20,1,1,NA,NA,NA,NA,NA,9,1,0,1,3,4,1,0,4,0,1
188,1063.487,2021,"25-34","Female","European/Other",4,"Not in the labour force",1,0,0,1,2,8,1,"not disabled",8,6,4,4,1,4,5,7,3,7,7,"Yes",20,2,2,NA,NA,NA,NA,NA,3,0,0,3,6,2,1,0,4,1,3
189,22036.87,2021,"55-64","Male","European/Other",1,"Employed",0,0,0,3,1,8,2,"Disabled",5,10,10,2,1,4,2,0,4,0,2,"Yes",9,4,2,NA,NA,NA,NA,NA,8,0,0,3,3,5,0,1,4,1,1
190,2209.958,2021,"25-34","Male","European/Other",1,"Not in the labour force",1,0,0,2,3,4,6,"not disabled",9,4,7,5,1,4,5,10,10,8,8,"No",13,4,2,NA,NA,NA,NA,NA,3,0,0,2,3,2,0,0,4,0,3
191,3383.868,2021,"35-44","Male","European/Other",3,"Employed",0,1,1,3,1,4,1,"not disabled",6,5,7,4,1,5,4,5,9,5,5,"Yes",4,2,1,NA,NA,NA,NA,NA,3,0,0,2,2,3,0,0,4,1,1
192,1035.741,2021,"45-54","Female","Maori",2,"Employed",1,0,0,1,2,4,1,"not disabled",6,5,5,3,1,5,4,9,10,3,1,"Yes",20,1,1,NA,NA,NA,NA,NA,4,0,1,3,6,4,1,0,1,1,1
193,3427.109,2021,"55-64","Female","European/Other",2,"Employed",0,0,0,3,1,5,1,"not disabled",10,10,10,2,1,5,4,0,10,0,5,"No",5,1,2,NA,NA,NA,NA,NA,5,1,0,1,2,5,1,0,4,0,1
194,3427.109,2021,"55-64","Female","European/Other",1,"Employed",0,0,0,3,1,7,1,"not disabled",5,8,10,4,1,5,4,2,5,3,0,"Yes",11,2,1,NA,NA,NA,NA,NA,5,0,0,3,3,5,1,0,4,1,1
195,1371.379,2021,"25-34","Male","Asian",3,"Not in the labour force",1,1,1,1,3,6,6,"not disabled",4,9,8,4,1,2,5,8,10,7,8,"Yes",20,1,1,NA,NA,NA,NA,NA,8,0,0,1,1,2,0,0,3,1,3
196,2598.285,2021,"45-54","Female","Asian",1,"Employed",0,0,0,3,2,5,1,"not disabled",7,7,7,3,1,2,3,6,8,5,8,"Yes",11,3,1,NA,NA,NA,NA,NA,4,0,0,3,3,4,1,0,3,1,1
197,2371.825,2021,"25-34","Male","Asian",2,"Employed",1,0,0,3,2,8,5,"not disabled",4,10,10,3,1,4,4,10,10,5,10,"Yes",12,2,2,NA,NA,NA,NA,NA,9,0,0,1,2,2,0,0,3,1,1
198,1061.045,2021,"65+","Male","Maori",3,"Not in the labour force",1,0,0,2,3,6,1,"not disabled",8,10,10,4,1,3,5,5,8,3,8,"Yes",20,1,1,NA,NA,NA,NA,NA,8,0,0,1,1,6,0,0,1,1,3
199,6883.918,2021,"55-64","Male","European/Other",4,"Employed",0,0,0,2,3,1,2,"not disabled",10,8,8,4,1,4,5,8,9,6,7,"Yes",20,1,1,NA,NA,NA,NA,NA,9,0,0,1,1,5,0,0,4,1,1
200,96.20105,2021,"65+","Male","European/Other",2,"Unemployed",1,0,0,3,1,9,6,"Disabled",7,8,8,4,1,3,4,8,9,7,8,"Yes",9,2,1,NA,NA,NA,NA,NA,8,0,1,2,3,6,0,1,4,1,2
201,5955.679,2021,"55-64","Female","European/Other",3,"Employed",1,0,0,2,3,4,1,"not disabled",8,9,10,5,1,3,5,7,9,2,5,"Yes",20,1,1,NA,NA,NA,NA,NA,4,0,0,1,1,5,1,0,4,1,1
202,414.451,2021,"55-64","Female","Asian",4,"Not in the labour force",1,1,2,1,3,3,6,"Disabled",3,9,9,5,1,4,5,9,9,5,5,"Yes",17,1,1,NA,NA,NA,NA,NA,4,0,0,1,3,5,1,1,3,1,3
203,1909.797,2021,"15-24","Female","Asian",1,"Employed",0,0,0,3,2,5,1,"not disabled",5,9,10,4,2,5,5,7,8,7,7,"Yes",17,2,2,NA,NA,NA,NA,NA,5,0,0,1,1,1,1,0,3,1,1
204,2696.829,2021,"65+","Male","European/Other",4,"Employed",0,0,0,2,1,7,1,"not disabled",8,10,10,4,1,2,5,8,9,7,7,"Yes",16,2,2,NA,NA,NA,NA,NA,3,1,0,1,3,6,0,0,4,1,1
205,13953.81,2021,"35-44","Female","European/Other",1,"Employed",1,1,3,1,3,9,1,"not disabled",7,7,8,5,1,5,5,7,9,1,6,"Yes",13,1,1,NA,NA,NA,NA,NA,5,0,0,1,1,3,1,0,4,1,1
206,5163.378,2021,"55-64","Male","European/Other",4,"Employed",1,0,0,2,2,2,1,"not disabled",5,7,6,3,2,4,4,6,8,5,7,"Yes",18,3,2,NA,NA,NA,NA,NA,3,0,0,1,2,5,0,0,4,1,1
207,3887.704,2021,"35-44","Female","European/Other",4,"Employed",1,1,2,1,3,2,1,"not disabled",8,0,9,4,2,5,5,8,7,6,7,"Yes",18,1,1,NA,NA,NA,NA,NA,3,0,0,2,2,3,1,0,4,1,1
208,1243.086,2021,"15-24","Female","European/Other",1,"Not in the labour force",0,0,0,1,2,3,1,"not disabled",3,5,7,4,2,4,5,7,8,5,7,"Not Eligible",14,1,3,NA,NA,NA,NA,NA,3,0,1,3,3,1,1,0,4,99,3
209,3004,2021,"45-54","Male","European/Other",1,"Employed",1,0,0,2,2,2,1,"not disabled",5,6,7,4,1,5,5,8,9,7,4,"Yes",10,4,2,NA,NA,NA,NA,NA,3,0,1,1,4,4,0,0,4,1,1
210,2361.393,2021,"45-54","Female","European/Other",3,"Employed",1,1,1,1,3,1,1,"not disabled",3,8,8,4,1,3,5,5,9,2,6,"Yes",18,1,1,NA,NA,NA,NA,NA,8,0,0,1,4,4,1,0,4,1,1
211,3126.454,2021,"65+","Female","Asian",1,"Employed",0,0,0,2,1,7,6,"not disabled",5,5,7,4,2,5,5,7,1,0,2,"Yes",18,1,1,NA,NA,NA,NA,NA,8,0,0,2,4,6,1,0,3,1,1
212,4034.253,2021,"35-44","Male","European/Other",4,"Employed",0,1,2,1,3,4,1,"not disabled",6,7,8,3,1,4,5,8,10,6,1,"Yes",14,1,1,NA,NA,NA,NA,NA,5,0,1,1,4,3,0,0,4,1,1
213,2370.398,2021,"15-24","Female","European/Other",1,"Not in the labour force",0,0,0,3,3,7,1,"not disabled",7,8,8,5,1,4,5,6,8,5,7,"Not Eligible",18,1,1,NA,NA,NA,NA,NA,4,0,0,2,3,1,1,0,4,99,3
214,4679.833,2021,"35-44","Male","Asian",1,"Employed",0,1,2,3,1,10,1,"not disabled",2,5,8,2,3,5,5,8,8,5,4,"Yes",4,4,3,NA,NA,NA,NA,NA,9,0,0,5,5,3,0,0,3,1,1
215,21576.96,2021,"25-34","Male","European/Other",4,"Employed",1,0,0,1,3,2,1,"not disabled",10,10,10,4,2,5,5,7,10,7,7,"Yes",19,4,1,NA,NA,NA,NA,NA,3,0,1,2,1,2,0,0,4,1,1
216,189.2664,2021,"15-24","Female","European/Other",1,"Unemployed",0,0,0,2,3,6,1,"not disabled",7,8,8,4,2,4,4,6,8,5,5,"Not Eligible",15,1,1,NA,NA,NA,NA,NA,8,0,0,1,2,1,1,0,4,99,2
217,187.6544,2021,"65+","Male","Asian",3,"Not in the labour force",0,0,0,3,1,9,2,"Disabled",10,10,8,4,1,3,5,8,9,8,9,"Yes",20,3,1,NA,NA,NA,NA,NA,3,0,0,1,2,6,0,1,3,1,3
218,7116.717,2021,"45-54","Female","European/Other",4,"Employed",0,0,0,2,2,4,1,"not disabled",7,8,8,3,1,1,2,7,4,3,4,"Yes",12,1,1,NA,NA,NA,NA,NA,3,0,1,3,1,4,1,0,4,1,1
219,52.02877,2021,"65+","Male","Pacific",4,"Unemployed",1,0,0,2,3,3,1,"not disabled",8,10,8,4,1,5,5,7,7,7,7,"Yes",18,2,1,NA,NA,NA,NA,NA,8,0,0,3,2,6,0,0,2,1,2
220,223.9346,2021,"65+","Female","Pacific",1,"Not in the labour force",0,0,0,2,3,1,6,"not disabled",10,10,10,4,1,3,4,5,10,6,8,"Yes",20,1,1,NA,NA,NA,NA,NA,4,1,0,1,1,6,1,0,2,1,3
221,148.189,2021,"45-54","Female","Pacific",4,"Not in the labour force",1,0,0,1,3,5,1,"not disabled",7,8,8,3,2,4,4,9,8,4,4,"Yes",12,2,1,NA,NA,NA,NA,NA,8,0,0,1,3,4,1,0,2,1,3
222,4820.86,2021,"45-54","Male","European/Other",3,"Employed",1,0,0,2,3,6,1,"not disabled",10,10,10,5,1,3,5,8,10,2,5,"Yes",20,1,1,NA,NA,NA,NA,NA,8,0,0,1,1,4,0,0,4,1,1
223,2181.3,2021,"55-64","Female","European/Other",3,"Employed",0,0,0,3,2,3,1,"not disabled",8,5,5,2,1,2,3,5,3,0,0,"Yes",17,2,2,NA,NA,NA,NA,NA,4,0,1,2,2,5,1,0,4,1,1
224,551.3388,2021,"65+","Female","Maori",3,"Employed",1,0,0,2,2,3,6,"not disabled",8,9,10,4,1,3,4,8,7,6,5,"Yes",18,1,1,NA,NA,NA,NA,NA,3,0,0,1,2,6,1,0,1,1,1
225,712.5725,2021,"35-44","Male","Asian",4,"Employed",0,0,0,1,3,7,2,"not disabled",6,8,8,3,1,5,5,8,8,5,7,"Yes",18,1,1,NA,NA,NA,NA,NA,4,1,1,3,2,3,0,0,3,1,1
226,516.949,2021,"35-44","Male","Asian",1,"Employed",1,1,1,1,3,9,2,"not disabled",5,9,9,3,1,4,5,7,10,0,5,"Yes",12,1,2,NA,NA,NA,NA,NA,3,0,0,2,2,3,0,0,3,1,1
227,622.5051,2021,"25-34","Male","Maori",2,"Not in the labour force",1,1,3,1,2,9,5,"not disabled",10,6,8,4,1,3,3,7,7,8,8,"No",6,3,2,NA,NA,NA,NA,NA,8,1,0,1,2,2,0,0,1,0,3
228,2679.996,2021,"15-24","Male","European/Other",1,"Not in the labour force",0,0,0,1,3,5,1,"Disabled",3,7,4,3,1,3,4,4,7,6,5,"Not Eligible",18,1,1,NA,NA,NA,NA,NA,3,0,1,2,3,1,0,1,4,99,3
229,542.0219,2021,"55-64","Female","Pacific",2,"Not in the labour force",1,0,0,1,3,8,6,"not disabled",10,10,10,5,1,4,4,8,10,10,10,"Yes",19,2,1,NA,NA,NA,NA,NA,8,0,0,1,2,5,1,0,2,1,3
230,2210.609,2021,"45-54","Male","Asian",1,"Employed",1,0,0,1,3,3,1,"not disabled",7,8,8,4,1,4,4,7,7,2,5,"Yes",19,1,1,NA,NA,NA,NA,NA,3,0,1,1,2,4,0,0,3,1,1
231,426.1718,2021,"65+","Male","Asian",2,"Employed",0,0,0,2,1,7,1,"not disabled",4,0,7,5,1,1,3,1,5,0,0,"No",14,1,1,NA,NA,NA,NA,NA,3,1,0,2,4,6,0,0,3,0,1
232,708.9229,2021,"65+","Female","Pacific",2,"Employed",0,0,0,3,1,3,6,"Disabled",4,0,2,1,2,3,5,7,10,3,6,"Yes",0,4,1,NA,NA,NA,NA,NA,3,0,0,4,2,6,1,1,2,1,1
233,1603.653,2021,"25-34","Female","Pacific",2,"Employed",1,1,2,3,2,8,1,"not disabled",7,10,10,3,2,4,5,5,7,5,5,"No",17,2,2,NA,NA,NA,NA,NA,1,0,0,1,4,2,1,0,2,0,1
234,3409.164,2021,"45-54","Female","European/Other",2,"Employed",1,1,1,1,3,7,3,"not disabled",7,8,9,4,1,2,5,7,9,3,6,"Yes",18,1,1,NA,NA,NA,NA,NA,3,0,0,1,1,4,1,0,4,1,1
235,620.7066,2021,"55-64","Female","Asian",2,"Employed",1,0,0,1,3,1,1,"not disabled",4,8,7,4,1,1,3,7,8,4,4,"Yes",14,1,1,NA,NA,NA,NA,NA,3,0,0,1,3,5,1,0,3,1,1
236,1391.662,2021,"65+","Male","Asian",4,"Not in the labour force",0,0,0,2,1,5,1,"not disabled",8,7,8,3,1,3,5,4,8,3,6,"Yes",16,2,2,NA,NA,NA,NA,NA,3,0,0,3,3,6,0,0,3,1,3
237,85.1556,2021,"45-54","Male","Pacific",4,"Not in the labour force",1,0,0,3,3,5,6,"not disabled",10,8,7,4,1,5,4,7,8,8,7,"Yes",20,1,1,NA,NA,NA,NA,NA,3,0,0,1,2,4,0,0,2,1,3
238,472.8695,2021,"65+","Female","Maori",2,"Not in the labour force",0,0,0,2,1,8,1,"not disabled",8,4,7,3,1,3,4,7,6,4,3,"No",20,2,1,NA,NA,NA,NA,NA,3,1,0,3,3,6,1,0,1,0,3
239,2418.813,2021,"65+","Female","European/Other",4,"Employed",1,0,0,2,2,9,1,"Disabled",5,7,6,3,1,3,4,8,7,6,7,"Yes",15,2,1,NA,NA,NA,NA,NA,3,0,0,3,4,6,1,1,4,1,1
240,386.2462,2021,"35-44","Male","Asian",2,"Not in the labour force",0,0,0,1,1,9,6,"not disabled",5,5,6,4,1,4,3,4,4,5,5,"No",12,3,2,NA,NA,NA,NA,NA,9,1,0,1,4,3,0,0,3,0,3
241,422.2654,2021,"25-34","Male","Pacific",4,"Employed",0,0,0,2,3,2,6,"not disabled",6,9,9,3,2,4,4,8,8,8,8,"No",19,2,1,NA,NA,NA,NA,NA,3,1,1,2,2,2,0,0,2,0,1
242,609.2709,2021,"45-54","Male","Asian",3,"Employed",0,0,0,1,2,6,1,"not disabled",5,7,5,5,1,4,5,7,8,4,8,"Yes",16,1,1,NA,NA,NA,NA,NA,4,1,1,1,3,4,0,0,3,1,1
243,1714.335,2021,"45-54","Female","Pacific",2,"Employed",0,0,0,1,1,5,1,"not disabled",3,5,6,2,1,2,4,7,9,5,5,"Yes",9,2,1,NA,NA,NA,NA,NA,3,0,0,5,6,4,1,0,2,1,1
244,2882.285,2021,"25-34","Female","Pacific",4,"Employed",0,0,0,3,3,4,6,"not disabled",1,7,8,3,2,4,5,8,7,6,7,"Yes",13,1,1,NA,NA,NA,NA,NA,8,0,1,2,3,2,1,0,2,1,1
245,5407.266,2021,"65+","Female","Asian",4,"Employed",1,0,0,2,2,10,2,"not disabled",4,9,8,4,1,3,4,6,8,5,7,"Yes",12,1,1,NA,NA,NA,NA,NA,3,0,0,1,2,6,1,0,3,1,1
246,3736.348,2021,"35-44","Female","European/Other",3,"Not in the labour force",1,1,1,1,3,10,2,"not disabled",3,7,9,4,2,4,4,5,8,7,5,"No",15,4,2,NA,NA,NA,NA,NA,3,0,0,1,2,3,1,0,4,0,3
248,1076.839,2021,"65+","Male","Asian",1,"Not in the labour force",0,0,0,3,1,8,1,"Disabled",10,8,10,4,1,3,4,7,10,4,2,"Yes",20,1,1,NA,NA,NA,NA,NA,3,0,0,2,1,6,0,1,3,1,3
250,9632.533,2021,"55-64","Male","European/Other",4,"Employed",0,0,0,3,2,10,1,"not disabled",4,8,9,5,1,4,5,4,6,3,7,"Yes",17,2,1,NA,NA,NA,NA,NA,9,0,1,1,1,5,0,0,4,1,1
251,5317.593,2021,"55-64","Male","European/Other",2,"Not in the labour force",0,0,0,1,3,2,6,"not disabled",8,9,9,4,1,3,5,8,8,3,3,"No",16,2,1,NA,NA,NA,NA,NA,8,0,0,1,4,5,0,0,4,0,3
252,410.7106,2021,"65+","Male","European/Other",1,"Unemployed",0,0,0,2,1,4,2,"not disabled",5,8,6,4,1,3,4,7,8,4,4,"Yes",19,1,1,NA,NA,NA,NA,NA,3,0,0,2,4,6,0,0,4,1,2
253,858.6319,2021,"65+","Male","Asian",3,"Employed",1,0,0,2,2,1,2,"not disabled",8,7,10,5,1,1,5,5,8,2,3,"Yes",17,1,1,NA,NA,NA,NA,NA,8,0,0,1,3,6,0,0,3,1,1
254,671.246,2021,"65+","Female","Asian",3,"Employed",1,0,0,2,1,1,1,"not disabled",6,8,8,3,1,2,4,8,9,7,6,"Yes",16,1,2,NA,NA,NA,NA,NA,4,0,0,1,1,6,1,0,3,1,1
255,8454.665,2021,"15-24","Female","European/Other",1,"Employed",0,0,0,1,3,2,2,"Disabled",7,7,5,2,1,3,4,5,8,5,5,"Yes",16,1,1,NA,NA,NA,NA,NA,8,0,0,1,3,1,1,1,4,1,1
256,3976.427,2021,"65+","Female","European/Other",1,"Employed",0,0,0,2,1,8,1,"Disabled",8,10,10,4,1,2,5,5,2,6,0,"Yes",18,3,1,NA,NA,NA,NA,NA,8,0,0,3,4,6,1,1,4,1,1
257,4835.879,2021,"55-64","Male","European/Other",2,"Employed",0,0,0,1,2,3,1,"not disabled",8,8,8,4,2,3,4,5,1,1,0,"Yes",13,1,1,NA,NA,NA,NA,NA,3,0,0,1,2,5,0,0,4,1,1
258,109.5783,2021,"45-54","Female","Asian",1,"Unemployed",1,1,2,1,3,5,2,"not disabled",8,8,10,2,1,4,4,8,10,0,0,"Yes",17,1,1,NA,NA,NA,NA,NA,3,0,0,1,1,4,1,0,3,1,2
259,1599.771,2021,"55-64","Male","Asian",4,"Employed",1,0,0,1,3,7,1,"not disabled",5,10,9,4,1,4,5,7,10,7,7,"Yes",15,1,1,NA,NA,NA,NA,NA,4,0,0,1,3,5,0,0,3,1,1
260,2187.765,2021,"65+","Male","Asian",1,"Employed",0,0,0,2,1,3,1,"not disabled",7,8,5,2,1,4,4,7,9,3,7,"Yes",20,2,1,NA,NA,NA,NA,NA,3,0,0,4,1,6,0,0,3,1,1
261,4269.445,2021,"25-34","Male","European/Other",4,"Employed",1,0,0,3,3,2,4,"not disabled",5,8,10,4,1,5,3,9,9,6,9,"No",9,2,1,NA,NA,NA,NA,NA,9,0,1,2,1,2,0,0,4,0,1
262,1579.081,2021,"15-24","Female","European/Other",1,"Not in the labour force",0,0,0,1,3,4,2,"Disabled",2,6,5,3,3,4,4,8,7,7,6,"Not Eligible",15,3,2,NA,NA,NA,NA,NA,8,0,0,2,3,1,1,1,4,99,3
263,13569.21,2021,"45-54","Female","European/Other",1,"Employed",1,0,0,1,2,3,2,"Disabled",8,7,5,2,2,3,4,5,5,6,5,"Yes",11,4,2,NA,NA,NA,NA,NA,5,0,0,1,2,4,1,1,4,1,1
264,2067.09,2021,"35-44","Female","Asian",4,"Employed",1,1,2,3,2,5,6,"not disabled",4,9,9,3,1,3,5,8,10,5,7,"Yes",7,4,2,NA,NA,NA,NA,NA,3,0,0,3,2,3,1,0,3,1,1
265,408.1824,2021,"65+","Male","Asian",4,"Not in the labour force",0,0,0,2,1,3,1,"Disabled",7,7,7,3,1,3,5,5,8,2,2,"Yes",19,2,2,NA,NA,NA,NA,NA,3,0,0,2,1,6,0,1,3,1,3
266,1555.512,2021,"15-24","Male","Asian",2,"Employed",0,0,0,3,1,10,2,"not disabled",5,5,8,5,1,3,3,0,10,2,10,"Yes",14,4,1,NA,NA,NA,NA,NA,9,1,0,3,1,1,0,0,3,1,1
267,553.3488,2021,"65+","Female","Asian",2,"Not in the labour force",1,0,0,2,1,6,6,"Disabled",7,8,7,3,1,3,4,8,7,5,4,"Yes",17,1,1,NA,NA,NA,NA,NA,8,0,0,1,2,6,1,1,3,1,3
268,422.1948,2021,"45-54","Male","Maori",4,"Employed",0,0,0,3,3,6,4,"not disabled",5,6,9,4,1,4,5,8,9,5,3,"No",17,99,2,NA,NA,NA,NA,NA,9,0,0,3,6,4,0,0,1,0,1
269,1169.335,2021,"65+","Male","Asian",4,"Employed",1,0,0,2,3,5,1,"not disabled",9,6,6,4,1,3,5,6,8,3,4,"Yes",20,1,1,NA,NA,NA,NA,NA,3,0,0,1,2,6,0,0,3,1,1
270,1363.036,2021,"65+","Female","European/Other",4,"Not in the labour force",0,0,0,2,1,4,2,"not disabled",5,7,10,4,2,5,4,4,8,5,6,"Yes",10,3,2,NA,NA,NA,NA,NA,4,1,1,1,2,6,1,0,4,1,3
271,1234.755,2021,"35-44","Female","European/Other",2,"Not in the labour force",1,1,1,3,2,9,1,"not disabled",4,8,6,4,2,4,4,4,3,7,3,"Yes",7,2,2,NA,NA,NA,NA,NA,8,0,1,2,2,3,1,0,4,1,3
272,628.3823,2021,"45-54","Female","Pacific",1,"Employed",1,1,2,1,2,5,2,"not disabled",5,7,6,4,1,2,4,7,10,6,5,"Yes",13,1,1,NA,NA,NA,NA,NA,3,0,0,1,3,4,1,0,2,1,1
273,329.5015,2021,"65+","Male","Asian",2,"Not in the labour force",0,0,0,1,1,10,1,"Disabled",10,8,10,5,1,4,5,7,10,0,8,"Yes",10,1,1,NA,NA,NA,NA,NA,5,0,0,1,1,6,0,1,3,1,3
274,209.311,2021,"25-34","Female","Pacific",1,"Not in the labour force",1,1,3,3,2,10,3,"not disabled",0,0,5,4,1,4,5,5,2,0,5,"No",7,4,3,NA,NA,NA,NA,NA,8,0,0,1,3,2,1,0,2,0,3
275,3295.317,2021,"65+","Male","Asian",1,"Employed",0,0,0,2,1,6,1,"not disabled",6,8,8,2,1,4,3,2,5,2,3,"Yes",14,1,1,NA,NA,NA,NA,NA,3,1,1,1,2,6,0,0,3,1,1
276,2554.367,2021,"25-34","Female","Pacific",1,"Employed",1,0,0,3,3,6,1,"not disabled",5,10,8,3,2,3,4,5,10,5,5,"Yes",9,99,2,NA,NA,NA,NA,NA,8,0,0,1,3,2,1,0,2,1,1
277,2030.768,2021,"65+","Male","Pacific",1,"Employed",0,0,0,2,1,5,1,"not disabled",5,2,8,1,1,4,5,8,9,4,4,"Yes",19,1,1,NA,NA,NA,NA,NA,4,0,0,2,1,6,0,0,2,1,1
278,4791.209,2021,"15-24","Female","European/Other",2,"Employed",0,0,0,1,3,2,1,"not disabled",8,8,8,4,1,3,5,7,8,5,6,"No",18,1,1,NA,NA,NA,NA,NA,8,0,0,2,2,1,1,0,4,0,1
279,188.4692,2021,"45-54","Male","Pacific",1,"Not in the labour force",0,0,0,2,2,5,1,"not disabled",10,10,10,5,1,3,5,7,7,5,9,"Yes",20,1,1,NA,NA,NA,NA,NA,3,0,0,1,1,4,0,0,2,1,3
280,1174.67,2021,"35-44","Female","Maori",1,"Employed",0,0,0,2,3,3,2,"not disabled",6,7,6,4,1,2,3,7,10,0,0,"Yes",20,3,1,NA,NA,NA,NA,NA,8,0,0,3,1,3,1,0,1,1,1
281,2223.489,2021,"15-24","Male","Asian",1,"Employed",0,0,0,3,3,4,1,"Disabled",10,4,6,2,1,5,3,2,5,0,5,"Yes",11,2,1,NA,NA,NA,NA,NA,3,1,1,5,5,1,0,1,3,1,1
283,658.5771,2021,"45-54","Female","Maori",1,"Employed",0,0,0,1,2,6,1,"not disabled",5,9,9,4,1,3,5,2,7,2,2,"Yes",12,2,1,NA,NA,NA,NA,NA,4,0,0,2,3,4,1,0,1,1,1
284,2789.085,2021,"35-44","Male","Maori",4,"Employed",1,1,1,3,2,6,4,"not disabled",6,8,8,4,1,3,5,9,9,7,8,"No",11,4,2,NA,NA,NA,NA,NA,8,0,0,2,1,3,0,0,1,0,1
285,401.5101,2021,"25-34","Male","Pacific",3,"Not in the labour force",1,1,3,1,3,5,1,"not disabled",10,9,10,4,4,5,5,5,2,0,1,"Yes",5,3,1,NA,NA,NA,NA,NA,3,0,0,1,1,2,0,0,2,1,3
286,5105.398,2021,"45-54","Female","European/Other",1,"Employed",1,0,0,1,3,10,2,"not disabled",5,7,8,5,1,3,3,4,0,0,0,"Yes",19,3,1,NA,NA,NA,NA,NA,4,0,0,1,1,4,1,0,4,1,1
287,1143.948,2021,"45-54","Male","Pacific",4,"Employed",1,0,0,3,3,5,6,"not disabled",10,8,7,4,1,5,4,7,8,8,7,"Yes",20,1,1,NA,NA,NA,NA,NA,3,0,0,1,2,4,0,0,2,1,1
288,628.8054,2021,"15-24","Male","Pacific",2,"Employed",0,0,0,3,2,6,4,"not disabled",10,8,8,4,1,4,3,4,4,5,4,"Yes",6,1,1,NA,NA,NA,NA,NA,4,0,1,4,4,1,0,0,2,1,1
289,64.07517,2021,"25-34","Female","Pacific",4,"Unemployed",1,1,1,2,3,6,6,"not disabled",5,10,8,4,1,3,5,9,10,7,7,"Yes",15,2,1,NA,NA,NA,NA,NA,8,0,0,1,1,2,1,0,2,1,2
290,169.5246,2021,"55-64","Male","Pacific",3,"Employed",1,0,0,1,3,10,1,"not disabled",7,5,10,4,1,1,5,9,10,5,7,"No",18,1,1,NA,NA,NA,NA,NA,3,0,1,1,1,5,0,0,2,0,1
291,6395.722,2021,"65+","Male","European/Other",1,"Employed",1,0,0,1,2,7,1,"not disabled",2,10,8,4,1,5,5,9,10,7,9,"Yes",9,2,1,NA,NA,NA,NA,NA,8,0,0,1,1,6,0,0,4,1,1
292,6395.722,2021,"65+","Female","European/Other",1,"Employed",0,0,0,3,1,9,1,"not disabled",9,10,8,2,1,2,5,5,8,7,7,"Yes",15,1,1,NA,NA,NA,NA,NA,5,1,1,1,1,6,1,0,4,1,1
293,3486.385,2021,"45-54","Female","European/Other",4,"Not in the labour force",1,0,0,1,3,4,1,"not disabled",6,9,8,5,1,3,4,8,9,5,7,"Yes",15,4,1,NA,NA,NA,NA,NA,3,1,0,1,1,4,1,0,4,1,3
294,6811.227,2021,"35-44","Female","European/Other",1,"Not in the labour force",0,1,1,3,1,9,1,"not disabled",10,10,10,5,3,5,5,10,10,9,2,"Yes",10,4,3,NA,NA,NA,NA,NA,8,0,0,1,1,3,1,0,4,1,3
295,21188.43,2021,"35-44","Female","European/Other",4,"Employed",1,1,3,1,1,9,6,"not disabled",8,8,7,5,3,5,4,6,2,5,6,"Yes",13,1,2,NA,NA,NA,NA,NA,2,0,0,5,1,3,1,0,4,1,1
296,4337.282,2021,"25-34","Female","European/Other",4,"Employed",1,1,1,1,2,7,1,"not disabled",5,8,9,5,1,4,5,8,10,2,6,"Yes",17,1,2,NA,NA,NA,NA,NA,9,0,0,2,2,2,1,0,4,1,1
297,10741.53,2021,"65+","Male","European/Other",1,"Employed",1,0,0,1,1,10,1,"not disabled",9,8,9,3,1,4,5,8,9,7,6,"Yes",16,2,2,NA,NA,NA,NA,NA,1,0,0,2,2,6,0,0,4,1,1
298,2642.737,2021,"55-64","Male","European/Other",3,"Not in the labour force",1,0,0,3,2,6,1,"not disabled",10,10,10,4,4,3,5,7,7,5,6,"Yes",17,1,1,NA,NA,NA,NA,NA,8,0,0,1,2,5,0,0,4,1,3
299,4584.607,2021,"65+","Female","Pacific",2,"Employed",1,0,0,3,1,7,5,"not disabled",3,4,5,1,1,4,3,5,10,5,5,"Yes",13,4,1,NA,NA,NA,NA,NA,4,1,0,2,6,6,1,0,2,1,1
300,4515.14,2021,"55-64","Female","European/Other",2,"Employed",1,1,1,1,1,9,1,"not disabled",5,7,7,4,1,2,2,2,1,1,0,"Yes",18,1,1,NA,NA,NA,NA,NA,4,1,1,1,1,5,1,0,4,1,1
301,3016.323,2021,"15-24","Female","European/Other",2,"Not in the labour force",0,0,0,1,3,6,3,"Disabled",7,7,10,2,1,5,4,6,10,6,8,"Yes",7,1,2,NA,NA,NA,NA,NA,5,1,1,2,2,1,1,1,4,1,3
302,1830.913,2021,"45-54","Male","Maori",4,"Employed",1,0,0,1,2,6,6,"not disabled",7,8,8,2,1,3,4,9,10,6,8,"Yes",9,3,1,NA,NA,NA,NA,NA,9,0,0,1,2,4,0,0,1,1,1
303,453.1571,2021,"55-64","Male","Maori",4,"Not in the labour force",0,0,0,2,3,2,1,"not disabled",9,7,9,4,3,4,5,6,9,4,6,"No",20,1,1,NA,NA,NA,NA,NA,3,0,0,2,1,5,0,0,1,0,3
304,1643.75,2021,"25-34","Female","European/Other",4,"Not in the labour force",0,0,0,2,1,4,2,"not disabled",5,3,7,2,3,4,5,8,4,5,7,"Yes",4,2,1,NA,NA,NA,NA,NA,3,1,1,5,4,2,1,0,4,1,3
305,14959.62,2021,"45-54","Male","European/Other",4,"Employed",1,1,2,1,3,6,6,"not disabled",7,8,9,3,3,4,4,8,10,7,7,"Yes",13,2,2,NA,NA,NA,NA,NA,4,0,0,2,3,4,0,0,4,1,1
306,22329.53,2021,"65+","Male","European/Other",2,"Employed",0,0,0,2,2,1,6,"Disabled",6,8,8,3,1,2,4,9,10,7,4,"Yes",19,2,1,NA,NA,NA,NA,NA,5,0,0,2,3,6,0,1,4,1,1
307,3313.257,2021,"65+","Female","European/Other",4,"Not in the labour force",0,0,0,3,1,9,1,"not disabled",4,7,7,3,1,3,5,6,8,4,5,"Yes",11,2,2,NA,NA,NA,NA,NA,8,0,0,2,4,6,1,0,4,1,3
308,4291.718,2021,"45-54","Male","European/Other",2,"Employed",1,0,0,2,3,3,6,"Disabled",10,7,7,2,1,3,3,7,7,4,6,"Yes",16,2,1,NA,NA,NA,NA,NA,5,1,1,1,4,4,0,1,4,1,1
309,229.9098,2021,"45-54","Male","Asian",1,"Not in the labour force",0,0,0,3,2,8,1,"not disabled",5,7,7,5,1,1,5,8,10,7,7,"Yes",14,1,1,NA,NA,NA,NA,NA,5,0,0,1,1,4,0,0,3,1,3
310,4018.703,2021,"65+","Male","European/Other",1,"Employed",1,0,0,2,3,9,6,"not disabled",7,10,10,2,2,5,3,5,8,6,8,"Yes",15,2,2,NA,NA,NA,NA,NA,8,0,0,3,4,6,0,0,4,1,1
311,1388.509,2021,"45-54","Female","Maori",2,"Employed",0,0,0,3,3,4,1,"not disabled",7,7,8,2,1,5,4,7,4,3,3,"Yes",8,2,1,NA,NA,NA,NA,NA,8,0,0,2,5,4,1,0,1,1,1
312,7128.186,2021,"45-54","Female","European/Other",4,"Employed",1,1,1,3,3,7,5,"not disabled",2,4,7,3,1,3,4,7,10,6,2,"No",10,4,1,NA,NA,NA,NA,NA,4,0,0,1,3,4,1,0,4,0,1
313,1575.467,2021,"15-24","Male","Maori",2,"Not in the labour force",1,1,2,3,2,10,1,"not disabled",8,6,8,3,2,4,5,5,5,8,5,"No",16,1,1,NA,NA,NA,NA,NA,4,0,0,5,2,1,0,0,1,0,3
314,3161.958,2021,"55-64","Male","European/Other",3,"Not in the labour force",1,0,0,3,3,3,6,"not disabled",7,7,7,3,1,4,5,10,10,10,10,"No",13,3,2,NA,NA,NA,NA,NA,8,0,0,1,2,5,0,0,4,0,3
315,1984.795,2021,"55-64","Female","European/Other",2,"Not in the labour force",1,0,0,2,3,3,6,"not disabled",7,8,9,3,1,5,4,7,7,6,8,"Yes",20,1,2,NA,NA,NA,NA,NA,3,0,0,1,3,5,1,0,4,1,3
316,3472.816,2021,"35-44","Female","European/Other",1,"Not in the labour force",1,1,2,1,3,4,1,"not disabled",5,8,8,4,1,3,3,7,7,3,3,"Yes",17,1,2,NA,NA,NA,NA,NA,3,0,0,1,3,3,1,0,4,1,3
317,3472.816,2021,"35-44","Female","European/Other",4,"Not in the labour force",1,1,2,1,3,3,6,"not disabled",5,7,7,4,1,3,3,8,9,2,4,"Yes",19,2,2,NA,NA,NA,NA,NA,3,0,0,1,2,3,1,0,4,1,3
318,1984.795,2021,"35-44","Female","European/Other",4,"Not in the labour force",1,1,1,1,3,7,5,"not disabled",8,10,10,3,1,5,4,7,10,10,10,"Yes",20,1,1,NA,NA,NA,NA,NA,8,0,0,1,1,3,1,0,4,1,3
319,7169.142,2021,"65+","Female","European/Other",1,"Employed",1,0,0,2,2,8,6,"not disabled",7,7,7,2,1,4,4,7,8,6,7,"Yes",18,1,2,NA,NA,NA,NA,NA,3,0,0,1,2,6,1,0,4,1,1
320,6260.246,2021,"65+","Female","European/Other",3,"Employed",1,0,0,2,1,3,1,"not disabled",4,9,9,3,1,5,4,7,9,4,5,"Yes",16,1,1,NA,NA,NA,NA,NA,4,0,0,1,1,6,1,0,4,1,1
321,2646.371,2021,"65+","Male","European/Other",1,"Not in the labour force",0,0,0,3,1,7,6,"Disabled",8,7,4,1,1,1,4,3,9,4,2,"No",15,2,2,NA,NA,NA,NA,NA,3,0,0,1,1,6,0,1,4,0,3
322,1771.83,2021,"45-54","Female","European/Other",2,"Not in the labour force",0,0,0,1,3,6,1,"not disabled",6,6,9,5,2,3,5,8,6,0,0,"Yes",12,1,2,NA,NA,NA,NA,NA,8,0,0,4,2,4,1,0,4,1,3
323,1811.306,2021,"45-54","Female","Maori",1,"Not in the labour force",1,0,0,1,2,10,1,"not disabled",6,7,7,1,1,4,4,3,8,2,3,"Yes",10,3,1,NA,NA,NA,NA,NA,3,1,0,1,2,4,1,0,1,1,3
324,3231.358,2021,"25-34","Male","European/Other",4,"Not in the labour force",1,0,0,2,3,4,2,"not disabled",8,10,8,5,1,5,5,8,9,7,9,"Yes",19,1,1,NA,NA,NA,NA,NA,4,0,1,2,4,2,0,0,4,1,3
325,541.3923,2021,"55-64","Female","Maori",1,"Not in the labour force",1,0,0,1,2,9,1,"Disabled",2,7,7,2,2,4,4,9,6,6,6,"Yes",6,1,1,NA,NA,NA,NA,NA,2,0,0,3,2,5,1,1,1,1,3
326,5065.368,2021,"35-44","Female","European/Other",2,"Employed",0,0,0,3,1,7,6,"not disabled",5,8,8,1,2,3,4,4,8,3,7,"Yes",15,4,3,NA,NA,NA,NA,NA,3,0,1,1,1,3,1,0,4,1,1
327,1245.394,2021,"25-34","Male","Maori",2,"Employed",1,1,3,3,3,1,2,"not disabled",7,10,8,3,3,3,5,7,9,4,5,"Yes",14,4,2,NA,NA,NA,NA,NA,4,0,0,2,1,2,0,0,1,1,1
328,1691.39,2021,"35-44","Male","European/Other",4,"Not in the labour force",1,1,2,1,3,5,2,"not disabled",6,8,8,3,1,3,3,7,8,6,5,"Yes",9,2,2,NA,NA,NA,NA,NA,3,0,1,1,1,3,0,0,4,1,3
329,1254.328,2021,"25-34","Male","European/Other",3,"Not in the labour force",1,1,1,1,3,6,2,"not disabled",8,8,9,4,2,2,3,7,8,0,3,"Yes",18,2,2,NA,NA,NA,NA,NA,3,0,1,2,2,2,0,0,4,1,3
330,2003.771,2021,"35-44","Female","European/Other",2,"Not in the labour force",1,1,1,1,3,1,1,"not disabled",4,5,5,3,1,4,4,6,9,2,1,"Yes",9,3,3,NA,NA,NA,NA,NA,9,0,1,2,3,3,1,0,4,1,3
331,17774.22,2021,"65+","Female","European/Other",3,"Employed",0,0,0,1,3,1,6,"not disabled",9,7,6,2,1,3,5,8,9,8,8,"No",20,1,1,NA,NA,NA,NA,NA,3,0,0,2,3,6,1,0,4,0,1
332,2744.614,2021,"15-24","Female","European/Other",1,"Not in the labour force",0,0,0,3,3,3,1,"not disabled",7,6,10,2,2,5,5,10,5,5,7,"Yes",8,1,1,NA,NA,NA,NA,NA,9,0,0,3,2,1,1,0,4,1,3
333,7018.991,2021,"35-44","Female","European/Other",4,"Employed",1,1,2,1,3,2,1,"not disabled",8,8,8,3,2,5,4,8,10,2,6,"Yes",16,1,1,NA,NA,NA,NA,NA,3,1,0,1,2,3,1,0,4,1,1
334,7549.233,2021,"55-64","Gender Diverse","European/Other",2,"Employed",1,0,0,1,3,3,3,"not disabled",9,5,5,3,1,3,3,5,5,5,5,"Yes",20,1,1,NA,NA,NA,NA,NA,3,0,0,1,2,5,2,0,4,1,1
335,18750.98,2021,"25-34","Male","European/Other",4,"Employed",1,0,0,2,3,7,2,"not disabled",9,8,8,4,1,5,5,8,7,7,6,"Yes",18,3,2,NA,NA,NA,NA,NA,9,0,0,3,1,2,0,0,4,1,1
336,1929.151,2021,"65+","Female","European/Other",2,"Not in the labour force",0,0,0,1,2,7,1,"not disabled",7,9,9,2,1,3,5,8,10,1,3,"Yes",18,1,1,NA,NA,NA,NA,NA,2,0,0,1,2,6,1,0,4,1,3
337,12615.14,2021,"55-64","Female","European/Other",1,"Employed",0,0,0,2,3,2,1,"not disabled",10,8,9,5,1,4,5,8,8,7,8,"Yes",20,2,1,NA,NA,NA,NA,NA,4,0,0,2,2,5,1,0,4,1,1
338,4309.66,2021,"45-54","Male","Asian",4,"Employed",0,0,0,1,2,7,6,"not disabled",4,7,6,3,1,3,4,8,8,6,8,"Yes",6,2,2,NA,NA,NA,NA,NA,9,0,0,2,5,4,0,0,3,1,1
339,4309.66,2021,"35-44","Male","Asian",3,"Employed",1,1,3,2,2,4,1,"not disabled",5,7,10,3,4,5,5,5,4,2,2,"Yes",12,3,1,NA,NA,NA,NA,NA,5,0,0,3,2,3,0,0,3,1,1
340,3375.455,2021,"25-34","Male","European/Other",3,"Not in the labour force",0,1,1,1,1,6,2,"not disabled",7,7,9,3,2,5,5,4,7,2,6,"Yes",5,2,2,NA,NA,NA,NA,NA,3,0,1,1,1,2,0,0,4,1,3
341,1834.119,2021,"65+","Female","European/Other",1,"Not in the labour force",1,0,0,2,3,6,1,"not disabled",5,10,10,4,1,1,2,5,10,8,0,"Yes",20,1,1,NA,NA,NA,NA,NA,8,0,0,1,1,6,1,0,4,1,3
342,12614.44,2021,"45-54","Male","European/Other",2,"Employed",1,0,0,2,3,7,6,"not disabled",7,7,9,5,1,3,5,7,8,7,6,"Yes",20,1,1,NA,NA,NA,NA,NA,3,0,0,1,2,4,0,0,4,1,1
343,9192.162,2021,"35-44","Female","European/Other",2,"Employed",1,1,3,2,3,1,6,"not disabled",10,9,9,4,1,4,4,9,9,7,8,"Yes",15,2,1,NA,NA,NA,NA,NA,3,0,0,1,2,3,1,0,4,1,1
344,2153.439,2021,"65+","Female","Asian",2,"Employed",1,0,0,2,1,5,1,"Disabled",5,6,7,2,1,2,5,8,8,3,5,"Yes",15,1,1,NA,NA,NA,NA,NA,3,0,0,1,2,6,1,1,3,1,1
345,10067.4,2021,"45-54","Female","European/Other",4,"Employed",0,0,0,1,3,8,6,"not disabled",7,8,6,2,1,5,3,8,9,7,9,"Yes",6,3,2,NA,NA,NA,NA,NA,4,0,1,3,3,4,1,0,4,1,1
346,2739.622,2021,"15-24","Female","European/Other",1,"Employed",0,0,0,3,3,6,1,"not disabled",5,8,8,4,3,5,3,5,5,0,5,"Yes",10,3,2,NA,NA,NA,NA,NA,3,0,1,1,2,1,1,0,4,1,1
347,3912.507,2021,"55-64","Male","European/Other",2,"Employed",1,0,0,1,2,1,6,"not disabled",8,8,10,4,1,5,5,7,10,7,10,"Yes",20,1,1,NA,NA,NA,NA,NA,5,0,0,1,1,5,0,0,4,1,1
348,1200.858,2021,"25-34","Female","Asian",1,"Employed",1,1,2,3,1,10,1,"not disabled",0,5,10,1,3,4,4,3,5,3,2,"No",6,2,1,NA,NA,NA,NA,NA,9,0,1,1,2,2,1,0,3,0,1
349,8408.362,2021,"65+","Male","European/Other",1,"Employed",0,0,0,2,1,9,3,"not disabled",5,4,6,2,1,3,3,5,5,3,2,"Yes",17,1,1,NA,NA,NA,NA,NA,5,0,1,2,3,6,0,0,4,1,1
350,6541.523,2021,"45-54","Female","European/Other",4,"Employed",1,1,2,3,2,7,6,"not disabled",7,7,8,3,1,4,3,7,9,8,8,"Yes",17,1,1,NA,NA,NA,NA,NA,8,0,0,2,2,4,1,0,4,1,1
351,162.2783,2021,"45-54","Female","Asian",1,"Not in the labour force",0,0,0,3,1,8,1,"not disabled",9,5,8,2,1,1,1,4,0,0,2,"Yes",1,2,1,NA,NA,NA,NA,NA,3,0,1,2,3,4,1,0,3,1,3
352,361.2,2021,"35-44","Female","Asian",3,"Not in the labour force",1,1,2,3,3,1,1,"not disabled",4,8,8,3,2,4,5,7,10,2,2,"Yes",20,2,3,NA,NA,NA,NA,NA,4,0,1,1,3,3,1,0,3,1,3
353,3608.313,2021,"65+","Male","European/Other",1,"Employed",0,0,0,3,1,7,3,"not disabled",7,5,7,5,1,4,5,8,10,0,6,"Yes",18,1,1,NA,NA,NA,NA,NA,3,0,0,1,1,6,0,0,4,1,1
355,1610.373,2021,"25-34","Female","European/Other",4,"Employed",0,0,0,1,2,5,1,"not disabled",7,4,8,5,1,4,4,8,6,8,5,"Yes",12,99,1,NA,NA,NA,NA,NA,9,0,0,2,1,2,1,0,4,1,1
356,6459.348,2021,"35-44","Female","European/Other",4,"Employed",0,0,0,3,3,4,2,"not disabled",3,5,5,3,1,5,5,6,5,7,7,"Yes",17,99,1,NA,NA,NA,NA,NA,9,0,0,3,2,3,1,0,4,1,1
357,2351.168,2021,"25-34","Male","European/Other",4,"Employed",0,0,0,3,2,7,4,"not disabled",7,8,8,5,1,4,4,9,10,8,9,"No",20,1,1,NA,NA,NA,NA,NA,3,0,0,2,2,2,0,0,4,0,1
358,7336.272,2021,"25-34","Male","European/Other",4,"Employed",1,1,2,1,3,9,2,"not disabled",10,9,10,4,1,4,3,7,7,5,6,"Yes",19,1,2,NA,NA,NA,NA,NA,4,0,1,2,1,2,0,0,4,1,1
359,2221.015,2021,"25-34","Male","European/Other",4,"Employed",1,1,3,1,3,6,1,"not disabled",8,8,9,4,3,5,5,8,6,4,5,"Yes",10,2,1,NA,NA,NA,NA,NA,3,0,0,1,1,2,0,0,4,1,1
360,2927.177,2021,"35-44","Male","European/Other",1,"Employed",0,1,1,3,3,8,2,"not disabled",5,7,8,3,1,5,4,5,5,3,3,"Yes",15,1,2,NA,NA,NA,NA,NA,3,0,0,2,4,3,0,0,4,1,1
361,518.252,2021,"35-44","Male","Asian",1,"Employed",1,1,2,1,3,7,1,"not disabled",8,10,10,4,1,3,5,8,10,4,8,"No",12,2,2,NA,NA,NA,NA,NA,5,0,0,2,1,3,0,0,3,0,1
362,10437.48,2021,"45-54","Male","European/Other",1,"Employed",1,0,0,2,2,3,2,"not disabled",5,8,7,3,1,4,4,8,8,6,6,"Yes",18,1,1,NA,NA,NA,NA,NA,8,0,0,2,4,4,0,0,4,1,1
363,4009.001,2021,"65+","Male","European/Other",1,"Employed",0,0,0,2,1,2,1,"Disabled",10,8,8,5,2,1,4,7,8,5,7,"Yes",20,1,1,NA,NA,NA,NA,NA,3,0,0,2,2,6,0,1,4,1,1
364,1186.927,2021,"15-24","Female","European/Other",1,"Not in the labour force",0,0,0,3,2,3,1,"Disabled",5,4,7,3,1,3,4,0,5,0,1,"No",11,99,2,NA,NA,NA,NA,NA,5,1,0,3,5,1,1,1,4,0,3
365,16719.79,2021,"25-34","Male","European/Other",4,"Employed",1,0,0,1,3,7,1,"not disabled",7,8,7,4,2,4,4,7,8,5,8,"Yes",16,3,2,NA,NA,NA,NA,NA,4,0,0,1,3,2,0,0,4,1,1
366,1265.162,2021,"65+","Female","Maori",3,"Employed",0,0,0,2,2,7,1,"not disabled",10,8,8,4,1,4,5,7,8,3,4,"Yes",20,2,2,NA,NA,NA,NA,NA,3,1,0,2,2,6,1,0,1,1,1
367,286.9403,2021,"15-24","Male","Pacific",1,"Employed",0,0,0,1,1,7,1,"not disabled",4,7,7,3,1,4,4,5,3,3,5,"Not Eligible",15,1,1,NA,NA,NA,NA,NA,4,0,0,3,3,1,0,0,2,99,1
368,484.0132,2021,"65+","Male","Maori",4,"Not in the labour force",1,0,0,3,1,7,5,"not disabled",5,9,10,3,1,2,5,8,10,8,7,"Yes",16,1,1,NA,NA,NA,NA,NA,4,1,0,1,1,6,0,0,1,1,3
369,2465.222,2021,"65+","Gender Diverse","European/Other",3,"Employed",0,0,0,1,2,10,1,"not disabled",10,8,10,5,1,2,4,7,8,3,1,"Yes",20,1,1,NA,NA,NA,NA,NA,9,0,0,1,2,6,2,0,4,1,1
370,293.8454,2021,"45-54","Female","Maori",4,"Employed",1,1,2,1,2,10,5,"not disabled",6,7,9,3,1,4,3,8,9,7,9,"Yes",12,2,1,NA,NA,NA,NA,NA,4,0,1,2,2,4,1,0,1,1,1
371,1374.061,2021,"65+","Female","European/Other",2,"Employed",0,0,0,2,3,5,2,"not disabled",8,8,9,4,1,3,4,9,7,2,3,"Yes",19,1,3,NA,NA,NA,NA,NA,5,0,0,1,2,6,1,0,4,1,1
373,1716.299,2021,"55-64","Male","Maori",4,"Employed",0,0,0,3,2,6,5,"not disabled",7,7,8,4,1,5,5,8,9,3,6,"No",14,1,1,NA,NA,NA,NA,NA,4,0,0,2,3,5,0,0,1,0,1
374,1658.358,2021,"55-64","Female","European/Other",1,"Employed",1,0,0,1,3,9,2,"not disabled",5,10,10,4,3,5,5,8,8,8,9,"Yes",19,2,1,NA,NA,NA,NA,NA,3,1,0,1,2,5,1,0,4,1,1
375,799.9587,2021,"45-54","Female","Maori",4,"Employed",1,1,1,1,3,6,4,"not disabled",9,10,10,5,1,3,5,10,10,10,10,"No",18,2,1,NA,NA,NA,NA,NA,9,0,0,1,1,4,1,0,1,0,1
376,7351.79,2021,"65+","Female","European/Other",2,"Employed",0,0,0,2,2,4,1,"not disabled",7,7,8,3,1,2,4,6,8,6,5,"Yes",18,2,2,NA,NA,NA,NA,NA,4,0,0,2,4,6,1,0,4,1,1
377,5148.355,2021,"45-54","Female","European/Other",2,"Employed",1,1,2,2,1,10,1,"not disabled",5,8,8,4,1,1,4,7,7,5,6,"Yes",20,1,2,NA,NA,NA,NA,NA,4,0,1,1,1,4,1,0,4,1,1
378,2138.386,2021,"65+","Male","European/Other",3,"Not in the labour force",1,0,0,2,3,7,6,"Disabled",10,5,5,4,1,2,4,6,10,4,6,"Yes",20,1,1,NA,NA,NA,NA,NA,8,0,0,2,3,6,0,1,4,1,3
379,284.0991,2021,"55-64","Male","Maori",1,"Not in the labour force",0,0,0,3,2,8,1,"Disabled",1,2,5,1,1,5,1,0,2,0,0,"No",2,4,2,NA,NA,NA,NA,NA,8,0,0,2,5,5,0,1,1,0,3
380,179.2523,2021,"65+","Male","Maori",3,"Unemployed",0,0,0,1,1,5,1,"not disabled",6,6,8,2,1,2,4,5,5,6,5,"Yes",5,4,2,NA,NA,NA,NA,NA,5,0,0,1,1,6,0,0,1,1,2
381,179.2523,2021,"55-64","Female","Maori",2,"Unemployed",0,0,0,3,2,8,6,"not disabled",4,8,8,4,1,4,5,9,9,9,5,"Yes",10,2,2,NA,NA,NA,NA,NA,8,0,0,2,1,5,1,0,1,1,2
382,1669.389,2021,"45-54","Female","European/Other",4,"Employed",1,1,4,1,3,1,1,"not disabled",8,8,8,4,1,2,5,8,9,6,4,"Yes",18,1,2,NA,NA,NA,NA,NA,3,0,0,1,2,4,1,0,4,1,1
383,4145.708,2021,"25-34","Male","European/Other",3,"Employed",1,1,1,3,2,8,4,"not disabled",5,10,10,4,1,4,4,10,10,9,10,"No",13,1,1,NA,NA,NA,NA,NA,9,0,0,1,3,2,0,0,4,0,1
384,193.0933,2021,"45-54","Male","Asian",4,"Not in the labour force",1,0,0,1,3,1,6,"not disabled",4,8,9,5,1,1,3,8,8,7,6,"Yes",19,1,1,NA,NA,NA,NA,NA,2,0,1,1,2,4,0,0,3,1,3
385,1080.325,2021,"45-54","Male","Asian",2,"Employed",1,1,2,1,3,4,5,"not disabled",8,7,5,5,1,4,5,7,9,8,7,"No",20,1,2,NA,NA,NA,NA,NA,3,0,0,3,3,4,0,0,3,0,1
386,1216.222,2021,"35-44","Female","European/Other",1,"Not in the labour force",0,0,0,2,3,4,2,"not disabled",8,6,6,2,2,3,4,8,8,7,8,"Yes",18,1,1,NA,NA,NA,NA,NA,2,0,0,2,1,3,1,0,4,1,3
387,2554.761,2021,"25-34","Female","European/Other",4,"Employed",1,1,1,1,2,9,1,"not disabled",5,8,8,4,2,4,5,7,9,7,8,"No",16,99,1,NA,NA,NA,NA,NA,9,0,0,3,2,2,1,0,4,0,1
388,3210.625,2021,"35-44","Female","European/Other",3,"Employed",1,0,0,3,2,6,2,"not disabled",8,6,7,2,1,4,5,8,9,7,9,"Yes",17,2,1,NA,NA,NA,NA,NA,2,0,0,1,1,3,1,0,4,1,1
389,1637.992,2021,"65+","Female","European/Other",3,"Not in the labour force",1,0,0,2,2,8,1,"not disabled",7,8,9,4,2,3,5,7,7,4,7,"Yes",19,1,1,NA,NA,NA,NA,NA,3,0,0,1,2,6,1,0,4,1,3
390,3338.979,2021,"15-24","Female","European/Other",1,"Employed",0,0,0,3,2,5,2,"not disabled",8,6,6,4,1,5,4,7,6,4,5,"Yes",15,2,1,NA,NA,NA,NA,NA,9,0,1,2,3,1,1,0,4,1,1
391,1003.061,2021,"45-54","Female","European/Other",2,"Not in the labour force",1,1,3,1,3,6,1,"not disabled",10,8,7,3,1,1,2,3,3,1,1,"Yes",8,1,1,NA,NA,NA,NA,NA,3,0,1,1,2,4,1,0,4,1,3
392,1050.028,2021,"45-54","Male","European/Other",4,"Not in the labour force",1,0,0,1,3,6,1,"not disabled",9,8,9,4,2,5,5,10,8,7,7,"Yes",20,1,1,NA,NA,NA,NA,NA,3,0,0,1,2,4,0,0,4,1,3
393,1050.028,2021,"15-24","Male","European/Other",3,"Not in the labour force",1,0,0,3,3,3,1,"not disabled",10,7,7,3,2,4,3,7,8,4,6,"Yes",6,3,3,NA,NA,NA,NA,NA,9,0,1,3,3,1,0,0,4,1,3
394,6999.107,2021,"45-54","Female","European/Other",4,"Employed",1,0,0,2,3,1,6,"not disabled",5,8,2,3,1,2,5,8,5,2,5,"Yes",20,1,1,NA,NA,NA,NA,NA,3,0,0,1,6,4,1,0,4,1,1
395,1200.34,2021,"65+","Male","European/Other",3,"Not in the labour force",0,0,0,2,2,5,1,"Disabled",10,10,10,3,1,5,3,7,10,5,9,"Yes",15,2,1,NA,NA,NA,NA,NA,5,0,0,3,2,6,0,1,4,1,3
396,2140.218,2021,"65+","Male","European/Other",1,"Not in the labour force",0,0,0,2,3,4,2,"not disabled",10,7,7,4,1,3,5,8,10,7,0,"Yes",20,1,1,NA,NA,NA,NA,NA,4,1,0,3,3,6,0,0,4,1,3
397,4823.685,2021,"65+","Male","European/Other",3,"Employed",0,0,0,2,3,3,1,"not disabled",5,10,10,3,1,3,5,7,9,6,9,"Yes",17,1,1,NA,NA,NA,NA,NA,3,0,1,1,2,6,0,0,4,1,1
398,5889.581,2021,"35-44","Male","European/Other",4,"Employed",1,1,2,1,2,1,6,"not disabled",4,6,4,3,1,4,3,7,5,5,6,"Yes",9,4,2,NA,NA,NA,NA,NA,8,0,0,2,3,3,0,0,4,1,1
399,5889.581,2021,"25-34","Male","European/Other",4,"Employed",1,1,1,1,3,2,1,"not disabled",8,8,7,2,2,4,3,5,10,4,9,"Yes",11,2,2,NA,NA,NA,NA,NA,9,0,0,1,2,2,0,0,4,1,1
400,1317.623,2021,"15-24","Male","Asian",2,"Employed",0,0,0,3,3,1,1,"not disabled",6,6,5,5,2,5,5,8,8,4,5,"Yes",9,1,2,NA,NA,NA,NA,NA,8,1,1,3,3,1,0,0,3,1,1
401,3406.158,2021,"55-64","Female","European/Other",4,"Employed",0,0,0,3,2,10,6,"not disabled",5,0,8,5,1,4,4,5,8,8,6,"Yes",19,1,1,NA,NA,NA,NA,NA,3,0,0,3,6,5,1,0,4,1,1
402,10077.94,2021,"55-64","Female","European/Other",2,"Employed",1,0,0,2,3,3,1,"not disabled",5,9,9,4,1,1,5,7,8,7,7,"Yes",16,2,1,NA,NA,NA,NA,NA,3,0,0,1,3,5,1,0,4,1,1
403,1530.995,2021,"65+","Male","European/Other",1,"Employed",0,0,0,1,1,6,1,"not disabled",9,6,7,5,1,5,3,8,8,2,6,"Yes",14,2,2,NA,NA,NA,NA,NA,3,0,1,2,4,6,0,0,4,1,1
404,1867.762,2021,"15-24","Female","European/Other",1,"Not in the labour force",0,0,0,1,2,5,1,"not disabled",5,6,5,3,1,3,5,8,6,4,5,"Yes",20,1,1,NA,NA,NA,NA,NA,8,1,0,1,2,1,1,0,4,1,3
405,6728.614,2021,"65+","Female","European/Other",1,"Employed",0,0,0,2,2,1,1,"not disabled",7,10,10,5,1,1,5,8,9,4,7,"Yes",20,1,1,NA,NA,NA,NA,NA,8,0,0,2,1,6,1,0,4,1,1
406,6709.732,2021,"65+","Male","European/Other",1,"Employed",0,0,0,1,2,10,1,"Disabled",3,10,9,4,1,5,5,5,9,9,9,"Yes",11,1,1,NA,NA,NA,NA,NA,8,0,0,1,1,6,0,1,4,1,1
407,1619.464,2021,"45-54","Male","Maori",4,"Employed",0,0,0,3,1,8,1,"not disabled",0,3,3,3,3,5,4,5,9,6,6,"Yes",10,1,1,NA,NA,NA,NA,NA,3,0,0,1,6,4,0,0,1,1,1
408,505.0661,2021,"45-54","Male","Maori",3,"Not in the labour force",1,1,1,1,2,1,6,"not disabled",0,9,9,3,1,5,3,9,9,4,7,"Yes",20,1,1,NA,NA,NA,NA,NA,3,0,0,2,2,4,0,0,1,1,3
409,1769.356,2021,"55-64","Female","Maori",1,"Not in the labour force",0,0,0,3,3,3,2,"not disabled",5,9,10,4,1,3,5,8,10,6,2,"Yes",19,1,1,NA,NA,NA,NA,NA,3,0,0,1,1,5,1,0,1,1,3
410,365.3888,2021,"55-64","Male","Maori",4,"Not in the labour force",0,0,0,3,2,10,6,"not disabled",5,5,7,2,1,4,4,5,6,4,6,"Yes",12,4,2,NA,NA,NA,NA,NA,1,1,0,1,1,5,0,0,1,1,3
411,3390.162,2021,"35-44","Male","Maori",3,"Employed",1,1,1,2,3,10,1,"not disabled",7,7,7,2,1,2,3,6,6,4,3,"No",10,3,2,NA,NA,NA,NA,NA,2,0,1,3,1,3,0,0,1,0,1
412,1454.919,2021,"55-64","Male","European/Other",3,"Not in the labour force",0,0,0,2,1,1,2,"not disabled",5,6,9,3,1,3,4,4,4,3,5,"Yes",7,2,1,NA,NA,NA,NA,NA,4,0,1,1,3,5,0,0,4,1,3
413,7416.678,2021,"15-24","Female","European/Other",1,"Employed",0,0,0,2,3,6,1,"not disabled",7,8,8,4,2,4,4,6,8,5,5,"Not Eligible",15,1,1,NA,NA,NA,NA,NA,8,0,0,1,2,1,1,0,4,99,1
414,10812.39,2021,"65+","Female","European/Other",3,"Not in the labour force",0,0,0,3,1,9,3,"Disabled",5,5,6,1,1,3,4,6,2,0,1,"Yes",6,1,1,NA,NA,NA,NA,NA,5,0,0,5,2,6,1,1,4,1,3
415,12800.13,2021,"35-44","Male","European/Other",4,"Employed",0,1,3,1,3,4,1,"not disabled",3,8,7,4,2,5,5,7,6,2,6,"Yes",19,4,2,NA,NA,NA,NA,NA,4,1,0,3,4,3,0,0,4,1,1
416,89.28954,2021,"65+","Male","European/Other",1,"Unemployed",1,0,0,2,1,8,1,"not disabled",5,10,10,4,1,1,5,6,10,6,5,"Yes",19,1,1,NA,NA,NA,NA,NA,8,0,0,1,6,6,0,0,4,1,2
417,1897.066,2021,"45-54","Female","Maori",4,"Employed",0,0,0,3,3,4,2,"not disabled",10,9,10,3,2,3,3,0,4,0,2,"Yes",19,2,1,NA,NA,NA,NA,NA,3,0,1,1,1,4,1,0,1,1,1
418,7308.291,2021,"55-64","Male","European/Other",4,"Employed",1,0,0,2,3,3,2,"not disabled",7,9,9,4,1,5,5,5,8,0,2,"Yes",20,1,1,NA,NA,NA,NA,NA,3,0,0,1,1,5,0,0,4,1,1
419,8514.521,2021,"15-24","Female","European/Other",1,"Not in the labour force",0,0,0,1,2,3,2,"not disabled",9,8,8,4,2,3,3,6,10,7,8,"Not Eligible",17,1,1,NA,NA,NA,NA,NA,8,1,0,2,2,1,1,0,4,99,3
420,3149.518,2021,"65+","Female","European/Other",1,"Not in the labour force",1,0,0,1,2,9,4,"Disabled",5,7,6,3,1,4,2,9,9,9,6,"No",16,2,2,NA,NA,NA,NA,NA,8,0,0,2,4,6,1,1,4,0,3
421,3049.911,2021,"35-44","Female","Maori",4,"Employed",1,1,1,2,1,5,4,"not disabled",6,6,6,4,1,2,3,8,9,7,6,"No",15,2,2,NA,NA,NA,NA,NA,4,1,0,1,2,3,1,0,1,0,1
422,1411.954,2021,"65+","Male","Maori",1,"Not in the labour force",0,0,0,2,1,2,1,"Disabled",10,10,8,2,1,4,5,7,9,10,6,"Yes",20,1,1,NA,NA,NA,NA,NA,3,1,0,1,6,6,0,1,1,1,3
423,13058.15,2021,"55-64","Male","European/Other",4,"Employed",1,0,0,2,3,1,2,"not disabled",5,7,9,2,1,5,5,8,8,6,7,"Yes",12,3,1,NA,NA,NA,NA,NA,8,0,0,1,2,5,0,0,4,1,1
424,14534.3,2021,"65+","Male","European/Other",2,"Employed",1,0,0,2,1,3,6,"Disabled",10,7,10,2,2,5,5,8,8,3,8,"Yes",16,1,1,NA,NA,NA,NA,NA,8,0,0,3,2,6,0,1,4,1,1
425,1537.543,2021,"65+","Male","Maori",3,"Employed",0,0,0,2,1,7,1,"not disabled",9,8,8,4,1,3,4,7,8,8,8,"Yes",19,1,1,NA,NA,NA,NA,NA,3,0,0,2,1,6,0,0,1,1,1
426,2813.07,2021,"15-24","Male","European/Other",2,"Employed",0,0,0,3,1,7,1,"not disabled",5,1,0,3,2,4,4,0,0,5,0,"No",12,4,2,NA,NA,NA,NA,NA,9,0,1,3,5,1,0,0,4,0,1
427,6949.07,2021,"35-44","Female","European/Other",4,"Employed",1,1,3,3,1,7,6,"not disabled",7,8,8,3,2,5,3,8,7,8,6,"Yes",15,4,2,NA,NA,NA,NA,NA,4,0,1,2,4,3,1,0,4,1,1
428,7193.502,2021,"15-24","Male","European/Other",1,"Employed",0,0,0,3,1,8,1,"not disabled",9,7,7,4,2,4,4,7,8,6,7,"No",16,1,3,NA,NA,NA,NA,NA,3,0,0,2,2,1,0,0,4,0,1
429,6864.732,2021,"25-34","Female","European/Other",1,"Employed",1,0,0,3,3,1,2,"not disabled",7,8,10,4,1,4,5,7,6,5,7,"Yes",15,1,1,NA,NA,NA,NA,NA,8,0,0,1,3,2,1,0,4,1,1
431,1024.485,2021,"35-44","Female","European/Other",2,"Not in the labour force",1,1,1,2,1,3,5,"not disabled",5,7,7,4,1,4,4,10,10,9,8,"Yes",14,3,3,NA,NA,NA,NA,NA,8,0,1,1,2,3,1,0,4,1,3
432,2264.045,2021,"65+","Male","European/Other",1,"Employed",0,0,0,3,1,10,1,"not disabled",10,10,8,3,1,5,5,7,9,6,5,"Yes",9,1,1,NA,NA,NA,NA,NA,4,0,0,2,4,6,0,0,4,1,1
433,948.3765,2021,"25-34","Female","Maori",1,"Employed",1,0,0,3,3,5,6,"not disabled",9,8,8,4,1,4,5,6,9,2,5,"Yes",15,3,2,NA,NA,NA,NA,NA,1,0,0,1,3,2,1,0,1,1,1
434,3896.554,2021,"55-64","Male","European/Other",3,"Not in the labour force",0,0,0,1,2,2,6,"not disabled",8,8,8,5,1,2,5,8,5,5,4,"Yes",18,1,1,NA,NA,NA,NA,NA,3,1,0,2,1,5,0,0,4,1,3
435,3785.039,2021,"65+","Male","European/Other",1,"Employed",0,0,0,3,1,7,3,"Disabled",1,10,10,3,1,2,4,10,10,3,9,"Yes",11,1,1,NA,NA,NA,NA,NA,3,0,0,1,2,6,0,1,4,1,1
436,2141.935,2021,"45-54","Female","European/Other",1,"Employed",1,1,2,1,3,7,1,"not disabled",6,7,9,4,1,3,4,9,10,0,7,"Yes",17,2,1,NA,NA,NA,NA,NA,1,0,0,3,2,4,1,0,4,1,1
437,2141.935,2021,"55-64","Female","European/Other",4,"Employed",1,0,0,1,3,6,6,"not disabled",4,6,7,5,1,2,5,9,10,9,7,"No",15,4,2,NA,NA,NA,NA,NA,2,0,0,1,2,5,1,0,4,0,1
438,6876.364,2021,"25-34","Female","European/Other",2,"Not in the labour force",1,1,1,3,3,5,1,"not disabled",10,8,10,3,2,4,5,8,10,6,9,"Yes",18,1,2,NA,NA,NA,NA,NA,9,0,0,1,1,2,1,0,4,1,3
439,19320.9,2021,"35-44","Female","European/Other",1,"Employed",1,0,0,3,1,9,1,"not disabled",0,10,7,4,4,2,4,1,0,0,0,"No",13,4,2,NA,NA,NA,NA,NA,8,0,0,1,4,3,1,0,4,0,1
440,1478.644,2021,"55-64","Male","European/Other",3,"Not in the labour force",0,0,0,2,2,2,1,"not disabled",7,8,8,5,1,4,5,7,9,4,5,"Yes",18,2,1,NA,NA,NA,NA,NA,3,0,0,2,2,5,0,0,4,1,3
441,6721.88,2021,"65+","Female","European/Other",3,"Employed",0,0,0,2,1,6,1,"not disabled",8,9,9,4,1,2,4,4,8,0,4,"Yes",19,1,1,NA,NA,NA,NA,NA,8,0,0,1,1,6,1,0,4,1,1
442,5779.177,2021,"55-64","Female","European/Other",1,"Employed",0,0,0,2,3,2,1,"not disabled",10,8,9,5,1,4,5,8,8,7,8,"Yes",20,2,1,NA,NA,NA,NA,NA,4,0,0,2,2,5,1,0,4,1,1
443,2964.052,2021,"25-34","Female","European/Other",4,"Not in the labour force",1,0,0,1,2,4,5,"not disabled",4,8,7,4,1,3,4,6,5,3,5,"No",18,1,1,NA,NA,NA,NA,NA,9,0,0,1,2,2,1,0,4,0,3
444,3892.513,2021,"65+","Male","European/Other",2,"Employed",1,0,0,2,2,2,2,"not disabled",4,10,10,4,1,1,4,7,9,7,8,"Yes",20,2,2,NA,NA,NA,NA,NA,8,0,0,1,2,6,0,0,4,1,1
445,7260.523,2021,"45-54","Male","European/Other",3,"Employed",0,0,0,2,1,9,6,"not disabled",3,4,7,2,1,2,3,5,6,4,0,"Yes",11,2,2,NA,NA,NA,NA,NA,3,0,0,2,4,4,0,0,4,1,1
446,1185.057,2021,"15-24","Female","Maori",2,"Employed",0,0,0,3,3,9,1,"not disabled",5,7,7,3,3,3,4,7,10,2,9,"Yes",18,1,1,NA,NA,NA,NA,NA,2,0,1,2,2,1,1,0,1,1,1
447,1293.646,2021,"65+","Female","European/Other",1,"Not in the labour force",0,0,0,2,1,1,6,"not disabled",8,9,8,2,1,4,5,8,8,7,8,"Yes",18,1,1,NA,NA,NA,NA,NA,2,0,0,3,2,6,1,0,4,1,3
448,1777.312,2021,"55-64","Female","European/Other",1,"Employed",1,0,0,2,3,8,1,"Disabled",7,9,9,3,1,3,4,7,8,7,6,"Yes",17,1,1,NA,NA,NA,NA,NA,3,0,0,2,4,5,1,1,4,1,1
449,444.5535,2021,"35-44","Female","Maori",3,"Not in the labour force",1,0,0,1,3,5,1,"not disabled",7,6,6,3,1,2,4,6,7,2,5,"Yes",15,1,1,NA,NA,NA,NA,NA,5,0,0,4,3,3,1,0,1,1,3
450,2087.904,2021,"55-64","Male","Asian",4,"Employed",1,1,1,1,2,9,2,"not disabled",6,4,5,2,3,5,3,6,8,4,7,"Yes",9,3,2,NA,NA,NA,NA,NA,1,0,1,1,3,5,0,0,3,1,1
451,1444.375,2021,"45-54","Male","European/Other",1,"Not in the labour force",1,0,0,1,3,7,6,"not disabled",7,8,8,3,1,4,3,5,8,8,6,"Yes",13,2,2,NA,NA,NA,NA,NA,4,0,1,1,1,4,0,0,4,1,3
452,3222.255,2021,"55-64","Male","European/Other",4,"Employed",1,0,0,1,3,2,1,"not disabled",8,8,9,2,1,3,5,10,10,6,7,"Yes",17,1,1,NA,NA,NA,NA,NA,8,0,0,2,4,5,0,0,4,1,1
453,1284.941,2021,"35-44","Female","European/Other",4,"Employed",1,0,0,2,3,2,2,"not disabled",5,9,9,4,1,4,5,8,10,5,7,"Yes",17,1,2,NA,NA,NA,NA,NA,3,0,0,1,1,3,1,0,4,1,1
454,1326.94,2021,"55-64","Male","European/Other",4,"Not in the labour force",1,0,0,3,3,1,4,"not disabled",7,9,7,3,1,4,4,8,9,4,7,"No",18,99,1,NA,NA,NA,NA,NA,9,0,0,1,3,5,0,0,4,0,3
455,1326.94,2021,"35-44","Male","European/Other",1,"Not in the labour force",1,1,1,1,2,8,6,"not disabled",2,3,4,5,1,4,4,8,9,7,7,"Yes",6,4,1,NA,NA,NA,NA,NA,3,0,1,2,5,3,0,0,4,1,3
456,8539.417,2021,"65+","Female","European/Other",4,"Employed",1,0,0,1,3,6,6,"not disabled",8,8,9,5,2,3,4,7,6,3,5,"Yes",20,1,1,NA,NA,NA,NA,NA,3,0,0,1,2,6,1,0,4,1,1
457,9524.48,2021,"65+","Male","European/Other",1,"Employed",0,0,0,3,1,9,2,"not disabled",10,8,10,4,1,2,5,10,10,8,8,"Yes",14,2,1,NA,NA,NA,NA,NA,3,0,0,1,2,6,0,0,4,1,1
458,1777.377,2021,"65+","Female","European/Other",1,"Not in the labour force",0,0,0,2,1,9,1,"not disabled",5,7,8,3,2,3,4,8,10,7,6,"Yes",20,1,1,NA,NA,NA,NA,NA,3,0,0,2,5,6,1,0,4,1,3
459,465.6429,2021,"25-34","Female","Pacific",1,"Employed",0,0,0,1,3,9,2,"not disabled",0,7,7,4,1,3,5,5,8,2,6,"Yes",12,1,1,NA,NA,NA,NA,NA,8,1,0,3,3,2,1,0,2,1,1
461,1722.53,2021,"55-64","Male","European/Other",2,"Not in the labour force",1,0,0,1,3,6,1,"not disabled",8,10,10,3,1,3,3,3,7,0,0,"Yes",14,1,1,NA,NA,NA,NA,NA,3,1,1,1,1,5,0,0,4,1,3
462,4027.946,2021,"65+","Female","European/Other",3,"Employed",1,0,0,1,1,7,6,"Disabled",8,7,7,3,1,3,5,8,8,7,4,"Yes",20,1,1,NA,NA,NA,NA,NA,4,0,0,2,4,6,1,1,4,1,1
463,2669.95,2021,"55-64","Female","European/Other",1,"Employed",0,0,0,3,1,10,1,"not disabled",8,8,10,5,1,5,5,8,9,7,9,"Yes",18,4,2,NA,NA,NA,NA,NA,4,1,0,3,2,5,1,0,4,1,1
464,1158.291,2021,"35-44","Male","Asian",3,"Employed",1,1,2,1,3,1,1,"not disabled",10,7,10,3,1,4,5,7,7,6,4,"Yes",20,2,1,NA,NA,NA,NA,NA,3,0,0,1,2,3,0,0,3,1,1
465,16808.17,2021,"35-44","Male","European/Other",4,"Employed",1,1,2,1,3,1,1,"not disabled",8,9,9,5,1,4,5,9,10,6,8,"Yes",17,1,2,NA,NA,NA,NA,NA,3,0,0,1,3,3,0,0,4,1,1
466,1446.851,2021,"35-44","Male","European/Other",4,"Not in the labour force",1,1,1,3,3,2,4,"not disabled",5,5,5,3,1,5,3,10,8,5,5,"No",11,4,3,NA,NA,NA,NA,NA,8,1,1,3,2,3,0,0,4,0,3
467,4065.496,2021,"25-34","Male","European/Other",1,"Employed",1,1,1,3,3,9,2,"not disabled",4,8,8,3,1,4,4,10,10,7,10,"Yes",10,4,3,NA,NA,NA,NA,NA,5,1,1,1,4,2,0,0,4,1,1
468,1539.464,2021,"55-64","Male","Maori",1,"Employed",1,0,0,3,1,10,3,"Disabled",6,8,10,2,1,1,5,1,8,2,8,"Yes",8,2,1,NA,NA,NA,NA,NA,1,0,0,1,3,5,0,1,1,1,1
469,1384.882,2021,"65+","Male","Maori",1,"Employed",0,0,0,2,3,7,3,"not disabled",10,10,10,4,4,4,5,10,10,7,10,"Yes",11,2,1,NA,NA,NA,NA,NA,8,0,0,1,1,6,0,0,1,1,1
470,19005.59,2021,"15-24","Female","European/Other",2,"Employed",0,0,0,3,2,9,3,"not disabled",10,8,9,3,1,4,5,4,5,1,1,"No",13,3,2,NA,NA,NA,NA,NA,8,0,1,2,3,1,1,0,4,0,1
471,1481.262,2021,"65+","Male","European/Other",2,"Not in the labour force",0,0,0,2,1,8,1,"not disabled",6,10,10,4,1,4,5,8,10,6,7,"Yes",19,1,1,NA,NA,NA,NA,NA,3,0,0,1,2,6,0,0,4,1,3
472,611.0309,2021,"55-64","Female","Maori",1,"Not in the labour force",1,0,0,1,3,4,1,"not disabled",6,8,10,4,1,3,5,6,7,1,1,"Yes",16,1,2,NA,NA,NA,NA,NA,3,0,0,1,2,5,1,0,1,1,3
473,9307.352,2021,"35-44","Female","European/Other",3,"Employed",1,1,2,3,3,1,1,"not disabled",4,8,8,3,2,4,5,7,10,2,2,"Yes",20,2,3,NA,NA,NA,NA,NA,4,0,1,1,3,3,1,0,4,1,1
474,6892.95,2021,"45-54","Female","European/Other",4,"Employed",1,1,2,3,3,6,1,"not disabled",10,8,7,3,1,4,4,8,9,6,8,"Yes",18,3,1,NA,NA,NA,NA,NA,3,0,0,1,2,4,1,0,4,1,1
475,1317.438,2021,"35-44","Female","European/Other",4,"Not in the labour force",1,1,2,3,3,2,2,"not disabled",6,7,7,4,1,2,3,3,4,0,2,"No",11,2,2,NA,NA,NA,NA,NA,9,0,0,2,2,3,1,0,4,0,3
476,1298.472,2021,"15-24","Male","Maori",1,"Employed",1,0,0,3,1,9,1,"not disabled",8,8,8,3,3,4,5,8,6,6,6,"Yes",8,3,3,NA,NA,NA,NA,NA,4,0,0,2,1,1,0,0,1,1,1
477,4738.943,2021,"65+","Female","European/Other",1,"Employed",0,0,0,3,1,9,3,"not disabled",10,10,10,4,1,5,4,5,10,5,8,"Yes",13,3,1,NA,NA,NA,NA,NA,8,0,0,2,2,6,1,0,4,1,1
478,4738.943,2021,"35-44","Male","European/Other",3,"Employed",1,0,0,1,2,7,6,"not disabled",4,10,9,3,1,2,3,8,9,7,9,"Yes",17,1,1,NA,NA,NA,NA,NA,3,1,0,1,2,3,0,0,4,1,1
479,985.3992,2021,"65+","Female","Maori",2,"Not in the labour force",1,0,0,2,1,2,6,"not disabled",9,9,10,3,1,2,4,8,8,5,7,"Yes",20,1,1,NA,NA,NA,NA,NA,4,0,0,1,3,6,1,0,1,1,3
480,22320.36,2021,"35-44","Male","European/Other",1,"Employed",1,1,1,1,3,2,1,"not disabled",8,9,9,4,1,3,5,7,9,4,2,"Yes",13,1,2,NA,NA,NA,NA,NA,4,0,0,1,2,3,0,0,4,1,1
481,11602.23,2021,"65+","Male","European/Other",3,"Employed",0,0,0,2,1,9,6,"not disabled",10,10,10,5,3,4,5,6,8,5,4,"Yes",20,1,1,NA,NA,NA,NA,NA,8,0,0,1,1,6,0,0,4,1,1
482,1092.466,2021,"65+","Female","European/Other",4,"Not in the labour force",1,0,0,3,2,5,1,"not disabled",8,10,10,5,1,3,5,8,8,8,7,"Yes",20,1,1,NA,NA,NA,NA,NA,3,0,0,1,1,6,1,0,4,1,3
483,1391.76,2021,"55-64","Female","Maori",3,"Employed",1,1,1,3,3,4,6,"not disabled",4,7,7,2,1,3,3,8,8,4,4,"Yes",14,4,1,NA,NA,NA,NA,NA,9,0,0,2,4,5,1,0,1,1,1
484,1465.992,2021,"25-34","Male","European/Other",1,"Not in the labour force",1,0,0,3,3,4,5,"not disabled",7,8,8,5,1,4,5,7,8,5,7,"No",12,2,2,NA,NA,NA,NA,NA,8,0,1,2,1,2,0,0,4,0,3
485,1767.177,2021,"35-44","Male","European/Other",3,"Employed",0,0,0,1,2,7,1,"not disabled",6,8,7,4,2,3,4,5,9,2,6,"Yes",16,2,1,NA,NA,NA,NA,NA,5,0,1,2,3,3,0,0,4,1,1
486,913.5418,2021,"55-64","Female","European/Other",4,"Not in the labour force",1,0,0,2,1,6,6,"not disabled",7,8,8,2,1,3,5,8,8,2,8,"Yes",6,1,1,NA,NA,NA,NA,NA,3,0,1,1,2,5,1,0,4,1,3
487,739.2375,2021,"55-64","Male","Maori",1,"Employed",1,0,0,1,3,7,1,"not disabled",10,9,10,3,1,3,4,8,10,7,8,"Yes",20,1,1,NA,NA,NA,NA,NA,4,0,0,1,2,5,0,0,1,1,1
488,211.4742,2021,"65+","Female","Maori",4,"Not in the labour force",1,0,0,2,3,3,5,"not disabled",4,8,8,3,1,2,4,6,8,4,5,"Yes",14,2,1,NA,NA,NA,NA,NA,3,0,0,1,3,6,1,0,1,1,3
489,1335.825,2021,"25-34","Female","Maori",2,"Employed",0,0,0,2,3,5,1,"not disabled",7,7,6,3,1,4,4,8,8,0,2,"Yes",13,3,2,NA,NA,NA,NA,NA,3,0,1,1,3,2,1,0,1,1,1
490,2631.063,2021,"55-64","Male","European/Other",2,"Employed",0,1,1,2,2,3,1,"not disabled",9,9,9,5,3,5,5,6,9,1,6,"Yes",15,1,1,NA,NA,NA,NA,NA,3,0,1,1,1,5,0,0,4,1,1
491,1270.472,2021,"25-34","Male","Maori",4,"Employed",1,1,1,2,3,8,3,"not disabled",3,7,9,4,3,5,4,7,6,4,5,"Yes",12,2,1,NA,NA,NA,NA,NA,3,0,1,2,3,2,0,0,1,1,1
493,827.4869,2021,"35-44","Female","Maori",3,"Not in the labour force",0,0,0,3,1,6,2,"not disabled",7,6,6,3,1,3,4,7,8,7,6,"Yes",11,2,2,NA,NA,NA,NA,NA,9,0,0,3,4,3,1,0,1,1,3
494,821.5873,2021,"65+","Female","Maori",4,"Employed",1,0,0,2,2,5,6,"not disabled",10,8,10,4,1,3,5,9,9,8,8,"Yes",20,2,1,NA,NA,NA,NA,NA,3,0,0,2,2,6,1,0,1,1,1
495,8235.609,2021,"25-34","Female","European/Other",4,"Employed",1,0,0,1,3,7,4,"not disabled",4,8,8,4,1,4,4,7,7,8,8,"Yes",14,3,1,NA,NA,NA,NA,NA,9,0,0,1,2,2,1,0,4,1,1
496,1709.785,2021,"15-24","Female","Maori",1,"Not in the labour force",0,0,0,3,3,7,5,"not disabled",3,8,7,2,1,3,3,10,10,8,10,"No",12,3,2,NA,NA,NA,NA,NA,8,0,0,1,3,1,1,0,1,0,3
497,1193.522,2021,"35-44","Female","Pacific",1,"Employed",1,1,3,1,3,3,6,"not disabled",6,8,8,3,2,3,4,4,9,2,2,"Yes",19,1,1,NA,NA,NA,NA,NA,4,0,0,1,1,3,1,0,2,1,1
498,1851.158,2021,"65+","Male","European/Other",3,"Not in the labour force",0,0,0,2,1,7,1,"not disabled",5,9,10,4,2,4,5,7,9,5,6,"Yes",13,1,1,NA,NA,NA,NA,NA,3,0,0,1,1,6,0,0,4,1,3
499,2429.809,2021,"35-44","Male","European/Other",1,"Employed",1,1,4,3,3,7,1,"Disabled",1,7,9,4,2,5,2,2,4,5,4,"Yes",4,4,2,NA,NA,NA,NA,NA,3,1,1,2,3,3,0,1,4,1,1
500,1559.844,2021,"65+","Male","European/Other",1,"Not in the labour force",0,0,0,2,1,2,6,"not disabled",7,8,10,5,1,1,5,6,10,3,6,"Yes",14,1,1,NA,NA,NA,NA,NA,4,0,1,3,1,6,0,0,4,1,3
501,1365.798,2021,"45-54","Male","European/Other",1,"Not in the labour force",1,0,0,3,3,6,1,"not disabled",6,8,8,4,4,3,3,4,5,3,5,"Yes",10,3,2,NA,NA,NA,NA,NA,2,1,1,3,2,4,0,0,4,1,3
502,1365.798,2021,"35-44","Female","European/Other",4,"Not in the labour force",1,1,3,1,3,3,1,"not disabled",4,9,10,5,2,2,5,8,9,2,3,"Yes",12,1,1,NA,NA,NA,NA,NA,3,0,0,1,1,3,1,0,4,1,3
503,8970.445,2021,"45-54","Female","European/Other",2,"Employed",1,1,1,1,3,7,6,"not disabled",8,8,8,4,1,4,4,8,9,8,7,"Yes",20,1,1,NA,NA,NA,NA,NA,3,0,0,2,2,4,1,0,4,1,1
504,11712.87,2021,"55-64","Male","European/Other",2,"Employed",0,0,0,3,1,6,6,"not disabled",3,4,5,1,1,4,1,7,7,10,7,"No",8,4,2,NA,NA,NA,NA,NA,3,0,0,4,3,5,0,0,4,0,1
505,10602.04,2021,"45-54","Male","European/Other",3,"Employed",0,0,0,3,3,1,6,"not disabled",2,10,10,3,1,4,4,7,8,7,6,"No",13,4,2,NA,NA,NA,NA,NA,8,0,0,2,2,4,0,0,4,0,1
507,97.86972,2021,"45-54","Male","European/Other",3,"Unemployed",1,1,3,2,3,2,6,"not disabled",10,9,9,4,1,4,5,9,10,9,8,"Yes",16,2,1,NA,NA,NA,NA,NA,4,0,0,1,2,4,0,0,4,1,2
508,566.6075,2021,"55-64","Female","Maori",1,"Not in the labour force",1,0,0,2,3,5,1,"Disabled",8,6,9,2,1,1,4,9,9,2,4,"Yes",16,2,2,NA,NA,NA,NA,NA,3,0,0,1,5,5,1,1,1,1,3
509,1158.016,2021,"65+","Male","Asian",3,"Employed",0,0,0,3,2,9,1,"not disabled",10,5,8,5,1,4,5,7,8,6,8,"Yes",19,1,1,NA,NA,NA,NA,NA,3,0,1,2,3,6,0,0,3,1,1
510,2846.549,2021,"65+","Female","Maori",4,"Employed",1,0,0,1,1,7,1,"Disabled",5,7,8,4,2,4,5,8,9,3,0,"No",16,1,1,NA,NA,NA,NA,NA,8,0,1,1,2,6,1,1,1,0,1
511,2846.549,2021,"55-64","Male","Maori",1,"Employed",0,0,0,3,2,8,1,"Disabled",5,0,4,1,2,4,3,3,6,1,5,"Yes",7,4,1,NA,NA,NA,NA,NA,5,1,1,5,5,5,0,1,1,1,1
512,21338.32,2021,"15-24","Male","European/Other",1,"Employed",0,0,0,3,1,7,1,"not disabled",8,7,9,4,2,5,5,0,9,6,9,"Yes",17,3,2,NA,NA,NA,NA,NA,3,0,0,2,3,1,0,0,4,1,1
513,256.5708,2021,"45-54","Female","Maori",3,"Unemployed",0,0,0,3,1,1,6,"not disabled",5,5,5,1,1,4,5,8,6,6,7,"Yes",12,2,1,NA,NA,NA,NA,NA,4,0,0,5,4,4,1,0,1,1,2
514,1916.983,2021,"55-64","Male","European/Other",2,"Not in the labour force",0,0,0,1,1,8,6,"not disabled",7,8,7,3,1,5,4,7,7,6,6,"Yes",14,1,2,NA,NA,NA,NA,NA,5,0,0,2,3,5,0,0,4,1,3
515,1043.077,2021,"65+","Male","Maori",2,"Employed",0,0,0,2,1,10,1,"not disabled",2,8,10,3,2,3,4,5,10,5,10,"Yes",17,1,1,NA,NA,NA,NA,NA,4,0,0,1,1,6,0,0,1,1,1
516,6380.376,2021,"45-54","Male","European/Other",3,"Employed",1,0,0,1,3,4,1,"Disabled",10,6,10,4,1,4,5,7,10,2,0,"No",14,2,1,NA,NA,NA,NA,NA,8,0,0,2,1,4,0,1,4,0,1
517,6601.8,2021,"35-44","Female","European/Other",3,"Employed",1,1,4,1,3,6,6,"not disabled",9,8,10,3,1,1,5,7,9,7,9,"No",11,2,1,NA,NA,NA,NA,NA,8,0,1,1,2,3,1,0,4,0,1
518,3808.186,2021,"25-34","Male","European/Other",4,"Employed",1,0,0,1,3,4,1,"not disabled",9,8,7,5,1,5,5,9,9,8,9,"Yes",19,99,2,NA,NA,NA,NA,NA,9,0,1,2,3,2,0,0,4,1,1
519,1066.941,2021,"25-34","Male","Maori",1,"Employed",0,0,0,3,3,9,6,"not disabled",3,7,8,2,1,4,3,5,4,3,6,"Yes",5,4,2,NA,NA,NA,NA,NA,8,0,1,1,1,2,0,0,1,1,1
520,5053.432,2021,"65+","Male","European/Other",2,"Employed",1,0,0,3,1,10,5,"Disabled",8,8,10,4,1,2,5,7,4,5,6,"Yes",14,1,1,NA,NA,NA,NA,NA,8,0,0,3,6,6,0,1,4,1,1
521,4855.796,2021,"25-34","Male","European/Other",3,"Employed",1,0,0,3,2,9,5,"not disabled",5,10,10,5,1,4,5,7,9,6,9,"No",12,3,2,NA,NA,NA,NA,NA,8,0,0,1,3,2,0,0,4,0,1
522,4062.497,2021,"45-54","Male","European/Other",3,"Employed",1,1,1,1,3,2,6,"Disabled",0,7,9,1,1,5,3,7,5,8,6,"Yes",3,1,1,NA,NA,NA,NA,NA,5,1,1,3,6,4,0,1,4,1,1
523,10650.61,2021,"25-34","Male","European/Other",2,"Employed",0,0,0,3,1,10,4,"not disabled",0,3,3,3,1,4,4,2,0,0,0,"No",12,1,2,NA,NA,NA,NA,NA,9,1,0,1,2,2,0,0,4,0,1
524,2363.504,2021,"25-34","Male","European/Other",3,"Not in the labour force",1,0,0,1,3,10,1,"not disabled",7,8,9,3,2,3,5,8,9,4,7,"Yes",13,99,2,NA,NA,NA,NA,NA,9,0,0,1,1,2,0,0,4,1,3
525,2392.988,2021,"15-24","Female","European/Other",1,"Not in the labour force",0,0,0,3,3,10,1,"not disabled",4,5,6,4,3,5,4,7,8,5,5,"No",0,1,1,NA,NA,NA,NA,NA,5,0,1,2,2,1,1,0,4,0,3
526,1403.913,2021,"35-44","Male","Maori",4,"Not in the labour force",0,0,0,1,3,2,2,"not disabled",7,8,8,5,1,4,4,8,8,5,6,"Yes",16,99,1,NA,NA,NA,NA,NA,4,0,0,1,3,3,0,0,1,1,3
527,4523.348,2021,"65+","Male","European/Other",2,"Employed",0,0,0,3,1,7,6,"not disabled",9,7,8,3,1,5,4,8,9,8,8,"No",13,99,1,NA,NA,NA,NA,NA,5,0,0,2,2,6,0,0,4,0,1
528,1786.283,2021,"35-44","Female","European/Other",1,"Employed",0,1,2,1,3,5,1,"not disabled",7,7,10,4,1,4,4,9,10,8,8,"Yes",19,2,1,NA,NA,NA,NA,NA,8,1,1,2,3,3,1,0,4,1,1
529,771.2234,2021,"25-34","Female","Maori",2,"Employed",1,0,0,3,2,7,1,"not disabled",6,8,8,4,2,3,5,10,8,6,5,"Yes",18,1,1,NA,NA,NA,NA,NA,8,0,0,1,1,2,1,0,1,1,1
530,208.3685,2021,"15-24","Male","Maori",4,"Not in the labour force",0,0,0,1,3,5,1,"not disabled",5,7,9,4,3,5,4,8,9,7,9,"Yes",16,2,2,NA,NA,NA,NA,NA,9,0,0,2,4,1,0,0,1,1,3
531,902.2654,2021,"25-34","Male","European/Other",2,"Not in the labour force",1,0,0,1,3,10,1,"not disabled",7,9,9,5,2,5,5,7,9,7,7,"Yes",18,2,2,NA,NA,NA,NA,NA,3,0,0,1,1,2,0,0,4,1,3
532,6007.309,2021,"65+","Male","European/Other",3,"Employed",0,0,0,1,1,7,1,"Disabled",4,6,6,5,1,3,4,7,2,1,3,"Yes",9,1,1,NA,NA,NA,NA,NA,5,0,1,1,5,6,0,1,4,1,1
533,9983.067,2021,"65+","Female","European/Other",1,"Employed",0,0,0,2,1,5,1,"Disabled",6,5,6,2,1,1,5,5,10,0,7,"Yes",14,4,3,NA,NA,NA,NA,NA,8,0,0,3,2,6,1,1,4,1,1
534,797.3518,2021,"55-64","Female","European/Other",2,"Not in the labour force",1,0,0,1,3,9,1,"not disabled",8,10,8,3,1,4,4,8,9,5,5,"Yes",15,1,1,NA,NA,NA,NA,NA,8,0,0,1,2,5,1,0,4,1,3
535,1557.424,2021,"25-34","Male","European/Other",2,"Not in the labour force",0,1,2,3,1,7,1,"not disabled",9,8,9,3,3,4,5,7,10,7,8,"Yes",8,3,3,NA,NA,NA,NA,NA,8,0,0,1,3,2,0,0,4,1,3
536,8014.789,2021,"25-34","Male","European/Other",4,"Employed",1,0,0,1,2,6,6,"not disabled",5,8,7,3,1,2,4,9,8,8,8,"No",16,1,1,NA,NA,NA,NA,NA,4,0,0,3,2,2,0,0,4,0,1
537,712.0853,2021,"45-54","Female","Maori",3,"Employed",0,0,0,2,2,6,6,"not disabled",5,7,7,3,1,4,4,7,8,8,8,"Yes",12,3,2,NA,NA,NA,NA,NA,3,0,0,2,3,4,1,0,1,1,1
538,14866.21,2021,"35-44","Female","European/Other",2,"Employed",1,1,2,1,3,3,1,"not disabled",5,9,9,3,2,4,5,7,10,5,7,"No",14,1,1,NA,NA,NA,NA,NA,8,0,0,1,2,3,1,0,4,0,1
539,837.7709,2021,"65+","Female","European/Other",2,"Not in the labour force",1,0,0,2,1,10,2,"not disabled",7,10,10,4,1,2,5,8,9,5,6,"Yes",16,2,1,NA,NA,NA,NA,NA,3,0,0,1,2,6,1,0,4,1,3
540,113.6625,2021,"45-54","Female","Asian",1,"Employed",0,0,0,1,2,8,1,"not disabled",7,8,7,4,1,3,4,7,4,3,4,"Yes",20,2,2,NA,NA,NA,NA,NA,4,0,0,2,2,4,1,0,3,1,1
542,891.5598,2021,"55-64","Female","European/Other",1,"Not in the labour force",1,0,0,1,1,10,1,"Disabled",5,7,10,1,2,3,3,5,7,2,3,"Yes",12,3,2,NA,NA,NA,NA,NA,3,1,0,3,5,5,1,1,4,1,3
543,138.8641,2021,"15-24","Male","Asian",1,"Not in the labour force",0,0,0,3,3,1,6,"not disabled",8,7,9,4,1,4,5,5,0,4,7,"Yes",17,1,2,NA,NA,NA,NA,NA,3,0,1,1,2,1,0,0,3,1,3
544,6911.301,2021,"35-44","Male","European/Other",3,"Employed",1,1,2,1,3,8,1,"not disabled",7,9,10,5,2,3,5,7,8,7,7,"Yes",16,1,1,NA,NA,NA,NA,NA,5,0,0,1,1,3,0,0,4,1,1
545,7319.26,2021,"55-64","Male","European/Other",1,"Employed",0,0,0,1,3,2,1,"not disabled",7,6,7,2,2,4,5,8,8,3,5,"Yes",9,2,2,NA,NA,NA,NA,NA,4,0,1,1,2,5,0,0,4,1,1
546,2927.704,2021,"25-34","Female","European/Other",1,"Employed",0,0,0,3,2,10,2,"not disabled",5,6,7,1,2,4,4,5,8,5,7,"No",14,1,2,NA,NA,NA,NA,NA,4,0,0,1,1,2,1,0,4,0,1
547,602.9279,2021,"45-54","Male","Maori",4,"Employed",0,0,0,3,1,9,6,"not disabled",4,4,7,2,2,3,3,7,9,1,2,"Yes",7,2,1,NA,NA,NA,NA,NA,9,0,0,3,4,4,0,0,1,1,1
548,1664.036,2021,"65+","Female","European/Other",2,"Employed",1,0,0,2,1,6,2,"not disabled",5,4,7,2,1,2,5,7,9,5,4,"Yes",14,3,1,NA,NA,NA,NA,NA,3,0,0,1,3,6,1,0,4,1,1
549,199.4579,2021,"65+","Female","Maori",3,"Not in the labour force",0,0,0,2,1,8,2,"not disabled",2,8,6,3,1,3,4,0,5,0,0,"Yes",14,2,1,NA,NA,NA,NA,NA,4,0,0,3,3,6,1,0,1,1,3
550,1132.119,2021,"65+","Male","European/Other",1,"Not in the labour force",0,0,0,2,1,5,1,"not disabled",5,2,8,1,1,4,5,8,9,4,4,"Yes",19,1,1,NA,NA,NA,NA,NA,4,0,0,2,1,6,0,0,4,1,3
551,356.3727,2021,"25-34","Female","Maori",2,"Not in the labour force",1,1,3,3,1,4,6,"not disabled",10,9,9,5,1,2,4,8,10,6,10,"No",13,1,1,NA,NA,NA,NA,NA,8,0,0,5,5,2,1,0,1,0,3
552,3156.403,2021,"25-34","Female","European/Other",1,"Employed",1,1,1,3,2,6,1,"not disabled",9,9,9,3,1,5,5,5,9,7,7,"No",16,3,1,NA,NA,NA,NA,NA,8,0,0,1,4,2,1,0,4,0,1
553,231.736,2021,"65+","Female","Maori",2,"Employed",1,0,0,2,1,5,6,"not disabled",8,10,8,3,1,2,4,8,9,0,3,"Yes",20,1,1,NA,NA,NA,NA,NA,3,0,1,1,4,6,1,0,1,1,1
554,4542.942,2021,"55-64","Male","European/Other",1,"Not in the labour force",1,0,0,2,3,3,1,"not disabled",10,0,10,5,1,3,5,6,8,3,5,"No",12,1,2,NA,NA,NA,NA,NA,3,1,0,2,4,5,0,0,4,0,3
555,7743.343,2021,"35-44","Male","European/Other",3,"Employed",1,1,1,3,2,9,1,"not disabled",3,8,5,4,1,2,3,3,5,0,0,"Yes",14,4,1,NA,NA,NA,NA,NA,2,1,0,2,5,3,0,0,4,1,1
556,2958.246,2021,"45-54","Female","Maori",1,"Employed",0,0,0,3,2,7,6,"not disabled",5,7,8,4,1,4,4,6,4,3,3,"Yes",17,1,1,NA,NA,NA,NA,NA,4,0,0,2,2,4,1,0,1,1,1
557,4057.743,2021,"55-64","Male","European/Other",1,"Employed",1,0,0,1,1,6,1,"not disabled",9,8,9,3,1,2,5,6,9,3,5,"Yes",14,1,1,NA,NA,NA,NA,NA,3,0,0,1,2,5,0,0,4,1,1
558,5235.592,2021,"65+","Female","European/Other",1,"Employed",0,0,0,1,1,10,1,"not disabled",5,4,5,2,1,4,4,5,5,4,5,"Yes",16,2,1,NA,NA,NA,NA,NA,3,0,0,4,2,6,1,0,4,1,1
559,1485.605,2021,"25-34","Male","Maori",4,"Not in the labour force",0,0,0,1,3,8,5,"not disabled",7,7,8,3,1,4,4,7,8,3,5,"Yes",17,2,2,NA,NA,NA,NA,NA,3,1,1,2,2,2,0,0,1,1,3
560,423.4166,2021,"65+","Male","Pacific",1,"Not in the labour force",1,0,0,2,1,7,1,"Disabled",4,8,7,3,1,1,4,7,8,5,6,"Yes",12,1,1,NA,NA,NA,NA,NA,8,0,0,1,3,6,0,1,2,1,3
561,1605.828,2021,"55-64","Male","European/Other",4,"Not in the labour force",1,0,0,2,3,6,1,"not disabled",10,9,9,4,1,2,5,9,10,8,9,"Yes",17,1,1,NA,NA,NA,NA,NA,3,0,0,1,2,5,0,0,4,1,3
562,1561.254,2021,"45-54","Female","European/Other",1,"Not in the labour force",1,1,1,1,3,9,1,"not disabled",8,7,7,2,2,3,4,3,8,2,3,"Yes",20,1,1,NA,NA,NA,NA,NA,4,0,0,1,2,4,1,0,4,1,3
563,569.3007,2021,"15-24","Male","Maori",2,"Not in the labour force",1,0,0,1,2,9,3,"not disabled",5,5,7,2,1,4,4,3,0,0,0,"Yes",4,3,2,NA,NA,NA,NA,NA,3,0,0,1,1,1,0,0,1,1,3
564,1732.199,2021,"45-54","Male","Maori",3,"Employed",0,0,0,1,1,2,1,"not disabled",6,4,5,2,2,4,4,6,8,4,7,"Yes",17,99,1,NA,NA,NA,NA,NA,9,0,0,3,3,4,0,0,1,1,1
565,2628.65,2021,"55-64","Male","Maori",4,"Employed",0,0,0,2,2,2,1,"not disabled",7,8,7,4,1,4,5,8,8,7,8,"Yes",19,1,1,NA,NA,NA,NA,NA,3,0,0,2,1,5,0,0,1,1,1
566,2753.678,2021,"15-24","Male","European/Other",1,"Not in the labour force",0,0,0,3,1,8,1,"not disabled",5,10,10,3,1,4,5,8,8,7,9,"No",16,1,1,NA,NA,NA,NA,NA,8,0,0,1,3,1,0,0,4,0,3
567,11413.94,2021,"65+","Female","European/Other",2,"Employed",0,0,0,3,1,9,2,"not disabled",5,8,8,3,1,3,5,8,7,5,7,"Yes",16,2,1,NA,NA,NA,NA,NA,4,0,0,1,2,6,1,0,4,1,1
568,1007.725,2021,"15-24","Male","Asian",1,"Employed",0,0,0,3,2,9,2,"Disabled",6,6,2,2,3,5,4,1,2,1,2,"Not Eligible",19,1,2,NA,NA,NA,NA,NA,3,1,1,3,3,1,0,1,3,99,1
569,1025.078,2021,"45-54","Female","Asian",3,"Not in the labour force",1,0,0,3,3,5,6,"not disabled",5,9,9,4,1,5,5,6,6,5,6,"Yes",17,1,2,NA,NA,NA,NA,NA,8,0,0,1,5,4,1,0,3,1,3
570,2993.2,2021,"65+","Female","European/Other",4,"Employed",1,0,0,3,2,5,1,"not disabled",8,10,10,5,1,3,5,8,8,8,7,"Yes",20,1,1,NA,NA,NA,NA,NA,3,0,0,1,1,6,1,0,4,1,1
571,2884.111,2021,"15-24","Male","European/Other",2,"Employed",1,1,2,3,2,10,1,"not disabled",8,6,8,3,2,4,5,5,5,8,5,"No",16,1,1,NA,NA,NA,NA,NA,4,0,0,5,2,1,0,0,4,0,1
572,2029.85,2021,"25-34","Male","European/Other",1,"Employed",0,1,1,3,1,6,1,"not disabled",4,7,10,2,2,5,5,1,4,0,3,"Yes",5,3,2,NA,NA,NA,NA,NA,8,0,1,1,3,2,0,0,4,1,1
573,1725.698,2021,"65+","Female","Maori",2,"Employed",1,0,0,3,1,8,5,"not disabled",0,10,7,2,1,4,2,3,6,8,5,"Yes",8,4,2,NA,NA,NA,NA,NA,4,0,1,2,3,6,1,0,1,1,1
574,7361.551,2021,"65+","Male","European/Other",4,"Employed",0,0,0,2,3,6,6,"not disabled",10,6,10,3,2,5,3,8,8,7,7,"Yes",20,1,1,NA,NA,NA,NA,NA,8,1,1,2,2,6,0,0,4,1,1
575,647.106,2021,"25-34","Male","Maori",4,"Employed",1,1,1,3,3,10,4,"not disabled",7,9,10,5,2,5,5,7,8,3,5,"No",18,2,1,NA,NA,NA,NA,NA,3,0,0,1,1,2,0,0,1,0,1
576,1303.556,2021,"35-44","Male","European/Other",3,"Not in the labour force",1,1,3,1,3,3,6,"not disabled",5,9,8,3,2,4,5,7,9,5,5,"Yes",10,1,2,NA,NA,NA,NA,NA,3,0,0,2,2,3,0,0,4,1,3
577,2103.489,2021,"45-54","Male","European/Other",1,"Not in the labour force",1,1,2,1,2,8,1,"not disabled",8,8,7,3,2,3,4,7,9,4,7,"Yes",14,2,2,NA,NA,NA,NA,NA,3,0,0,1,2,4,0,0,4,1,3
578,4585.736,2021,"65+","Male","European/Other",2,"Employed",1,0,0,2,1,1,1,"not disabled",8,8,6,2,1,4,4,9,8,7,8,"Yes",14,2,1,NA,NA,NA,NA,NA,4,0,0,2,4,6,0,0,4,1,1
580,5559.011,2021,"35-44","Female","European/Other",2,"Employed",1,1,2,1,2,8,5,"not disabled",4,7,8,3,1,3,4,3,8,5,3,"No",13,3,2,NA,NA,NA,NA,NA,3,0,0,1,2,3,1,0,4,0,1
581,1032.162,2021,"65+","Female","European/Other",2,"Not in the labour force",0,0,0,3,1,8,1,"Disabled",10,5,5,2,1,3,5,6,4,6,5,"No",19,2,2,NA,NA,NA,NA,NA,4,1,0,3,3,6,1,1,4,0,3
582,8537.233,2021,"45-54","Female","European/Other",4,"Employed",1,0,0,1,3,4,1,"not disabled",9,8,9,4,1,4,5,8,8,6,6,"Yes",19,1,1,NA,NA,NA,NA,NA,4,1,0,2,2,4,1,0,4,1,1
583,1840.474,2021,"65+","Female","European/Other",2,"Not in the labour force",0,0,0,1,1,9,1,"Disabled",5,8,8,1,1,5,5,5,8,3,5,"Yes",20,1,1,NA,NA,NA,NA,NA,1,0,0,1,1,6,1,1,4,1,3
584,3743.79,2021,"15-24","Female","European/Other",1,"Employed",0,0,0,2,3,7,1,"not disabled",4,8,10,4,1,4,5,8,8,6,7,"Yes",19,1,1,NA,NA,NA,NA,NA,4,1,0,3,1,1,1,0,4,1,1
585,1196.374,2021,"45-54","Male","European/Other",4,"Not in the labour force",1,1,2,2,3,3,6,"not disabled",9,8,7,4,2,5,4,8,8,7,8,"Yes",19,2,2,NA,NA,NA,NA,NA,3,0,0,1,2,4,0,0,4,1,3
586,3370.628,2021,"35-44","Male","European/Other",4,"Employed",1,1,1,1,3,1,1,"not disabled",6,9,9,3,1,4,5,6,7,5,7,"Yes",19,1,1,NA,NA,NA,NA,NA,3,0,0,1,1,3,0,0,4,1,1
587,2648.077,2021,"65+","Male","European/Other",1,"Employed",1,0,0,3,2,10,2,"not disabled",10,10,10,4,1,5,4,10,10,0,0,"Yes",20,1,2,NA,NA,NA,NA,NA,4,0,0,1,4,6,0,0,4,1,1
588,704.6828,2021,"15-24","Male","European/Other",3,"Not in the labour force",0,1,1,3,1,9,6,"not disabled",7,5,7,1,1,4,3,4,4,2,4,"Yes",10,4,3,NA,NA,NA,NA,NA,9,0,0,4,2,1,0,0,4,1,3
589,919.1563,2021,"65+","Male","European/Other",3,"Not in the labour force",0,0,0,3,2,9,1,"not disabled",7,8,8,4,1,2,5,6,10,6,6,"Yes",19,1,1,NA,NA,NA,NA,NA,3,0,0,1,2,6,0,0,4,1,3
590,945.3981,2021,"55-64","Female","European/Other",1,"Not in the labour force",0,0,0,3,2,8,1,"not disabled",2,5,6,4,2,4,5,8,8,8,8,"Yes",12,2,1,NA,NA,NA,NA,NA,5,0,0,3,2,5,1,0,4,1,3
591,1347.678,2021,"15-24","Female","European/Other",4,"Not in the labour force",1,0,0,2,3,3,1,"not disabled",8,9,10,4,1,3,4,8,8,5,4,"Yes",18,1,1,NA,NA,NA,NA,NA,4,0,0,1,2,1,1,0,4,1,3
592,200.9608,2021,"15-24","Male","Maori",3,"Not in the labour force",0,0,0,2,3,2,1,"Disabled",7,7,10,5,1,3,5,6,8,0,2,"No",8,2,1,NA,NA,NA,NA,NA,3,0,0,4,4,1,0,1,1,0,3
593,107.2895,2021,"35-44","Male","Maori",4,"Not in the labour force",1,1,2,1,3,9,2,"not disabled",5,7,7,3,2,4,5,5,7,4,1,"Yes",7,1,2,NA,NA,NA,NA,NA,4,0,0,1,2,3,0,0,1,1,3
594,1313.213,2021,"45-54","Male","European/Other",1,"Not in the labour force",1,1,1,1,3,5,1,"not disabled",9,9,10,5,2,4,5,9,10,9,9,"Yes",20,1,1,NA,NA,NA,NA,NA,5,0,0,1,1,4,0,0,4,1,3
595,1178.466,2021,"15-24","Male","Maori",2,"Employed",0,0,0,3,2,7,2,"not disabled",7,9,10,5,1,5,5,8,9,5,6,"Yes",17,2,2,NA,NA,NA,NA,NA,9,0,0,2,1,1,0,0,1,1,1
596,2213.292,2021,"55-64","Male","European/Other",1,"Employed",1,0,0,2,1,3,6,"Disabled",8,8,7,3,1,4,4,8,8,2,7,"Yes",14,1,1,NA,NA,NA,NA,NA,3,0,0,1,3,5,0,1,4,1,1
597,6536.888,2021,"35-44","Female","European/Other",2,"Employed",1,0,0,1,2,5,6,"not disabled",5,6,8,3,1,4,4,8,8,5,5,"Yes",18,1,1,NA,NA,NA,NA,NA,3,0,0,2,1,3,1,0,4,1,1
598,3791.241,2021,"65+","Female","European/Other",2,"Employed",1,0,0,1,2,2,6,"not disabled",0,9,9,5,1,3,5,8,10,4,6,"Yes",18,1,1,NA,NA,NA,NA,NA,4,0,0,1,2,6,1,0,4,1,1
599,6497.438,2021,"65+","Female","European/Other",1,"Employed",0,0,0,2,1,7,1,"not disabled",6,7,8,3,1,2,4,5,8,4,5,"Yes",16,2,1,NA,NA,NA,NA,NA,4,0,0,2,2,6,1,0,4,1,1
600,3606.653,2021,"35-44","Female","European/Other",3,"Employed",1,0,0,1,3,6,1,"not disabled",10,8,10,4,1,4,5,7,8,5,6,"Yes",18,4,3,NA,NA,NA,NA,NA,3,1,0,1,2,3,1,0,4,1,1
601,1087.216,2021,"65+","Male","Maori",1,"Employed",1,0,0,2,1,7,1,"not disabled",9,10,9,4,1,4,5,7,9,5,6,"Yes",18,1,1,NA,NA,NA,NA,NA,3,0,0,1,3,6,0,0,1,1,1
602,224.351,2021,"55-64","Female","Maori",2,"Not in the labour force",1,0,0,1,2,9,6,"not disabled",3,5,5,3,1,4,3,8,9,7,9,"Yes",11,1,2,NA,NA,NA,NA,NA,1,1,1,2,5,5,1,0,1,1,3
603,4550.339,2021,"15-24","Female","European/Other",1,"Employed",0,0,0,1,2,8,1,"Disabled",7,10,10,3,1,5,3,8,9,7,9,"Yes",8,99,1,NA,NA,NA,NA,NA,9,1,0,3,3,1,1,1,4,1,1
604,4550.339,2021,"25-34","Male","European/Other",4,"Employed",1,0,0,3,3,4,1,"not disabled",3,8,8,3,2,5,5,8,6,5,5,"Yes",9,4,3,NA,NA,NA,NA,NA,4,1,0,2,3,2,0,0,4,1,1
605,1131.87,2021,"25-34","Female","European/Other",1,"Not in the labour force",0,0,0,3,2,7,1,"not disabled",4,6,7,2,1,3,5,6,6,7,7,"Yes",12,1,2,NA,NA,NA,NA,NA,8,0,0,1,1,2,1,0,4,1,3
606,1131.87,2021,"45-54","Male","European/Other",2,"Not in the labour force",1,0,0,3,3,7,4,"not disabled",8,8,8,5,1,4,5,8,10,9,9,"No",14,1,1,NA,NA,NA,NA,NA,3,0,0,2,1,4,0,0,4,0,3
607,1671.418,2021,"65+","Female","European/Other",2,"Not in the labour force",1,0,0,2,1,1,6,"Disabled",10,10,10,3,1,2,4,8,5,4,5,"Yes",16,1,1,NA,NA,NA,NA,NA,8,0,0,3,2,6,1,1,4,1,3
608,1861.833,2021,"25-34","Male","European/Other",1,"Not in the labour force",0,1,1,3,1,10,3,"not disabled",10,4,4,4,2,4,4,4,5,4,4,"No",0,99,3,NA,NA,NA,NA,NA,5,0,0,2,2,2,0,0,4,0,3
609,6640.489,2021,"25-34","Male","European/Other",1,"Employed",1,1,1,1,2,10,1,"not disabled",7,6,6,5,2,5,3,6,8,0,5,"Yes",17,1,1,NA,NA,NA,NA,NA,5,0,1,4,5,2,0,0,4,1,1
610,3599.859,2021,"45-54","Female","European/Other",2,"Not in the labour force",1,0,0,2,2,1,6,"not disabled",10,7,8,4,1,4,4,7,8,9,8,"Yes",18,1,1,NA,NA,NA,NA,NA,8,0,0,1,4,4,1,0,4,1,3
611,13276.94,2021,"35-44","Female","European/Other",3,"Employed",1,1,2,1,1,7,6,"not disabled",4,10,8,4,1,4,2,10,10,10,10,"Yes",10,4,2,NA,NA,NA,NA,NA,2,0,0,3,3,3,1,0,4,1,1
612,5001.54,2021,"35-44","Male","European/Other",2,"Not in the labour force",1,1,2,3,2,9,6,"not disabled",5,6,6,3,1,4,4,5,10,5,8,"No",3,3,2,NA,NA,NA,NA,NA,4,1,1,1,2,3,0,0,4,0,3
613,15067.32,2021,"25-34","Female","European/Other",4,"Employed",1,0,0,1,2,4,5,"not disabled",4,8,7,4,1,3,4,6,5,3,5,"No",18,1,1,NA,NA,NA,NA,NA,9,0,0,1,2,2,1,0,4,0,1
614,232.3188,2021,"25-34","Male","Pacific",1,"Not in the labour force",1,1,3,1,3,6,6,"not disabled",8,8,9,4,2,4,5,9,10,8,8,"Yes",19,1,1,NA,NA,NA,NA,NA,4,0,0,1,2,2,0,0,2,1,3
615,1250.147,2021,"15-24","Male","Maori",1,"Employed",0,0,0,1,1,6,1,"not disabled",8,9,10,4,1,4,5,8,10,8,6,"Not Eligible",15,1,1,NA,NA,NA,NA,NA,3,0,0,1,1,1,0,0,1,99,1
616,1578.065,2021,"65+","Female","Asian",1,"Employed",0,0,0,3,1,9,1,"not disabled",6,7,8,4,2,2,3,8,8,8,7,"Yes",19,1,1,NA,NA,NA,NA,NA,3,1,1,3,2,6,1,0,3,1,1
617,1123.32,2021,"55-64","Male","Maori",3,"Not in the labour force",1,0,0,1,3,10,6,"not disabled",3,5,5,3,1,3,4,8,10,8,8,"Yes",15,2,2,NA,NA,NA,NA,NA,3,0,0,2,4,5,0,0,1,1,3
618,2273.549,2021,"35-44","Male","European/Other",4,"Not in the labour force",1,1,2,2,3,3,2,"not disabled",10,10,10,5,1,3,5,4,3,2,4,"Yes",20,1,1,NA,NA,NA,NA,NA,8,0,0,2,4,3,0,0,4,1,3
619,4448.962,2021,"65+","Female","European/Other",1,"Employed",1,0,0,1,3,5,1,"not disabled",8,10,8,3,1,4,4,8,10,8,10,"No",19,1,1,NA,NA,NA,NA,NA,3,0,0,1,2,6,1,0,4,0,1
620,1423.589,2021,"65+","Male","European/Other",1,"Not in the labour force",1,0,0,2,3,4,1,"Disabled",10,7,9,4,1,2,5,8,9,6,8,"Yes",20,1,1,NA,NA,NA,NA,NA,8,0,0,2,3,6,0,1,4,1,3
621,3558.133,2021,"15-24","Female","European/Other",1,"Employed",0,0,0,3,3,8,6,"not disabled",3,10,10,3,1,2,3,3,1,2,2,"No",15,3,1,NA,NA,NA,NA,NA,4,1,1,1,3,1,1,0,4,0,1
622,13270.83,2021,"45-54","Male","European/Other",3,"Employed",1,0,0,2,3,2,1,"not disabled",10,8,8,3,2,2,3,4,2,2,2,"Yes",17,1,1,NA,NA,NA,NA,NA,5,1,1,1,3,4,0,0,4,1,1
623,18520.99,2021,"25-34","Male","European/Other",4,"Employed",1,1,1,1,3,7,1,"not disabled",4,7,10,2,1,4,4,8,10,8,7,"Yes",16,2,1,NA,NA,NA,NA,NA,3,0,1,3,3,2,0,0,4,1,1
624,10587.59,2021,"35-44","Male","European/Other",4,"Employed",0,0,0,3,3,5,6,"not disabled",7,6,9,5,1,4,3,7,9,3,9,"No",12,1,1,NA,NA,NA,NA,NA,9,0,1,4,1,3,0,0,4,0,1
625,5453.129,2021,"65+","Male","European/Other",3,"Not in the labour force",1,0,0,1,3,8,6,"Disabled",5,8,9,3,1,4,3,7,8,0,4,"Yes",16,1,1,NA,NA,NA,NA,NA,5,0,1,1,1,6,0,1,4,1,3
626,16693.01,2021,"15-24","Male","European/Other",3,"Employed",0,0,0,2,3,5,1,"not disabled",6,8,8,3,3,5,4,5,2,4,3,"No",13,2,1,NA,NA,NA,NA,NA,3,1,1,3,4,1,0,0,4,0,1
627,1224.747,2021,"35-44","Female","Asian",4,"Not in the labour force",1,0,0,3,1,4,6,"not disabled",3,3,3,3,2,2,2,2,7,4,4,"No",8,2,2,NA,NA,NA,NA,NA,5,0,0,2,5,3,1,0,3,0,3
628,9175.908,2021,"65+","Female","European/Other",2,"Employed",1,0,0,2,1,7,1,"not disabled",8,9,9,4,1,3,5,9,8,5,5,"Yes",14,2,1,NA,NA,NA,NA,NA,3,0,0,1,3,6,1,0,4,1,1
629,1437.13,2021,"15-24","Male","European/Other",1,"Not in the labour force",0,0,0,3,2,1,1,"not disabled",5,8,7,5,1,4,5,8,7,9,7,"Yes",12,1,1,NA,NA,NA,NA,NA,8,0,0,3,3,1,0,0,4,1,3
630,64.81984,2021,"65+","Male","Asian",1,"Unemployed",1,0,0,3,1,6,3,"not disabled",4,7,7,2,1,4,5,0,3,1,3,"Yes",13,1,1,NA,NA,NA,NA,NA,8,0,1,1,1,6,0,0,3,1,2
631,6223.526,2021,"65+","Female","European/Other",2,"Employed",1,0,0,2,1,3,6,"Disabled",4,5,6,1,2,4,2,4,7,0,3,"Yes",5,2,2,NA,NA,NA,NA,NA,4,1,0,2,3,6,1,1,4,1,1
632,1275.985,2021,"25-34","Female","European/Other",4,"Not in the labour force",0,0,0,1,3,9,1,"not disabled",10,8,8,3,1,3,5,7,7,4,5,"Yes",19,2,1,NA,NA,NA,NA,NA,8,0,0,2,2,2,1,0,4,1,3
633,2404.126,2021,"65+","Male","European/Other",1,"Not in the labour force",0,0,0,2,1,8,1,"not disabled",8,6,6,4,1,4,5,8,8,6,6,"Yes",14,3,1,NA,NA,NA,NA,NA,3,0,0,3,4,6,0,0,4,1,3
634,287.0053,2021,"65+","Female","Asian",2,"Not in the labour force",0,0,0,2,1,1,1,"not disabled",7,9,10,4,1,3,5,7,10,3,2,"Yes",20,1,1,NA,NA,NA,NA,NA,3,0,1,1,3,6,1,0,3,1,3
635,3507.709,2021,"35-44","Male","European/Other",4,"Employed",1,1,3,1,3,5,1,"not disabled",5,8,8,4,1,4,4,6,10,6,3,"Yes",17,2,2,NA,NA,NA,NA,NA,3,0,0,2,3,3,0,0,4,1,1
636,2483.78,2021,"65+","Female","European/Other",3,"Not in the labour force",0,0,0,2,2,4,1,"not disabled",7,7,8,2,1,2,5,9,9,7,8,"Yes",18,1,1,NA,NA,NA,NA,NA,3,0,0,4,2,6,1,0,4,1,3
637,2417.108,2021,"45-54","Male","Asian",3,"Employed",1,1,2,2,3,1,1,"not disabled",8,9,9,5,2,4,4,7,7,3,5,"Yes",18,2,1,NA,NA,NA,NA,NA,4,0,0,1,1,4,0,0,3,1,1
638,1809.233,2021,"65+","Male","European/Other",4,"Not in the labour force",0,0,0,2,1,8,6,"not disabled",10,4,8,3,1,1,4,9,9,5,9,"Yes",20,2,1,NA,NA,NA,NA,NA,4,1,1,2,1,6,0,0,4,1,3
639,7569.411,2021,"65+","Male","European/Other",1,"Employed",0,0,0,2,1,7,1,"not disabled",8,10,6,3,1,3,5,8,10,4,6,"Yes",19,2,1,NA,NA,NA,NA,NA,5,0,0,2,2,6,0,0,4,1,1
640,415.0249,2021,"45-54","Female","Pacific",1,"Employed",0,0,0,3,2,2,1,"not disabled",8,5,8,3,1,4,4,9,9,3,3,"Yes",15,1,1,NA,NA,NA,NA,NA,8,0,0,3,6,4,1,0,2,1,1
641,18985.03,2021,"35-44","Male","European/Other",3,"Employed",1,1,2,3,1,8,4,"not disabled",4,7,9,3,1,3,4,5,10,5,8,"No",7,2,3,NA,NA,NA,NA,NA,1,0,1,1,2,3,0,0,4,0,1
642,5997.249,2021,"25-34","Male","European/Other",2,"Employed",1,1,2,1,1,8,1,"not disabled",6,5,8,2,1,3,3,5,5,3,3,"Yes",9,2,2,NA,NA,NA,NA,NA,4,1,1,1,6,2,0,0,4,1,1
643,5855.953,2021,"25-34","Male","European/Other",2,"Not in the labour force",0,0,0,1,3,3,5,"not disabled",10,7,7,3,1,3,3,7,8,7,7,"No",18,1,1,NA,NA,NA,NA,NA,8,0,1,2,1,2,0,0,4,0,3
644,3858.134,2021,"15-24","Female","European/Other",1,"Employed",1,0,0,3,1,9,1,"not disabled",6,7,8,4,1,4,3,7,5,3,6,"Yes",17,2,1,NA,NA,NA,NA,NA,5,1,1,1,1,1,1,0,4,1,1
645,3757.431,2021,"65+","Female","European/Other",4,"Not in the labour force",1,0,0,1,3,9,1,"not disabled",8,9,9,5,1,4,5,8,7,6,6,"Yes",12,1,1,NA,NA,NA,NA,NA,3,0,1,3,3,6,1,0,4,1,3
646,1934.25,2021,"65+","Male","European/Other",1,"Not in the labour force",1,0,0,2,1,6,2,"Disabled",4,7,7,4,1,4,5,8,7,5,8,"Yes",15,1,1,NA,NA,NA,NA,NA,4,0,0,2,3,6,0,1,4,1,3
647,6893.354,2021,"35-44","Male","European/Other",4,"Employed",0,1,2,1,2,10,1,"not disabled",5,6,8,3,2,4,3,5,8,3,5,"Yes",15,2,3,NA,NA,NA,NA,NA,3,0,0,1,3,3,0,0,4,1,1
648,6893.354,2021,"25-34","Female","European/Other",1,"Employed",0,0,0,1,2,9,1,"not disabled",4,8,6,4,1,3,4,5,5,4,4,"Yes",5,1,1,NA,NA,NA,NA,NA,3,0,0,1,2,2,1,0,4,1,1
649,1609.275,2021,"25-34","Female","European/Other",4,"Not in the labour force",1,1,1,3,3,4,4,"not disabled",7,5,7,5,1,3,5,8,10,6,5,"No",12,2,3,NA,NA,NA,NA,NA,8,0,1,1,1,2,1,0,4,0,3
650,2838.118,2021,"45-54","Female","European/Other",4,"Employed",1,0,0,1,3,2,6,"not disabled",7,7,9,4,1,3,3,8,10,7,9,"Yes",11,4,2,NA,NA,NA,NA,NA,8,0,0,1,5,4,1,0,4,1,1
651,1375.751,2021,"65+","Male","European/Other",1,"Employed",1,0,0,2,3,9,1,"not disabled",10,8,7,3,2,2,4,9,10,7,7,"Yes",20,1,1,NA,NA,NA,NA,NA,8,0,1,1,1,6,0,0,4,1,1
652,9709.211,2021,"35-44","Female","European/Other",2,"Employed",1,1,2,2,2,3,1,"not disabled",8,7,8,4,1,3,5,7,7,5,5,"No",8,3,2,NA,NA,NA,NA,NA,8,0,0,2,3,3,1,0,4,0,1
653,930.4944,2021,"25-34","Male","European/Other",4,"Not in the labour force",1,0,0,3,2,7,1,"not disabled",9,7,9,4,2,5,5,7,8,6,8,"Yes",12,4,2,NA,NA,NA,NA,NA,9,1,1,3,2,2,0,0,4,1,3
654,3958.237,2021,"65+","Female","Asian",1,"Employed",0,0,0,2,2,9,1,"not disabled",7,7,6,3,1,3,5,8,8,2,4,"Yes",18,1,1,NA,NA,NA,NA,NA,3,0,0,4,2,6,1,0,3,1,1
655,6456.985,2021,"55-64","Male","European/Other",4,"Employed",1,0,0,2,3,4,6,"not disabled",4,8,9,4,1,5,5,7,7,6,8,"Yes",10,2,2,NA,NA,NA,NA,NA,3,0,1,1,3,5,0,0,4,1,1
656,1337.897,2021,"65+","Male","European/Other",1,"Employed",1,0,0,2,1,2,1,"not disabled",10,9,10,5,1,1,5,8,9,5,4,"Yes",19,1,1,NA,NA,NA,NA,NA,3,0,0,1,2,6,0,0,4,1,1
657,2063.56,2021,"65+","Female","European/Other",2,"Employed",1,0,0,2,1,5,1,"not disabled",10,9,9,2,1,4,5,7,9,7,6,"Yes",18,1,1,NA,NA,NA,NA,NA,4,0,0,1,2,6,1,0,4,1,1
658,2452.476,2021,"65+","Female","European/Other",4,"Employed",0,0,0,2,2,7,6,"not disabled",10,7,8,4,1,1,3,7,8,6,6,"Yes",20,2,1,NA,NA,NA,NA,NA,3,0,0,1,3,6,1,0,4,1,1
659,6002.507,2021,"15-24","Female","European/Other",1,"Employed",0,0,0,1,3,8,1,"not disabled",7,8,9,3,2,5,4,8,5,3,6,"Not Eligible",14,1,1,NA,NA,NA,NA,NA,2,0,1,2,2,1,1,0,4,99,1
660,480.5778,2021,"35-44","Female","Maori",2,"Employed",1,1,2,1,2,10,1,"not disabled",5,6,5,3,1,4,4,8,9,7,10,"Yes",7,1,2,NA,NA,NA,NA,NA,8,0,0,1,2,3,1,0,1,1,1
661,1529.191,2021,"35-44","Female","European/Other",1,"Employed",1,1,1,1,3,6,1,"not disabled",5,8,7,4,2,4,4,4,7,6,6,"Yes",15,1,1,NA,NA,NA,NA,NA,5,1,0,1,3,3,1,0,4,1,1
662,4430.081,2021,"65+","Male","European/Other",4,"Employed",1,0,0,3,2,3,1,"not disabled",4,5,5,3,1,5,4,7,5,4,5,"Yes",13,2,1,NA,NA,NA,NA,NA,3,1,0,2,5,6,0,0,4,1,1
663,1235.207,2021,"65+","Female","European/Other",2,"Not in the labour force",1,0,0,2,1,10,2,"not disabled",7,10,10,4,1,2,5,8,9,5,6,"Yes",16,2,1,NA,NA,NA,NA,NA,3,0,0,1,2,6,1,0,4,1,3
664,1235.207,2021,"55-64","Male","European/Other",1,"Not in the labour force",1,0,0,2,3,2,2,"not disabled",5,6,8,2,1,2,4,8,9,5,5,"Yes",14,2,1,NA,NA,NA,NA,NA,9,1,0,1,3,5,0,0,4,1,3
665,266.237,2021,"15-24","Male","Asian",1,"Employed",0,0,0,2,3,4,1,"not disabled",9,7,8,3,2,4,5,5,8,5,8,"Not Eligible",15,1,1,NA,NA,NA,NA,NA,1,0,1,1,4,1,0,0,3,99,1
666,1673.91,2021,"25-34","Female","European/Other",1,"Not in the labour force",1,1,1,1,3,1,1,"not disabled",6,5,5,5,1,2,5,3,6,3,7,"Yes",19,2,1,NA,NA,NA,NA,NA,4,0,0,1,3,2,1,0,4,1,3
667,3328.959,2021,"55-64","Male","European/Other",1,"Employed",0,0,0,2,1,3,1,"Disabled",7,5,8,2,1,1,5,9,10,0,0,"Yes",14,1,1,NA,NA,NA,NA,NA,5,0,0,2,3,5,0,1,4,1,1
668,1910.471,2021,"55-64","Female","European/Other",4,"Not in the labour force",0,0,0,2,3,6,1,"not disabled",6,4,6,2,1,4,5,6,6,5,5,"Yes",19,2,1,NA,NA,NA,NA,NA,4,0,0,3,4,5,1,0,4,1,3
669,1612.54,2021,"65+","Male","European/Other",1,"Employed",1,0,0,2,1,2,1,"not disabled",9,10,10,4,1,1,5,9,10,6,6,"Yes",14,1,1,NA,NA,NA,NA,NA,3,0,0,2,5,6,0,0,4,1,1
670,11839.31,2021,"45-54","Female","European/Other",2,"Employed",0,0,0,1,3,6,1,"not disabled",6,6,9,5,2,3,5,8,6,0,0,"Yes",12,1,2,NA,NA,NA,NA,NA,8,0,0,4,2,4,1,0,4,1,1
671,13053.7,2021,"25-34","Male","European/Other",2,"Employed",1,1,2,1,3,1,6,"not disabled",6,6,8,3,1,4,5,8,10,7,6,"Yes",16,2,1,NA,NA,NA,NA,NA,4,0,1,1,1,2,0,0,4,1,1
672,2843.631,2021,"55-64","Male","European/Other",3,"Employed",1,0,0,2,2,2,6,"not disabled",6,6,10,2,1,4,3,9,9,7,9,"Yes",7,2,2,NA,NA,NA,NA,NA,8,0,0,2,4,5,0,0,4,1,1
673,665.7569,2021,"55-64","Male","Pacific",3,"Employed",0,0,0,1,1,6,1,"not disabled",4,8,9,4,1,4,3,6,8,4,5,"Yes",12,1,1,NA,NA,NA,NA,NA,4,1,0,2,3,5,0,0,2,1,1
674,2843.631,2021,"45-54","Female","European/Other",1,"Employed",0,0,0,3,2,7,3,"not disabled",7,5,6,3,2,5,5,5,5,5,7,"Yes",16,3,2,NA,NA,NA,NA,NA,4,0,0,1,5,4,1,0,4,1,1
675,3762.508,2021,"65+","Male","European/Other",1,"Employed",0,0,0,2,1,10,1,"not disabled",5,8,8,4,1,1,4,6,8,6,7,"Yes",20,1,1,NA,NA,NA,NA,NA,8,0,0,2,3,6,0,0,4,1,1
676,1073.963,2021,"25-34","Female","Maori",4,"Employed",1,1,1,3,3,6,5,"not disabled",5,9,9,5,1,4,5,8,9,7,3,"No",14,2,1,NA,NA,NA,NA,NA,9,0,0,1,2,2,1,0,1,0,1
677,2380.493,2021,"65+","Male","European/Other",1,"Employed",1,0,0,2,1,6,6,"Disabled",6,3,8,1,1,3,4,7,10,6,0,"Yes",19,1,1,NA,NA,NA,NA,NA,3,0,0,2,1,6,0,1,4,1,1
678,9773.382,2021,"45-54","Male","European/Other",3,"Employed",0,0,0,2,2,8,1,"not disabled",10,0,10,3,1,2,3,5,9,9,3,"Yes",14,1,1,NA,NA,NA,NA,NA,5,0,0,1,1,4,0,0,4,1,1
679,6620.922,2021,"15-24","Female","European/Other",1,"Not in the labour force",0,0,0,3,2,9,2,"not disabled",6,8,8,3,1,3,5,8,8,5,4,"No",19,2,2,NA,NA,NA,NA,NA,5,0,0,2,1,1,1,0,4,0,3
680,2040.307,2021,"25-34","Male","Maori",3,"Employed",1,1,3,1,3,6,1,"not disabled",3,8,8,4,2,4,4,7,8,2,3,"Yes",11,2,2,NA,NA,NA,NA,NA,9,0,0,2,2,2,0,0,1,1,1
681,4046.837,2021,"65+","Female","European/Other",2,"Employed",1,0,0,2,1,5,6,"not disabled",7,8,7,3,1,3,4,8,9,5,6,"Yes",19,1,1,NA,NA,NA,NA,NA,8,0,0,1,2,6,1,0,4,1,1
682,4046.837,2021,"65+","Male","European/Other",1,"Employed",1,0,0,2,3,3,1,"not disabled",10,10,10,5,1,3,4,10,10,10,10,"Yes",17,1,1,NA,NA,NA,NA,NA,8,0,0,1,2,6,0,0,4,1,1
683,4298.853,2021,"55-64","Male","European/Other",3,"Employed",1,0,0,3,3,9,1,"not disabled",10,8,5,5,2,5,3,7,7,0,0,"Yes",20,2,1,NA,NA,NA,NA,NA,9,0,0,1,1,5,0,0,4,1,1
684,851.384,2021,"65+","Male","Asian",1,"Employed",1,0,0,2,1,9,1,"Disabled",7,7,8,1,1,5,4,5,9,0,7,"Yes",19,1,2,NA,NA,NA,NA,NA,3,0,1,2,2,6,0,1,3,1,1
685,3980.249,2021,"45-54","Male","European/Other",3,"Employed",1,0,0,1,3,1,6,"not disabled",5,9,9,3,2,3,4,8,9,6,8,"Yes",10,2,1,NA,NA,NA,NA,NA,4,0,0,1,2,4,0,0,4,1,1
686,820.3268,2021,"45-54","Female","Pacific",4,"Employed",1,1,3,1,3,4,1,"not disabled",4,9,9,5,2,5,5,7,9,4,8,"Yes",16,1,1,NA,NA,NA,NA,NA,4,0,0,1,2,4,1,0,2,1,1
687,45.04372,2021,"25-34","Male","European/Other",1,"Unemployed",0,1,2,3,1,3,1,"not disabled",7,8,8,4,1,4,4,6,8,1,6,"No",11,3,3,NA,NA,NA,NA,NA,4,0,0,1,2,2,0,0,4,0,2
688,2774.207,2021,"55-64","Female","European/Other",1,"Employed",1,0,0,2,3,7,1,"not disabled",7,10,10,4,1,1,5,6,8,2,0,"No",18,1,1,NA,NA,NA,NA,NA,5,0,0,1,1,5,1,0,4,0,1
689,911.6765,2021,"35-44","Male","Maori",2,"Employed",0,1,1,1,1,8,1,"not disabled",7,6,7,3,1,3,5,5,5,5,3,"No",11,3,2,NA,NA,NA,NA,NA,2,0,0,1,2,3,0,0,1,0,1
690,6301.194,2021,"15-24","Female","European/Other",1,"Employed",0,0,0,2,2,1,2,"not disabled",7,8,7,4,1,4,5,6,8,6,8,"Not Eligible",19,1,1,NA,NA,NA,NA,NA,9,0,0,2,3,1,1,0,4,99,1
691,4246.776,2021,"25-34","Female","European/Other",2,"Employed",1,1,2,3,3,4,1,"not disabled",4,10,10,4,1,1,5,5,9,2,1,"Yes",19,3,2,NA,NA,NA,NA,NA,3,0,0,1,3,2,1,0,4,1,1
692,4491.586,2021,"35-44","Female","European/Other",3,"Not in the labour force",1,1,1,1,3,2,2,"not disabled",6,6,8,2,2,4,5,2,5,0,1,"Yes",20,1,1,NA,NA,NA,NA,NA,9,0,1,1,5,3,1,0,4,1,3
693,562.9769,2021,"25-34","Male","Asian",4,"Employed",0,0,0,1,2,6,1,"not disabled",7,8,8,5,2,5,4,5,8,5,6,"Yes",14,3,2,NA,NA,NA,NA,NA,9,0,1,2,2,2,0,0,3,1,1
694,1547.087,2021,"45-54","Male","Maori",1,"Employed",0,0,0,2,1,7,1,"not disabled",2,6,8,3,1,3,4,6,8,4,3,"Yes",12,1,1,NA,NA,NA,NA,NA,8,0,0,2,2,4,0,0,1,1,1
695,1832.209,2021,"65+","Male","European/Other",1,"Employed",0,0,0,3,1,10,1,"Disabled",8,9,10,3,1,4,5,5,10,8,7,"Yes",9,2,1,NA,NA,NA,NA,NA,3,0,0,3,6,6,0,1,4,1,1
696,1525.01,2021,"15-24","Female","Pacific",1,"Employed",0,0,0,3,2,10,1,"not disabled",5,4,4,3,1,4,2,3,7,0,5,"Yes",15,3,1,NA,NA,NA,NA,NA,4,0,0,3,5,1,1,0,2,1,1
697,9325.651,2021,"65+","Female","European/Other",1,"Employed",0,0,0,3,1,10,1,"not disabled",5,8,8,4,1,4,5,9,3,2,7,"Yes",20,3,2,NA,NA,NA,NA,NA,1,0,0,1,1,6,1,0,4,1,1
698,2598.055,2021,"65+","Female","Maori",1,"Employed",1,0,0,2,2,7,1,"not disabled",4,10,10,4,1,2,5,5,10,6,5,"Yes",16,1,1,NA,NA,NA,NA,NA,1,0,0,1,2,6,1,0,1,1,1
699,756.5781,2021,"35-44","Male","Maori",4,"Not in the labour force",1,1,2,1,3,3,1,"not disabled",8,10,10,2,1,5,4,6,1,8,8,"Yes",18,1,1,NA,NA,NA,NA,NA,4,0,0,1,2,3,0,0,1,1,3
700,1724.737,2021,"25-34","Male","Pacific",2,"Employed",0,1,3,3,1,8,1,"not disabled",7,6,9,4,4,5,3,5,10,6,10,"Yes",16,2,1,NA,NA,NA,NA,NA,8,0,0,2,1,2,0,0,2,1,1
701,2235.123,2021,"15-24","Female","Maori",1,"Employed",0,0,0,1,3,3,2,"not disabled",5,7,8,3,1,3,4,7,7,6,7,"Not Eligible",9,2,2,NA,NA,NA,NA,NA,3,0,0,3,2,1,1,0,1,99,1
702,1228.075,2021,"35-44","Male","Pacific",4,"Employed",1,0,0,1,3,5,1,"not disabled",8,9,9,4,1,5,5,8,10,6,8,"Yes",19,1,1,NA,NA,NA,NA,NA,3,0,0,2,1,3,0,0,2,1,1
703,55.71803,2021,"55-64","Male","Pacific",1,"Unemployed",1,0,0,1,3,9,2,"not disabled",10,10,8,3,1,3,4,5,9,4,7,"Yes",20,1,1,NA,NA,NA,NA,NA,3,0,0,1,2,5,0,0,2,1,2
704,755.1566,2021,"15-24","Male","Pacific",4,"Employed",0,0,0,3,3,6,1,"not disabled",8,7,9,4,2,4,5,7,9,3,4,"Yes",16,4,2,NA,NA,NA,NA,NA,4,0,1,2,2,1,0,0,2,1,1
705,3060.652,2021,"65+","Female","Maori",2,"Employed",0,0,0,2,1,7,1,"not disabled",4,8,9,3,1,4,4,9,9,8,9,"Yes",15,1,1,NA,NA,NA,NA,NA,8,0,0,1,2,6,1,0,1,1,1
706,1263.064,2021,"65+","Male","Asian",2,"Employed",0,0,0,3,2,3,6,"not disabled",6,8,8,3,1,5,5,8,8,5,7,"Yes",17,2,2,NA,NA,NA,NA,NA,5,0,0,1,3,6,0,0,3,1,1
707,1240.467,2021,"45-54","Male","Maori",4,"Employed",1,1,3,2,3,5,6,"not disabled",7,9,9,3,1,5,4,7,9,5,7,"Yes",15,2,2,NA,NA,NA,NA,NA,4,0,0,1,4,4,0,0,1,1,1
708,575.9633,2021,"55-64","Female","Maori",1,"Employed",1,0,0,1,2,3,6,"not disabled",10,8,8,3,1,2,5,8,7,0,5,"Yes",19,1,1,NA,NA,NA,NA,NA,3,0,0,1,3,5,1,0,1,1,1
709,2904.454,2021,"55-64","Male","European/Other",1,"Employed",0,0,0,2,2,6,1,"not disabled",8,10,9,3,1,3,5,7,10,5,7,"Yes",19,3,2,NA,NA,NA,NA,NA,3,0,0,1,2,5,0,0,4,1,1
711,79.90187,2021,"65+","Female","Maori",3,"Unemployed",1,0,0,3,1,7,1,"not disabled",5,6,8,3,1,3,5,8,10,5,3,"Yes",11,1,1,NA,NA,NA,NA,NA,2,0,0,3,3,6,1,0,1,1,2
712,6317.394,2021,"65+","Male","European/Other",1,"Employed",0,0,0,3,1,10,1,"not disabled",10,7,8,3,1,3,5,8,8,2,3,"Yes",18,4,3,NA,NA,NA,NA,NA,4,1,0,1,3,6,0,0,4,1,1
713,963.9106,2021,"55-64","Female","Asian",1,"Employed",1,0,0,2,3,2,6,"not disabled",10,10,10,4,2,5,5,7,9,3,8,"Yes",20,1,1,NA,NA,NA,NA,NA,3,0,0,1,1,5,1,0,3,1,1
714,1906.515,2021,"65+","Male","European/Other",1,"Not in the labour force",1,0,0,2,3,3,1,"not disabled",8,8,10,4,1,3,4,8,9,6,6,"Yes",18,2,2,NA,NA,NA,NA,NA,4,0,0,2,3,6,0,0,4,1,3
715,1032.653,2021,"35-44","Male","European/Other",1,"Not in the labour force",0,1,1,3,2,7,1,"not disabled",9,8,9,4,1,4,5,7,8,1,2,"No",16,2,2,NA,NA,NA,NA,NA,9,0,0,1,4,3,0,0,4,0,3
716,4100.491,2021,"25-34","Male","European/Other",4,"Employed",0,0,0,1,2,6,1,"not disabled",7,8,8,5,2,5,4,5,8,5,6,"Yes",14,3,2,NA,NA,NA,NA,NA,9,0,1,2,2,2,0,0,4,1,1
717,890.4835,2021,"25-34","Male","European/Other",1,"Not in the labour force",0,1,1,3,1,3,1,"not disabled",5,8,8,4,1,4,4,5,7,4,6,"No",7,4,3,NA,NA,NA,NA,NA,1,1,0,2,5,2,0,0,4,0,3
718,338.5756,2021,"35-44","Male","Asian",2,"Not in the labour force",1,1,1,1,3,5,5,"not disabled",5,8,7,3,1,3,3,0,10,0,9,"Yes",13,2,1,NA,NA,NA,NA,NA,1,0,0,4,1,3,0,0,3,1,3
719,9016.505,2021,"45-54","Male","European/Other",1,"Employed",1,0,0,1,3,7,1,"not disabled",8,8,7,3,1,3,3,6,8,2,5,"Yes",17,1,1,NA,NA,NA,NA,NA,3,0,1,1,3,4,0,0,4,1,1
720,1254.01,2021,"15-24","Female","European/Other",1,"Not in the labour force",0,0,0,3,2,2,1,"not disabled",5,7,7,5,1,4,4,7,8,6,8,"Not Eligible",15,1,2,NA,NA,NA,NA,NA,3,0,0,1,6,1,1,0,4,99,3
721,2155.566,2021,"35-44","Female","European/Other",1,"Employed",0,0,0,1,2,7,1,"not disabled",9,8,8,2,1,3,5,5,8,8,5,"Yes",18,3,2,NA,NA,NA,NA,NA,3,0,0,1,2,3,1,0,4,1,1
722,2784.562,2021,"15-24","Male","European/Other",1,"Employed",0,0,0,3,1,9,1,"not disabled",7,7,1,3,1,4,4,5,8,4,8,"No",17,99,3,NA,NA,NA,NA,NA,3,0,0,2,1,1,0,0,4,0,1
723,2098.901,2021,"65+","Male","European/Other",4,"Not in the labour force",0,0,0,2,3,6,1,"not disabled",8,7,8,3,1,4,5,5,9,3,7,"Yes",19,1,1,NA,NA,NA,NA,NA,8,0,1,2,1,6,0,0,4,1,3
724,3624.793,2021,"65+","Male","European/Other",1,"Employed",0,0,0,3,1,9,2,"not disabled",7,6,6,3,1,3,5,6,9,6,7,"Yes",19,1,1,NA,NA,NA,NA,NA,3,0,0,2,3,6,0,0,4,1,1
725,2098.901,2021,"25-34","Male","European/Other",1,"Not in the labour force",0,1,2,3,1,8,1,"not disabled",8,8,7,4,2,5,5,3,0,3,4,"No",11,4,1,NA,NA,NA,NA,NA,2,1,0,5,5,2,0,0,4,0,3
726,2011.768,2021,"25-34","Female","Asian",1,"Employed",1,1,1,1,2,9,1,"not disabled",7,7,7,3,2,4,3,8,7,7,7,"No",15,4,2,NA,NA,NA,NA,NA,8,0,0,2,6,2,1,0,3,0,1
727,2011.768,2021,"45-54","Female","Asian",1,"Employed",1,1,1,1,2,9,1,"not disabled",8,8,8,4,1,1,5,8,8,5,5,"No",17,1,1,NA,NA,NA,NA,NA,3,0,0,1,1,4,1,0,3,0,1
728,1332.83,2021,"45-54","Female","European/Other",1,"Employed",0,0,0,3,1,9,1,"Disabled",10,3,5,1,1,2,4,3,0,0,0,"Yes",8,3,1,NA,NA,NA,NA,NA,8,0,0,3,4,4,1,1,4,1,1
729,882.9592,2021,"35-44","Male","European/Other",4,"Employed",1,1,2,1,3,5,1,"not disabled",7,7,7,2,1,4,5,9,8,6,7,"Yes",14,2,1,NA,NA,NA,NA,NA,3,0,1,3,3,3,0,0,4,1,1
730,637.1432,2021,"35-44","Female","European/Other",2,"Not in the labour force",0,0,0,3,2,9,1,"not disabled",3,4,5,3,4,4,5,0,0,0,0,"Yes",7,4,2,NA,NA,NA,NA,NA,3,1,0,3,2,3,1,0,4,1,3
731,746.5309,2021,"65+","Female","European/Other",2,"Not in the labour force",1,0,0,3,1,10,6,"Disabled",4,7,8,1,1,4,4,5,8,7,5,"Yes",10,1,1,NA,NA,NA,NA,NA,4,0,0,1,1,6,1,1,4,1,3
732,2191.591,2021,"35-44","Male","European/Other",2,"Employed",1,1,1,1,3,5,5,"not disabled",5,8,7,3,1,3,3,0,10,0,9,"Yes",13,2,1,NA,NA,NA,NA,NA,1,0,0,4,1,3,0,0,4,1,1
734,1278.851,2021,"25-34","Male","Pacific",4,"Employed",0,0,0,3,3,6,1,"not disabled",6,9,10,4,2,5,5,6,4,2,4,"Yes",10,3,3,NA,NA,NA,NA,NA,5,0,0,1,2,2,0,0,2,1,1
735,248.6152,2021,"35-44","Female","Pacific",4,"Not in the labour force",0,0,0,1,3,6,1,"not disabled",4,4,10,4,1,2,4,8,8,2,3,"Yes",15,2,1,NA,NA,NA,NA,NA,3,1,0,3,2,3,1,0,2,1,3
736,9629.039,2021,"45-54","Female","European/Other",4,"Employed",1,1,2,1,3,9,1,"not disabled",9,9,9,4,4,5,5,7,6,3,4,"Yes",16,2,1,NA,NA,NA,NA,NA,2,0,1,1,3,4,1,0,4,1,1
737,9629.039,2021,"25-34","Female","European/Other",1,"Employed",1,0,0,1,3,5,2,"not disabled",7,8,10,3,1,5,5,5,8,2,4,"Yes",15,4,2,NA,NA,NA,NA,NA,8,0,0,1,1,2,1,0,4,1,1
738,10096.07,2021,"45-54","Male","European/Other",2,"Employed",1,0,0,1,3,5,6,"not disabled",5,9,10,4,1,3,4,8,10,7,8,"Yes",14,3,2,NA,NA,NA,NA,NA,2,1,0,1,3,4,0,0,4,1,1
739,545.6655,2021,"65+","Female","Maori",1,"Not in the labour force",1,0,0,3,3,1,2,"not disabled",5,10,10,4,1,2,4,8,8,7,6,"Yes",14,1,1,NA,NA,NA,NA,NA,5,0,0,1,3,6,1,0,1,1,3
740,5435.933,2021,"35-44","Female","European/Other",1,"Employed",0,0,0,2,3,7,1,"not disabled",5,7,10,3,1,4,3,5,10,8,5,"Yes",16,1,1,NA,NA,NA,NA,NA,8,0,0,2,3,3,1,0,4,1,1
741,7108.275,2021,"45-54","Female","European/Other",4,"Employed",0,0,0,1,2,8,6,"not disabled",2,8,7,2,1,2,4,10,10,10,10,"Yes",20,1,1,NA,NA,NA,NA,NA,4,0,1,1,1,4,1,0,4,1,1
742,2610.679,2021,"65+","Male","European/Other",1,"Not in the labour force",0,0,0,3,1,9,6,"not disabled",7,8,10,3,1,2,5,4,9,0,0,"Yes",15,1,1,NA,NA,NA,NA,NA,2,0,0,1,3,6,0,0,4,1,3
743,8969.886,2021,"65+","Male","European/Other",1,"Employed",0,0,0,3,1,3,6,"not disabled",7,8,10,2,1,4,4,9,10,5,9,"Yes",14,2,1,NA,NA,NA,NA,NA,9,0,0,1,3,6,0,0,4,1,1
744,4217.186,2021,"65+","Female","European/Other",3,"Employed",0,0,0,2,1,9,1,"not disabled",5,3,4,3,1,2,4,5,5,7,7,"Yes",20,2,1,NA,NA,NA,NA,NA,3,0,0,3,4,6,1,0,4,1,1
745,6583.196,2021,"55-64","Female","European/Other",1,"Employed",1,0,0,1,3,10,1,"not disabled",9,7,8,3,1,3,4,2,5,1,1,"Yes",15,1,1,NA,NA,NA,NA,NA,1,0,0,1,3,5,1,0,4,1,1
746,21402.43,2021,"65+","Female","European/Other",4,"Employed",0,0,0,3,1,5,6,"not disabled",10,10,5,5,1,3,5,8,9,7,7,"Yes",20,1,1,NA,NA,NA,NA,NA,3,0,0,1,2,6,1,0,4,1,1
747,4400.858,2021,"45-54","Female","European/Other",4,"Not in the labour force",1,1,1,3,2,7,5,"not disabled",5,5,7,5,1,4,5,7,9,5,8,"Yes",16,2,2,NA,NA,NA,NA,NA,4,0,1,3,3,4,1,0,4,1,3
748,5016.682,2021,"55-64","Female","European/Other",3,"Employed",1,0,0,2,1,8,1,"not disabled",10,5,7,3,1,3,4,6,7,4,6,"Yes",20,1,1,NA,NA,NA,NA,NA,4,1,0,1,3,5,1,0,4,1,1
749,12485.2,2021,"25-34","Female","European/Other",4,"Employed",1,1,1,2,3,6,6,"not disabled",5,8,8,4,1,4,4,8,9,7,8,"Yes",15,2,2,NA,NA,NA,NA,NA,8,0,0,2,3,2,1,0,4,1,1
750,5062,2021,"65+","Female","European/Other",2,"Employed",1,0,0,3,3,9,6,"Disabled",3,6,8,4,1,3,5,8,10,6,9,"Yes",13,2,1,NA,NA,NA,NA,NA,4,0,0,1,3,6,1,1,4,1,1
751,2757.915,2021,"55-64","Female","European/Other",3,"Not in the labour force",1,0,0,2,2,5,2,"not disabled",10,9,9,2,2,3,5,7,9,7,6,"Yes",20,1,1,NA,NA,NA,NA,NA,8,0,0,1,1,5,1,0,4,1,3
752,2757.915,2021,"65+","Female","European/Other",1,"Not in the labour force",0,0,0,3,1,10,6,"not disabled",10,7,8,3,1,2,4,8,8,2,8,"Yes",16,1,1,NA,NA,NA,NA,NA,3,0,0,2,3,6,1,0,4,1,3
753,1315.115,2021,"55-64","Male","European/Other",3,"Not in the labour force",1,0,0,2,3,1,1,"not disabled",5,5,5,4,1,4,5,7,8,6,6,"Yes",20,2,1,NA,NA,NA,NA,NA,8,0,0,1,2,5,0,0,4,1,3
754,1288.176,2021,"45-54","Female","Asian",4,"Employed",1,0,0,1,3,8,2,"not disabled",10,10,10,4,1,4,5,8,10,8,5,"Yes",20,2,2,NA,NA,NA,NA,NA,3,0,0,1,2,4,1,0,3,1,1
755,4562.034,2021,"55-64","Male","European/Other",1,"Employed",0,0,0,3,1,10,2,"not disabled",10,10,10,3,2,1,4,0,0,0,10,"Yes",10,4,2,NA,NA,NA,NA,NA,2,0,0,5,5,5,0,0,4,1,1
756,5061.691,2021,"25-34","Male","European/Other",1,"Employed",0,1,1,3,1,8,1,"not disabled",4,4,5,1,1,3,4,4,6,5,5,"No",5,2,2,NA,NA,NA,NA,NA,5,0,0,4,5,2,0,0,4,0,1
757,534.2153,2021,"25-34","Female","Maori",3,"Not in the labour force",0,0,0,3,3,8,5,"not disabled",5,7,7,4,1,4,4,7,6,5,4,"No",8,2,1,NA,NA,NA,NA,NA,9,0,1,1,2,2,1,0,1,0,3
758,6456.271,2021,"55-64","Female","European/Other",1,"Not in the labour force",1,0,0,1,3,7,1,"not disabled",6,8,10,3,2,3,4,7,10,5,7,"Yes",18,1,1,NA,NA,NA,NA,NA,3,0,0,1,1,5,1,0,4,1,3
759,5678.22,2021,"35-44","Male","European/Other",4,"Employed",1,1,1,1,3,1,6,"not disabled",6,8,10,3,1,2,2,6,2,6,3,"Yes",18,2,2,NA,NA,NA,NA,NA,4,1,0,1,2,3,0,0,4,1,1
760,3011.96,2021,"65+","Female","European/Other",2,"Not in the labour force",1,0,0,1,2,8,1,"not disabled",5,7,7,4,1,2,3,7,8,3,3,"Yes",20,1,2,NA,NA,NA,NA,NA,8,0,1,1,2,6,1,0,4,1,3
761,9774.842,2021,"45-54","Male","European/Other",3,"Employed",0,0,0,2,2,8,6,"not disabled",6,7,7,3,2,5,5,7,10,5,8,"Yes",17,3,2,NA,NA,NA,NA,NA,2,0,0,2,1,4,0,0,4,1,1
762,1935.297,2021,"15-24","Female","European/Other",2,"Not in the labour force",0,0,0,2,2,10,1,"not disabled",8,7,7,3,1,5,5,6,7,6,6,"No",10,3,2,NA,NA,NA,NA,NA,3,0,1,3,3,1,1,0,4,0,3
763,4998.137,2021,"35-44","Male","European/Other",4,"Employed",1,1,4,1,2,1,1,"not disabled",8,8,8,3,1,4,4,9,8,5,6,"Yes",19,1,1,NA,NA,NA,NA,NA,8,0,0,3,2,3,0,0,4,1,1
764,8390.144,2021,"35-44","Female","European/Other",4,"Employed",1,0,0,2,3,6,1,"not disabled",10,8,8,4,2,3,5,4,8,5,4,"Yes",20,1,1,NA,NA,NA,NA,NA,3,0,0,2,3,3,1,0,4,1,1
765,6337.045,2021,"55-64","Male","European/Other",1,"Not in the labour force",1,1,1,3,3,10,1,"not disabled",10,10,8,4,2,4,5,8,6,9,1,"Yes",20,1,2,NA,NA,NA,NA,NA,5,0,0,1,1,5,0,0,4,1,3
766,2094.246,2021,"35-44","Female","European/Other",1,"Employed",1,1,2,1,2,6,1,"not disabled",6,8,9,2,1,1,3,5,4,5,5,"Yes",13,2,2,NA,NA,NA,NA,NA,8,0,0,1,2,3,1,0,4,1,1
767,4420.22,2021,"55-64","Female","European/Other",1,"Employed",1,0,0,2,2,9,2,"not disabled",5,8,8,3,1,3,4,7,7,5,2,"Yes",16,1,2,NA,NA,NA,NA,NA,3,0,0,1,2,5,1,0,4,1,1
768,4420.22,2021,"15-24","Female","European/Other",2,"Employed",1,0,0,3,3,6,6,"not disabled",7,7,8,4,1,4,5,6,7,5,6,"Yes",19,1,1,NA,NA,NA,NA,NA,9,0,0,1,1,1,1,0,4,1,1
769,3083.984,2021,"45-54","Male","Maori",3,"Employed",1,0,0,1,3,7,2,"not disabled",9,7,9,2,2,5,5,8,9,3,2,"Yes",18,1,1,NA,NA,NA,NA,NA,3,0,1,1,1,4,0,0,1,1,1
770,385.7683,2021,"65+","Male","Maori",3,"Not in the labour force",0,0,0,2,3,4,6,"not disabled",10,10,10,4,1,2,5,9,8,9,9,"Yes",14,2,1,NA,NA,NA,NA,NA,8,0,0,1,1,6,0,0,1,1,3
771,3224.323,2021,"45-54","Male","European/Other",4,"Employed",1,1,1,1,3,1,6,"not disabled",5,8,6,4,2,3,4,7,9,7,6,"Yes",14,1,2,NA,NA,NA,NA,NA,4,0,0,1,2,4,0,0,4,1,1
772,6448.645,2021,"25-34","Female","European/Other",1,"Employed",0,0,0,1,2,10,1,"not disabled",6,8,10,3,3,3,4,5,4,1,1,"No",14,2,1,NA,NA,NA,NA,NA,3,0,0,4,3,2,1,0,4,0,1
773,7680.546,2021,"45-54","Male","European/Other",4,"Employed",0,0,0,1,2,9,2,"not disabled",7,8,8,4,1,5,5,5,9,3,7,"Yes",13,2,2,NA,NA,NA,NA,NA,4,0,1,2,3,4,0,0,4,1,1
774,3878.966,2021,"35-44","Male","European/Other",1,"Employed",1,1,3,3,1,9,3,"not disabled",9,7,7,3,4,4,4,5,9,5,9,"Yes",12,1,1,NA,NA,NA,NA,NA,2,0,0,1,2,3,0,0,4,1,1
775,670.9373,2021,"15-24","Female","European/Other",1,"Not in the labour force",0,0,0,3,3,2,1,"not disabled",10,8,10,3,1,2,5,8,9,7,7,"No",19,1,1,NA,NA,NA,NA,NA,9,0,0,1,3,1,1,0,4,0,3
776,5743.162,2021,"65+","Female","European/Other",3,"Employed",0,0,0,2,1,2,1,"Disabled",5,6,7,2,1,1,4,5,8,1,1,"Yes",15,1,1,NA,NA,NA,NA,NA,4,1,1,1,2,6,1,1,4,1,1
777,448.1818,2021,"35-44","Male","Pacific",4,"Employed",1,1,1,1,3,2,6,"not disabled",9,8,8,4,1,3,4,8,8,8,7,"Yes",18,2,1,NA,NA,NA,NA,NA,3,0,0,2,2,3,0,0,2,1,1
778,14843.4,2021,"45-54","Female","European/Other",2,"Employed",1,1,1,1,3,9,1,"not disabled",5,7,7,3,1,4,4,5,7,5,6,"No",16,1,1,NA,NA,NA,NA,NA,3,0,0,2,2,4,1,0,4,0,1
779,995.7514,2021,"55-64","Male","European/Other",1,"Not in the labour force",0,0,0,3,3,10,1,"not disabled",2,4,10,3,2,4,4,10,10,10,10,"Yes",14,2,1,NA,NA,NA,NA,NA,9,0,0,1,4,5,0,0,4,1,3
780,4980.793,2021,"25-34","Male","European/Other",3,"Not in the labour force",1,1,1,3,3,7,1,"not disabled",10,8,9,4,3,5,4,6,7,5,6,"Yes",18,4,2,NA,NA,NA,NA,NA,8,0,0,2,1,2,0,0,4,1,3
781,1276.098,2021,"15-24","Female","Maori",3,"Not in the labour force",0,0,0,3,1,8,2,"not disabled",10,7,9,3,1,4,5,7,10,5,7,"Yes",16,1,1,NA,NA,NA,NA,NA,3,0,0,3,3,1,1,0,1,1,3
782,1309.193,2021,"45-54","Male","European/Other",3,"Not in the labour force",1,0,0,1,3,4,6,"not disabled",8,7,8,3,1,2,5,7,6,4,4,"Yes",11,2,2,NA,NA,NA,NA,NA,5,1,1,3,3,4,0,0,4,1,3
783,1611.041,2021,"35-44","Male","European/Other",1,"Employed",0,1,2,1,2,6,1,"not disabled",6,7,6,4,1,3,4,7,8,3,5,"Yes",15,1,1,NA,NA,NA,NA,NA,3,0,0,2,2,3,0,0,4,1,1
784,5688.746,2021,"25-34","Male","European/Other",1,"Not in the labour force",0,1,2,3,2,5,1,"not disabled",3,7,8,4,2,5,5,6,7,2,3,"Yes",6,4,3,NA,NA,NA,NA,NA,8,1,1,3,2,2,0,0,4,1,3
785,6481.526,2021,"35-44","Female","European/Other",4,"Employed",1,1,1,2,1,5,4,"not disabled",6,6,6,4,1,2,3,8,9,7,6,"No",15,2,2,NA,NA,NA,NA,NA,4,1,0,1,2,3,1,0,4,0,1
786,3464.38,2021,"65+","Male","European/Other",2,"Employed",0,0,0,2,2,1,1,"not disabled",8,8,7,4,2,5,5,7,7,5,6,"Yes",18,1,1,NA,NA,NA,NA,NA,4,0,0,1,2,6,0,0,4,1,1
787,3196.58,2021,"25-34","Female","European/Other",4,"Not in the labour force",0,0,0,1,3,2,6,"not disabled",9,7,8,4,1,5,4,7,9,5,6,"No",20,3,2,NA,NA,NA,NA,NA,3,0,0,1,1,2,1,0,4,0,3
788,3486.406,2021,"45-54","Female","European/Other",4,"Employed",0,0,0,1,3,8,1,"not disabled",3,5,9,5,3,5,5,7,10,6,10,"Yes",10,99,1,NA,NA,NA,NA,NA,9,1,0,1,2,4,1,0,4,1,1
789,15746.41,2021,"45-54","Female","European/Other",1,"Employed",1,1,2,1,3,6,1,"not disabled",5,7,8,3,1,3,5,7,8,4,4,"Yes",14,1,3,NA,NA,NA,NA,NA,3,0,0,1,1,4,1,0,4,1,1
790,12069.29,2021,"45-54","Male","European/Other",1,"Employed",1,0,0,1,1,10,2,"not disabled",5,5,8,3,1,4,4,5,9,5,5,"Yes",8,2,2,NA,NA,NA,NA,NA,3,0,1,3,3,4,0,0,4,1,1
791,2513.804,2021,"65+","Male","European/Other",1,"Not in the labour force",1,0,0,2,3,6,1,"not disabled",9,10,10,4,1,2,5,9,9,4,7,"Yes",20,1,1,NA,NA,NA,NA,NA,3,0,0,1,1,6,0,0,4,1,3
792,4758.322,2021,"55-64","Male","European/Other",3,"Employed",0,0,0,3,1,10,3,"not disabled",5,0,3,1,1,4,5,5,8,5,6,"Yes",20,1,1,NA,NA,NA,NA,NA,9,0,0,1,1,5,0,0,4,1,1
793,419.4868,2021,"25-34","Male","Asian",1,"Not in the labour force",1,0,0,3,3,7,1,"not disabled",8,9,7,3,1,4,3,8,8,6,5,"Yes",15,1,1,NA,NA,NA,NA,NA,9,1,1,2,1,2,0,0,3,1,3
794,5566.501,2021,"55-64","Male","European/Other",1,"Employed",1,0,0,2,2,4,1,"Disabled",8,7,7,2,1,1,5,7,8,0,0,"Yes",16,2,1,NA,NA,NA,NA,NA,4,0,0,1,3,5,0,1,4,1,1
795,6716.66,2021,"55-64","Male","European/Other",1,"Employed",1,0,0,1,2,5,1,"not disabled",7,10,10,4,2,4,5,7,10,4,2,"Yes",16,1,1,NA,NA,NA,NA,NA,4,0,0,1,1,5,0,0,4,1,1
796,13224.68,2021,"35-44","Male","European/Other",4,"Employed",1,1,2,1,3,7,1,"not disabled",4,8,8,3,4,5,4,8,9,7,7,"Yes",17,1,1,NA,NA,NA,NA,NA,4,0,1,3,2,3,0,0,4,1,1
797,198.251,2021,"45-54","Male","European/Other",3,"Unemployed",1,1,1,2,3,4,6,"not disabled",8,8,10,1,1,5,3,2,2,10,10,"Yes",8,3,2,NA,NA,NA,NA,NA,3,1,1,2,4,4,0,0,4,1,2
798,466.8048,2021,"65+","Male","Pacific",2,"Not in the labour force",1,0,0,2,1,1,5,"not disabled",8,9,10,4,1,2,4,7,8,3,3,"Yes",20,1,1,NA,NA,NA,NA,NA,3,0,0,1,2,6,0,0,2,1,3
799,1830.846,2021,"65+","Female","European/Other",4,"Not in the labour force",0,0,0,2,1,1,1,"not disabled",9,8,7,3,1,4,5,7,7,7,7,"Yes",8,3,2,NA,NA,NA,NA,NA,2,0,0,1,6,6,1,0,4,1,3
800,4974.775,2021,"55-64","Female","European/Other",1,"Employed",1,0,0,2,3,9,1,"not disabled",10,8,8,3,1,5,3,5,8,1,3,"No",16,3,1,NA,NA,NA,NA,NA,5,0,0,2,3,5,1,0,4,0,1
801,5031.934,2021,"65+","Male","European/Other",1,"Employed",0,0,0,2,1,4,1,"not disabled",5,5,5,2,3,4,2,4,0,0,2,"Yes",11,1,1,NA,NA,NA,NA,NA,2,0,1,2,4,6,0,0,4,1,1
802,2848.364,2021,"15-24","Female","European/Other",1,"Employed",0,0,0,3,1,8,2,"Disabled",7,5,10,3,1,1,4,10,5,3,5,"No",13,2,2,NA,NA,NA,NA,NA,4,0,0,1,5,1,1,1,4,0,1
803,647.2484,2021,"45-54","Female","Maori",2,"Employed",0,0,0,3,1,10,1,"not disabled",6,4,7,4,1,2,2,7,9,4,7,"Yes",4,3,1,NA,NA,NA,NA,NA,4,1,1,1,5,4,1,0,1,1,1
804,3049.303,2021,"15-24","Male","European/Other",1,"Employed",0,0,0,3,3,9,1,"Disabled",5,6,3,3,1,5,1,2,5,0,5,"Not Eligible",7,1,1,NA,NA,NA,NA,NA,3,0,0,5,5,1,0,1,4,99,1
805,1087.618,2021,"65+","Male","Asian",1,"Employed",0,0,0,2,1,6,6,"not disabled",6,10,10,4,1,4,4,8,10,9,9,"Yes",19,1,1,NA,NA,NA,NA,NA,3,0,0,1,2,6,0,0,3,1,1
806,1740.803,2021,"45-54","Male","European/Other",1,"Not in the labour force",0,0,0,1,3,2,1,"not disabled",8,2,3,4,2,5,5,0,9,2,9,"Yes",20,1,1,NA,NA,NA,NA,NA,4,0,0,2,5,4,0,0,4,1,3
807,6126.692,2021,"45-54","Male","European/Other",4,"Not in the labour force",1,1,2,2,2,4,2,"not disabled",8,8,10,5,1,4,5,8,4,1,4,"Yes",20,1,1,NA,NA,NA,NA,NA,3,0,0,2,1,4,0,0,4,1,3
808,13076.06,2021,"45-54","Male","European/Other",4,"Employed",1,0,0,1,3,3,6,"not disabled",7,8,8,4,1,1,4,5,10,4,0,"Yes",13,3,1,NA,NA,NA,NA,NA,4,0,1,1,2,4,0,0,4,1,1
809,1536.557,2021,"25-34","Female","European/Other",1,"Not in the labour force",0,0,0,3,3,6,1,"Disabled",6,6,7,4,2,4,5,0,5,3,5,"Yes",19,1,1,NA,NA,NA,NA,NA,8,0,0,1,3,2,1,1,4,1,3
810,6310.649,2021,"65+","Male","European/Other",1,"Employed",1,0,0,3,1,10,2,"not disabled",5,8,9,3,1,4,5,7,9,6,7,"Yes",12,1,1,NA,NA,NA,NA,NA,3,0,0,1,1,6,0,0,4,1,1
811,9228.958,2021,"35-44","Female","European/Other",2,"Employed",0,0,0,3,2,7,6,"not disabled",4,5,8,3,2,3,3,6,7,5,6,"Yes",0,4,3,NA,NA,NA,NA,NA,3,0,1,3,3,3,1,0,4,1,1
812,5741.481,2021,"15-24","Female","European/Other",1,"Not in the labour force",0,0,0,1,1,5,1,"not disabled",8,7,1,4,2,4,5,8,10,5,8,"Not Eligible",14,2,2,NA,NA,NA,NA,NA,8,0,0,1,1,1,1,0,4,99,3
813,5496.184,2021,"25-34","Male","European/Other",1,"Employed",1,0,0,3,3,10,1,"not disabled",10,8,8,3,4,5,3,4,8,3,6,"Yes",15,2,2,NA,NA,NA,NA,NA,3,0,0,1,1,2,0,0,4,1,1
814,4845.441,2021,"25-34","Female","European/Other",2,"Employed",0,0,0,3,1,8,5,"not disabled",5,9,8,4,1,4,3,6,8,8,8,"No",13,99,1,NA,NA,NA,NA,NA,8,0,0,2,2,2,1,0,4,0,1
815,4895.345,2021,"25-34","Male","European/Other",1,"Employed",1,1,3,1,3,5,1,"not disabled",7,7,10,4,1,3,5,6,8,3,0,"Yes",19,1,1,NA,NA,NA,NA,NA,4,0,0,2,1,2,0,0,4,1,1
816,782.0162,2021,"65+","Female","Asian",2,"Employed",0,0,0,2,1,7,1,"not disabled",8,10,10,4,1,4,5,10,5,2,2,"Yes",20,2,1,NA,NA,NA,NA,NA,3,0,0,1,6,6,1,0,3,1,1
817,6062.295,2021,"45-54","Male","European/Other",1,"Employed",1,1,1,3,1,10,6,"not disabled",8,9,10,3,1,4,5,3,10,8,10,"Yes",15,4,3,NA,NA,NA,NA,NA,8,0,0,1,6,4,0,0,4,1,1
818,3031.016,2021,"35-44","Female","European/Other",2,"Employed",1,1,1,1,3,3,6,"not disabled",5,8,8,4,1,5,4,8,10,5,10,"Yes",12,3,1,NA,NA,NA,NA,NA,8,0,0,3,3,3,1,0,4,1,1
819,1483.572,2021,"65+","Female","European/Other",4,"Not in the labour force",1,0,0,3,1,8,1,"Disabled",1,4,7,2,1,3,5,8,9,1,0,"Yes",4,4,3,NA,NA,NA,NA,NA,3,0,0,2,4,6,1,1,4,1,3
820,1449.043,2021,"55-64","Male","European/Other",2,"Not in the labour force",0,1,1,3,1,9,3,"Disabled",2,3,3,1,3,4,5,1,2,0,8,"Yes",3,4,3,NA,NA,NA,NA,NA,4,0,0,2,3,5,0,1,4,1,3
821,102.9856,2021,"65+","Male","European/Other",2,"Unemployed",0,0,0,2,3,7,1,"not disabled",10,10,10,4,2,3,5,7,8,4,4,"Yes",19,1,1,NA,NA,NA,NA,NA,8,0,0,1,1,6,0,0,4,1,2
822,102.9856,2021,"35-44","Male","European/Other",4,"Unemployed",0,0,0,1,3,3,6,"not disabled",7,7,8,4,1,1,4,7,6,4,4,"Yes",18,1,1,NA,NA,NA,NA,NA,8,0,0,2,3,3,0,0,4,1,2
823,1532.834,2021,"65+","Female","European/Other",1,"Not in the labour force",0,0,0,1,3,3,1,"not disabled",5,8,10,4,2,5,3,7,7,4,5,"Yes",16,1,2,NA,NA,NA,NA,NA,3,0,0,2,1,6,1,0,4,1,3
824,2625.027,2021,"65+","Male","European/Other",1,"Employed",0,0,0,2,2,9,1,"not disabled",5,7,8,5,1,3,4,7,9,2,3,"Yes",13,1,1,NA,NA,NA,NA,NA,3,1,0,2,2,6,0,0,4,1,1
825,11654.17,2021,"65+","Male","European/Other",3,"Employed",0,0,0,2,1,5,1,"not disabled",6,9,7,3,1,1,4,6,9,3,5,"Yes",15,3,2,NA,NA,NA,NA,NA,5,0,0,1,1,6,0,0,4,1,1
827,11523.24,2021,"65+","Female","European/Other",3,"Employed",1,0,0,2,2,8,1,"not disabled",8,10,10,4,1,3,4,5,8,5,5,"Yes",18,1,1,NA,NA,NA,NA,NA,4,0,0,1,2,6,1,0,4,1,1
828,4267.457,2021,"35-44","Male","European/Other",4,"Employed",1,0,0,1,3,3,1,"not disabled",8,8,8,4,2,5,5,3,7,2,4,"Yes",15,1,1,NA,NA,NA,NA,NA,5,1,0,3,3,3,0,0,4,1,1
829,1947.291,2021,"45-54","Female","European/Other",1,"Not in the labour force",0,0,0,2,3,10,1,"not disabled",5,8,9,4,1,2,5,7,0,5,4,"Yes",18,1,1,NA,NA,NA,NA,NA,3,0,0,1,1,4,1,0,4,1,3
830,992.9074,2021,"45-54","Male","European/Other",3,"Not in the labour force",1,0,0,1,1,1,6,"not disabled",8,7,8,5,1,3,5,8,6,3,1,"Yes",16,1,1,NA,NA,NA,NA,NA,5,0,0,2,1,4,0,0,4,1,3
831,2160.179,2021,"55-64","Female","European/Other",1,"Employed",1,0,0,1,2,8,1,"not disabled",7,9,9,4,1,4,5,7,8,3,7,"Yes",19,1,1,NA,NA,NA,NA,NA,8,0,0,2,2,5,1,0,4,1,1
832,2246.544,2021,"25-34","Male","European/Other",4,"Employed",0,0,0,1,2,9,3,"not disabled",6,8,9,2,4,4,3,7,7,1,6,"Yes",17,1,2,NA,NA,NA,NA,NA,3,0,1,2,2,2,0,0,4,1,1
833,2246.544,2021,"55-64","Male","European/Other",2,"Employed",1,0,0,2,3,6,1,"not disabled",5,6,8,3,2,5,3,7,6,3,3,"Yes",11,1,1,NA,NA,NA,NA,NA,4,0,1,2,1,5,0,0,4,1,1
834,1071.781,2021,"35-44","Male","European/Other",3,"Not in the labour force",1,0,0,3,3,8,5,"not disabled",5,7,9,3,1,4,5,8,9,8,6,"Yes",17,4,2,NA,NA,NA,NA,NA,4,0,0,2,2,3,0,0,4,1,3
835,3499.227,2021,"35-44","Female","European/Other",4,"Employed",0,0,0,2,3,3,1,"Disabled",10,8,8,4,1,3,5,8,9,4,6,"Yes",18,2,1,NA,NA,NA,NA,NA,3,0,0,2,2,3,1,1,4,1,1
836,186.7043,2021,"65+","Female","European/Other",1,"Unemployed",1,0,0,2,3,3,6,"not disabled",2,6,9,3,2,3,3,8,8,5,7,"Yes",15,1,1,NA,NA,NA,NA,NA,1,0,0,1,2,6,1,0,4,1,2
837,1612.659,2021,"15-24","Male","European/Other",3,"Employed",0,0,0,3,3,2,1,"not disabled",3,6,5,3,1,5,4,3,2,0,2,"Yes",10,2,2,NA,NA,NA,NA,NA,9,0,1,1,3,1,0,0,4,1,1
838,1678.311,2021,"25-34","Male","European/Other",1,"Employed",0,0,0,3,3,3,1,"not disabled",6,7,9,1,2,4,3,8,10,4,5,"Yes",15,2,1,NA,NA,NA,NA,NA,3,0,0,3,3,2,0,0,4,1,1
839,11070.08,2021,"45-54","Female","European/Other",2,"Employed",1,1,2,3,1,9,6,"not disabled",4,5,5,1,2,4,4,3,6,4,4,"Yes",9,4,2,NA,NA,NA,NA,NA,3,0,0,1,2,4,1,0,4,1,1
840,20878.32,2021,"15-24","Male","European/Other",1,"Employed",0,0,0,1,2,3,2,"not disabled",9,10,9,5,1,4,5,7,10,6,9,"Not Eligible",15,1,1,NA,NA,NA,NA,NA,2,1,1,1,2,1,0,0,4,99,1
841,15847.61,2021,"65+","Male","European/Other",1,"Not in the labour force",0,0,0,3,1,1,1,"not disabled",7,8,8,4,1,3,5,8,9,7,7,"Yes",17,2,1,NA,NA,NA,NA,NA,8,0,0,2,4,6,0,0,4,1,3
842,8481.606,2021,"45-54","Female","European/Other",1,"Employed",1,0,0,1,2,2,6,"not disabled",9,8,10,5,1,3,5,7,9,5,8,"Yes",20,1,1,NA,NA,NA,NA,NA,1,0,0,1,2,4,1,0,4,1,1
843,4985.34,2021,"25-34","Male","European/Other",2,"Not in the labour force",1,0,0,3,3,4,4,"not disabled",10,10,8,3,1,4,4,9,10,7,9,"No",10,4,3,NA,NA,NA,NA,NA,5,0,0,3,3,2,0,0,4,0,3
844,16059.06,2021,"65+","Male","European/Other",4,"Employed",0,0,0,2,1,6,2,"not disabled",7,9,8,4,1,4,5,8,5,4,6,"Yes",20,1,1,NA,NA,NA,NA,NA,3,0,0,1,1,6,0,0,4,1,1
845,6191.917,2021,"35-44","Male","European/Other",1,"Not in the labour force",0,0,0,3,1,9,1,"not disabled",10,5,7,2,1,5,3,5,10,2,5,"Yes",9,2,1,NA,NA,NA,NA,NA,4,0,0,3,3,3,0,0,4,1,3
846,5150.044,2021,"15-24","Male","European/Other",4,"Employed",0,0,0,3,3,8,1,"not disabled",7,8,10,4,3,4,5,7,9,7,8,"Yes",15,4,1,NA,NA,NA,NA,NA,3,0,1,3,3,1,0,0,4,1,1
847,2396.351,2021,"65+","Male","Pacific",3,"Employed",0,0,0,1,3,7,2,"not disabled",5,7,10,4,1,5,4,8,9,6,7,"Yes",9,2,1,NA,NA,NA,NA,NA,4,0,0,1,3,6,0,0,2,1,1
848,969.5654,2021,"65+","Female","European/Other",1,"Not in the labour force",0,0,0,3,1,3,2,"Disabled",5,3,3,1,1,2,3,5,5,5,8,"Yes",14,1,1,NA,NA,NA,NA,NA,3,0,0,3,2,6,1,1,4,1,3
849,924.8677,2021,"45-54","Female","Maori",2,"Employed",0,0,0,2,2,10,1,"not disabled",5,4,8,5,1,2,4,0,8,3,3,"Yes",18,1,1,NA,NA,NA,NA,NA,4,0,0,1,2,4,1,0,1,1,1
850,5668.075,2021,"45-54","Female","European/Other",3,"Employed",1,0,0,3,3,5,6,"not disabled",5,9,9,4,1,5,5,6,6,5,6,"Yes",17,1,2,NA,NA,NA,NA,NA,8,0,0,1,5,4,1,0,4,1,1
851,6041.649,2021,"65+","Female","European/Other",1,"Not in the labour force",1,0,0,2,1,6,6,"not disabled",7,7,5,2,1,4,4,7,8,7,6,"Yes",20,1,1,NA,NA,NA,NA,NA,3,0,0,2,3,6,1,0,4,1,3
852,6041.649,2021,"55-64","Female","European/Other",1,"Not in the labour force",0,0,0,2,2,8,1,"not disabled",7,6,8,5,2,3,4,3,8,6,6,"Yes",13,3,1,NA,NA,NA,NA,NA,3,0,1,3,3,5,1,0,4,1,3
853,1674.375,2021,"25-34","Male","European/Other",4,"Not in the labour force",0,0,0,3,2,7,1,"not disabled",7,8,9,4,1,5,5,8,9,5,8,"Yes",15,99,1,NA,NA,NA,NA,NA,3,1,0,3,3,2,0,0,4,1,3
854,2024.646,2021,"55-64","Female","European/Other",3,"Employed",1,0,0,2,3,4,1,"not disabled",9,7,8,4,1,3,3,6,9,5,5,"Yes",20,2,2,NA,NA,NA,NA,NA,3,0,0,1,3,5,1,0,4,1,1
855,2235.577,2021,"25-34","Male","European/Other",1,"Not in the labour force",0,0,0,3,2,7,1,"not disabled",7,8,9,5,1,2,4,5,8,4,6,"Yes",3,2,1,NA,NA,NA,NA,NA,1,0,0,1,3,2,0,0,4,1,3
856,1176.161,2021,"35-44","Male","European/Other",1,"Not in the labour force",1,1,1,3,3,5,1,"not disabled",10,7,9,3,2,3,4,5,10,3,3,"Yes",15,2,1,NA,NA,NA,NA,NA,3,0,0,3,2,3,0,0,4,1,3
857,2298.097,2021,"45-54","Female","European/Other",3,"Not in the labour force",1,0,0,1,3,10,1,"Disabled",8,9,9,3,1,3,4,7,8,3,4,"No",18,1,2,NA,NA,NA,NA,NA,4,1,0,1,2,4,1,1,4,0,3
858,3241.543,2021,"25-34","Male","European/Other",4,"Employed",1,0,0,3,3,4,4,"Disabled",5,7,5,4,1,5,4,7,9,5,9,"Yes",12,4,3,NA,NA,NA,NA,NA,4,0,0,3,2,2,0,1,4,1,1
859,1723.842,2021,"45-54","Male","European/Other",2,"Employed",0,0,0,1,1,7,1,"Disabled",5,7,5,1,1,4,4,4,3,5,0,"Yes",7,3,2,NA,NA,NA,NA,NA,8,0,0,3,1,4,0,1,4,1,1
860,2557.97,2021,"55-64","Male","European/Other",4,"Employed",1,0,0,3,3,6,6,"not disabled",6,4,5,4,1,2,2,7,8,5,4,"Yes",8,4,1,NA,NA,NA,NA,NA,3,0,0,3,2,5,0,0,4,1,1
861,1889.22,2021,"65+","Female","European/Other",2,"Not in the labour force",1,0,0,2,2,3,1,"not disabled",9,10,9,3,1,4,5,9,9,2,2,"Yes",19,1,1,NA,NA,NA,NA,NA,3,0,0,1,2,6,1,0,4,1,3
862,1363.599,2021,"65+","Male","European/Other",1,"Not in the labour force",0,0,0,2,1,9,1,"not disabled",7,7,10,4,1,4,4,7,8,5,8,"Yes",17,1,1,NA,NA,NA,NA,NA,3,0,0,3,4,6,0,0,4,1,3
863,1621.785,2021,"15-24","Male","Asian",1,"Employed",0,0,0,1,1,6,2,"not disabled",6,8,9,4,2,5,4,7,7,4,7,"Yes",13,1,2,NA,NA,NA,NA,NA,4,1,0,3,2,1,0,0,3,1,1
864,7745.344,2021,"45-54","Female","European/Other",1,"Employed",1,0,0,2,3,7,2,"not disabled",8,10,10,5,3,5,5,8,4,1,4,"Yes",14,2,1,NA,NA,NA,NA,NA,4,0,0,1,1,4,1,0,4,1,1
865,11789.81,2021,"25-34","Female","European/Other",1,"Employed",1,1,1,3,2,9,1,"not disabled",7,8,9,4,1,1,5,3,1,1,6,"No",11,2,2,NA,NA,NA,NA,NA,8,0,0,1,2,2,1,0,4,0,1
866,1269.408,2021,"15-24","Female","Maori",1,"Employed",0,0,0,1,3,1,6,"not disabled",5,10,10,4,1,4,3,9,6,4,6,"No",17,1,1,NA,NA,NA,NA,NA,3,0,0,1,1,1,1,0,1,0,1
867,3646.321,2021,"35-44","Female","European/Other",3,"Employed",1,1,2,1,3,2,5,"not disabled",8,10,10,4,1,4,4,8,10,7,8,"Yes",15,1,1,NA,NA,NA,NA,NA,5,0,0,1,2,3,1,0,4,1,1
868,581.1218,2021,"35-44","Female","European/Other",4,"Not in the labour force",1,0,0,3,2,7,1,"not disabled",4,7,8,3,2,5,4,7,9,6,9,"Yes",7,3,1,NA,NA,NA,NA,NA,3,1,0,3,2,3,1,0,4,1,3
869,2276.775,2021,"65+","Female","European/Other",1,"Not in the labour force",0,0,0,2,1,8,6,"not disabled",6,10,10,2,1,2,4,10,10,5,8,"Yes",20,1,1,NA,NA,NA,NA,NA,8,0,0,1,1,6,1,0,4,1,3
870,1120.679,2021,"25-34","Male","European/Other",1,"Not in the labour force",0,1,2,3,1,9,3,"not disabled",3,8,8,1,4,5,2,3,3,4,2,"No",8,99,1,NA,NA,NA,NA,NA,9,0,0,1,1,2,0,0,4,0,3
871,6353.755,2021,"65+","Male","European/Other",2,"Employed",1,0,0,2,2,3,1,"not disabled",9,9,9,5,1,3,4,8,9,0,5,"Yes",20,1,1,NA,NA,NA,NA,NA,4,0,0,1,1,6,0,0,4,1,1
872,147.9503,2021,"35-44","Male","European/Other",1,"Unemployed",1,0,0,3,3,2,1,"Disabled",4,8,7,3,2,3,5,4,5,2,4,"Yes",12,2,1,NA,NA,NA,NA,NA,4,0,1,1,3,3,0,1,4,1,2
873,2641.535,2021,"65+","Male","European/Other",1,"Not in the labour force",0,0,0,2,1,4,1,"Disabled",8,6,6,2,1,2,4,8,8,5,5,"Yes",20,1,1,NA,NA,NA,NA,NA,3,0,0,3,4,6,0,1,4,1,3
874,10343.61,2021,"25-34","Female","European/Other",2,"Employed",0,0,0,3,2,9,5,"not disabled",6,9,9,3,1,5,5,5,7,5,5,"No",15,2,1,NA,NA,NA,NA,NA,4,0,0,3,5,2,1,0,4,0,1
875,372.7151,2021,"45-54","Female","Asian",3,"Employed",1,0,0,1,2,5,1,"not disabled",10,1,7,3,1,2,4,7,9,5,6,"Yes",16,2,2,NA,NA,NA,NA,NA,3,0,0,1,1,4,1,0,3,1,1
876,2690.54,2021,"55-64","Male","European/Other",3,"Employed",1,0,0,3,3,5,1,"not disabled",5,10,10,4,2,5,3,5,7,5,5,"Yes",14,2,2,NA,NA,NA,NA,NA,2,1,0,1,1,5,0,0,4,1,1
877,1085.658,2021,"35-44","Female","European/Other",4,"Not in the labour force",1,1,3,1,3,1,1,"not disabled",5,9,8,3,1,3,3,5,9,3,5,"Yes",16,1,1,NA,NA,NA,NA,NA,3,0,0,1,2,3,1,0,4,1,3
878,3747.614,2021,"35-44","Male","European/Other",4,"Employed",1,1,2,3,3,2,6,"not disabled",8,7,8,4,1,3,3,5,7,3,2,"Yes",14,2,1,NA,NA,NA,NA,NA,4,0,1,2,3,3,0,0,4,1,1
879,1461.956,2021,"35-44","Female","European/Other",4,"Employed",1,0,0,3,2,6,6,"not disabled",4,9,9,4,2,5,5,8,10,5,5,"Yes",10,99,2,NA,NA,NA,NA,NA,3,0,0,2,2,3,1,0,4,1,1
880,1841.93,2021,"45-54","Female","European/Other",1,"Employed",1,0,0,1,3,8,6,"not disabled",8,8,9,2,1,3,4,5,9,5,7,"Yes",19,3,2,NA,NA,NA,NA,NA,5,0,0,1,2,4,1,0,4,1,1
881,515.1942,2021,"55-64","Male","Maori",4,"Employed",0,0,0,3,1,3,6,"not disabled",3,7,10,2,2,4,3,5,5,0,5,"Yes",10,4,2,NA,NA,NA,NA,NA,8,0,1,3,1,5,0,0,1,1,1
882,1079.44,2021,"35-44","Female","European/Other",1,"Not in the labour force",0,0,0,3,1,8,1,"not disabled",6,7,7,3,4,3,4,5,5,3,4,"No",15,1,1,NA,NA,NA,NA,NA,8,1,0,2,5,3,1,0,4,0,3
883,7130.598,2021,"55-64","Male","European/Other",4,"Employed",0,0,0,1,2,1,6,"not disabled",5,8,8,3,1,3,5,8,8,7,5,"No",11,2,1,NA,NA,NA,NA,NA,8,0,0,1,1,5,0,0,4,0,1
884,7209.779,2021,"65+","Male","European/Other",1,"Employed",0,0,0,2,2,2,1,"not disabled",5,7,9,5,3,4,5,5,10,4,8,"Yes",20,1,1,NA,NA,NA,NA,NA,3,0,0,1,1,6,0,0,4,1,1
886,7257.204,2021,"35-44","Male","European/Other",1,"Employed",1,1,3,3,1,9,3,"not disabled",9,7,7,3,4,4,4,5,9,5,9,"Yes",12,1,1,NA,NA,NA,NA,NA,2,0,0,1,2,3,0,0,4,1,1
887,721.2856,2021,"15-24","Female","Asian",1,"Employed",1,0,0,1,3,9,1,"not disabled",4,7,7,3,1,3,3,7,8,6,6,"No",15,1,1,NA,NA,NA,NA,NA,9,0,0,1,3,1,1,0,3,0,1
888,9791.354,2021,"65+","Female","European/Other",3,"Employed",0,0,0,1,1,10,1,"not disabled",6,8,8,4,1,3,4,9,9,7,7,"Yes",7,3,1,NA,NA,NA,NA,NA,3,1,1,2,4,6,1,0,4,1,1
889,1937.914,2021,"15-24","Male","European/Other",1,"Not in the labour force",0,1,3,3,2,7,2,"not disabled",3,8,8,3,2,3,3,0,3,0,2,"No",17,1,1,NA,NA,NA,NA,NA,9,0,0,3,3,1,0,0,4,0,3
890,1077.301,2021,"65+","Female","Asian",2,"Employed",1,0,0,1,1,8,1,"Disabled",5,10,10,3,1,2,4,5,10,8,2,"Yes",13,1,2,NA,NA,NA,NA,NA,8,0,0,3,3,6,1,1,3,1,1
891,1241.118,2021,"65+","Female","European/Other",2,"Not in the labour force",1,0,0,2,3,6,1,"not disabled",10,10,10,3,2,2,4,8,7,6,6,"Yes",18,2,1,NA,NA,NA,NA,NA,4,0,0,1,2,6,1,0,4,1,3
892,4046.331,2021,"55-64","Male","European/Other",3,"Employed",1,0,0,2,2,7,1,"Disabled",5,7,6,3,2,3,3,5,6,2,2,"Yes",10,1,1,NA,NA,NA,NA,NA,4,0,1,2,3,5,0,1,4,1,1
893,4046.331,2021,"35-44","Male","European/Other",1,"Employed",0,1,1,2,3,2,3,"not disabled",5,7,7,3,2,5,5,5,9,5,5,"Yes",14,2,1,NA,NA,NA,NA,NA,3,0,0,1,3,3,0,0,4,1,1
894,1565.862,2021,"45-54","Female","Maori",1,"Employed",1,1,2,3,2,7,2,"not disabled",10,10,10,5,1,4,3,6,10,4,4,"Yes",16,1,1,NA,NA,NA,NA,NA,4,0,0,1,3,4,1,0,1,1,1
895,2772.461,2021,"65+","Male","European/Other",1,"Employed",0,0,0,2,1,8,2,"not disabled",8,10,10,2,1,3,4,7,10,6,6,"Yes",15,1,1,NA,NA,NA,NA,NA,3,0,0,1,3,6,0,0,4,1,1
896,4158.691,2021,"25-34","Male","European/Other",1,"Employed",1,1,1,3,3,5,1,"not disabled",10,10,9,4,1,5,5,8,9,4,8,"Yes",19,1,2,NA,NA,NA,NA,NA,9,0,0,1,1,2,0,0,4,1,1
897,1025.26,2021,"25-34","Female","European/Other",1,"Not in the labour force",0,0,0,3,1,10,1,"Disabled",8,8,5,1,4,5,5,1,0,0,0,"No",8,4,3,NA,NA,NA,NA,NA,3,0,0,1,6,2,1,1,4,0,3
898,3762.178,2021,"65+","Female","European/Other",2,"Employed",1,0,0,2,2,9,6,"Disabled",10,10,10,5,1,5,5,0,0,0,0,"Yes",14,4,2,NA,NA,NA,NA,NA,5,0,0,1,5,6,1,1,4,1,1
899,212.2767,2021,"55-64","Female","Maori",1,"Not in the labour force",1,0,0,1,3,9,1,"not disabled",7,8,8,5,2,4,5,7,9,7,6,"Yes",15,2,2,NA,NA,NA,NA,NA,3,0,0,2,2,5,1,0,1,1,3
900,2510.592,2021,"65+","Female","European/Other",1,"Employed",1,0,0,1,1,8,1,"not disabled",7,6,5,3,2,4,5,5,7,0,3,"No",12,2,1,NA,NA,NA,NA,NA,4,0,0,2,3,6,1,0,4,0,1
901,2794.331,2021,"65+","Female","European/Other",3,"Employed",1,0,0,2,1,6,6,"Disabled",8,7,3,5,1,2,4,6,4,0,4,"Yes",20,3,1,NA,NA,NA,NA,NA,8,0,0,1,2,6,1,1,4,1,1
902,1606.864,2021,"15-24","Female","European/Other",1,"Employed",0,0,0,2,2,9,1,"not disabled",8,5,7,2,1,4,4,3,0,0,0,"Not Eligible",14,2,2,NA,NA,NA,NA,NA,5,1,1,2,3,1,1,0,4,99,1
904,5231.33,2021,"55-64","Female","European/Other",1,"Not in the labour force",1,1,3,1,3,6,2,"not disabled",5,5,7,3,1,5,5,8,8,6,9,"Yes",16,1,1,NA,NA,NA,NA,NA,4,0,0,2,3,5,1,0,4,1,3
905,1075.812,2021,"25-34","Male","European/Other",2,"Not in the labour force",1,1,1,1,3,8,5,"not disabled",7,9,10,5,1,5,5,8,8,4,8,"Yes",15,2,1,NA,NA,NA,NA,NA,8,0,1,2,2,2,0,0,4,1,3
906,795.5825,2021,"65+","Male","Maori",1,"Employed",0,0,0,3,1,5,6,"not disabled",0,10,10,5,1,4,5,10,10,8,10,"Yes",15,4,3,NA,NA,NA,NA,NA,5,0,1,2,2,6,0,0,1,1,1
907,12889.61,2021,"15-24","Female","European/Other",1,"Employed",0,0,0,1,3,2,6,"not disabled",5,8,9,4,1,3,5,8,9,7,7,"Yes",14,3,1,NA,NA,NA,NA,NA,4,0,0,1,1,1,1,0,4,1,1
908,1183.783,2021,"25-34","Female","European/Other",2,"Not in the labour force",1,0,0,3,3,10,4,"not disabled",8,8,8,4,1,3,3,8,8,8,8,"No",7,3,2,NA,NA,NA,NA,NA,2,0,0,1,2,2,1,0,4,0,3
909,2982.677,2021,"25-34","Male","European/Other",3,"Employed",0,1,3,3,1,10,3,"Disabled",2,3,7,4,3,3,3,2,3,0,3,"Yes",15,3,2,NA,NA,NA,NA,NA,3,1,1,4,3,2,0,1,4,1,1
910,1638.674,2021,"25-34","Male","European/Other",1,"Not in the labour force",0,1,1,3,1,7,6,"not disabled",5,7,7,3,2,4,4,8,8,5,7,"Yes",9,1,1,NA,NA,NA,NA,NA,8,1,0,3,3,2,0,0,4,1,3
911,585.4944,2021,"35-44","Male","European/Other",2,"Not in the labour force",1,0,0,3,2,6,4,"not disabled",5,10,10,5,2,4,3,9,10,10,6,"No",19,3,3,NA,NA,NA,NA,NA,8,1,1,1,1,3,0,0,4,0,3
912,462.5646,2021,"65+","Male","European/Other",1,"Not in the labour force",0,0,0,2,1,1,6,"Disabled",5,7,8,2,1,1,4,4,3,6,1,"Yes",20,2,1,NA,NA,NA,NA,NA,3,1,0,3,1,6,0,1,4,1,3
913,1340.287,2021,"25-34","Male","European/Other",1,"Employed",0,0,0,1,1,9,1,"not disabled",10,10,10,5,1,2,4,4,4,6,0,"No",15,4,3,NA,NA,NA,NA,NA,4,0,0,1,2,2,0,0,4,0,1
914,3436.66,2021,"35-44","Male","European/Other",4,"Employed",1,1,1,2,3,2,1,"not disabled",9,7,7,3,3,5,5,6,7,7,7,"Yes",17,1,1,NA,NA,NA,NA,NA,3,0,0,2,1,3,0,0,4,1,1
915,1725.58,2021,"45-54","Male","Asian",1,"Employed",1,0,0,1,2,5,2,"not disabled",6,8,10,2,1,3,4,7,3,2,1,"Yes",6,1,1,NA,NA,NA,NA,NA,8,0,0,1,3,4,0,0,3,1,1
916,5378.097,2021,"45-54","Female","European/Other",2,"Employed",0,0,0,3,2,9,2,"not disabled",6,6,8,3,1,2,5,3,9,1,2,"Yes",15,2,2,NA,NA,NA,NA,NA,5,0,0,2,6,4,1,0,4,1,1
917,10045.39,2021,"65+","Female","European/Other",3,"Employed",1,0,0,2,1,8,2,"not disabled",5,9,10,5,2,4,5,5,7,6,5,"Yes",16,1,1,NA,NA,NA,NA,NA,4,0,0,1,2,6,1,0,4,1,1
918,2321.173,2021,"45-54","Male","European/Other",1,"Not in the labour force",1,0,0,2,3,3,1,"not disabled",10,7,7,3,1,4,3,5,5,7,6,"Yes",15,1,1,NA,NA,NA,NA,NA,3,0,1,1,4,4,0,0,4,1,3
919,14568.28,2021,"65+","Male","European/Other",3,"Employed",0,0,0,3,1,9,6,"not disabled",10,10,10,5,1,2,5,8,10,3,5,"Yes",17,1,1,NA,NA,NA,NA,NA,3,0,0,1,1,6,0,0,4,1,1
920,387.0754,2021,"25-34","Female","Maori",4,"Unemployed",1,0,0,1,3,7,1,"not disabled",8,9,9,4,1,4,5,7,9,7,9,"Yes",20,2,2,NA,NA,NA,NA,NA,3,0,0,1,2,2,1,0,1,1,2
921,12123.75,2021,"65+","Female","European/Other",4,"Employed",1,0,0,1,3,1,1,"Disabled",6,4,7,2,1,3,4,9,7,5,4,"Yes",18,2,2,NA,NA,NA,NA,NA,3,0,0,2,2,6,1,1,4,1,1
922,4092.773,2021,"25-34","Male","European/Other",1,"Not in the labour force",1,1,2,1,3,9,1,"not disabled",3,8,7,3,3,5,4,4,9,4,6,"Yes",14,1,1,NA,NA,NA,NA,NA,4,0,1,3,1,2,0,0,4,1,3
923,18527.85,2021,"25-34","Female","European/Other",1,"Employed",0,0,0,1,2,10,1,"not disabled",6,8,10,3,3,3,4,5,4,1,1,"No",14,2,1,NA,NA,NA,NA,NA,3,0,0,4,3,2,1,0,4,0,1
924,10907.5,2021,"45-54","Female","European/Other",4,"Employed",1,1,1,2,3,8,6,"not disabled",8,9,8,4,1,4,4,9,9,7,8,"Yes",16,1,1,NA,NA,NA,NA,NA,3,0,0,1,1,4,1,0,4,1,1
925,5608.757,2021,"25-34","Male","European/Other",4,"Employed",1,0,0,3,2,7,4,"not disabled",6,6,8,5,2,4,4,7,6,5,3,"No",12,99,2,NA,NA,NA,NA,NA,9,0,0,1,2,2,0,0,4,0,1
926,15965.14,2021,"15-24","Female","European/Other",1,"Employed",1,1,1,3,2,9,1,"not disabled",5,6,8,2,2,4,4,6,4,4,5,"No",11,4,2,NA,NA,NA,NA,NA,3,0,0,1,1,1,1,0,4,0,1
927,3218.64,2021,"65+","Male","European/Other",1,"Employed",1,0,0,2,1,8,1,"not disabled",7,8,8,3,1,2,4,8,9,5,5,"Yes",17,1,1,NA,NA,NA,NA,NA,8,0,0,1,2,6,0,0,4,1,1
928,1601.072,2021,"45-54","Female","European/Other",1,"Not in the labour force",1,0,0,1,3,10,2,"not disabled",5,7,8,5,1,3,3,4,0,0,0,"Yes",19,3,1,NA,NA,NA,NA,NA,4,0,0,1,1,4,1,0,4,1,3
929,2953.702,2021,"35-44","Female","European/Other",2,"Employed",0,0,0,1,2,6,2,"not disabled",7,8,10,4,1,2,5,9,10,2,2,"Yes",17,1,1,NA,NA,NA,NA,NA,4,0,0,2,3,3,1,0,4,1,1
930,12620.56,2021,"45-54","Male","European/Other",1,"Employed",0,1,1,3,1,3,1,"not disabled",3,8,7,3,1,2,5,3,8,2,3,"Yes",11,3,1,NA,NA,NA,NA,NA,9,0,0,3,2,4,0,0,4,1,1
931,1639.545,2021,"25-34","Male","European/Other",2,"Not in the labour force",1,0,0,1,3,9,1,"not disabled",7,7,8,4,2,3,4,6,8,4,3,"Yes",7,2,2,NA,NA,NA,NA,NA,4,0,0,1,4,2,0,0,4,1,3
932,7096.324,2021,"35-44","Male","European/Other",2,"Employed",1,1,1,1,3,7,1,"not disabled",7,8,10,3,1,3,4,5,8,6,8,"Yes",15,99,2,NA,NA,NA,NA,NA,3,0,0,2,3,3,0,0,4,1,1
933,7044.812,2021,"35-44","Female","European/Other",1,"Employed",1,1,2,1,2,8,1,"not disabled",5,7,7,4,1,5,4,5,7,2,6,"Yes",12,1,2,NA,NA,NA,NA,NA,3,0,0,1,2,3,1,0,4,1,1
934,3961.619,2021,"25-34","Female","European/Other",2,"Employed",1,1,1,1,3,8,1,"not disabled",5,8,8,4,1,4,5,7,7,5,3,"Yes",9,3,2,NA,NA,NA,NA,NA,2,0,0,1,2,2,1,0,4,1,1
935,3313.334,2021,"55-64","Female","European/Other",4,"Not in the labour force",1,0,0,2,3,3,1,"not disabled",10,8,10,5,1,4,4,8,10,7,9,"Yes",19,1,1,NA,NA,NA,NA,NA,3,0,0,1,2,5,1,0,4,1,3
936,3463.398,2021,"35-44","Male","European/Other",2,"Not in the labour force",1,1,2,3,3,1,2,"not disabled",5,8,7,3,1,2,4,8,7,5,7,"No",12,1,1,NA,NA,NA,NA,NA,8,0,0,2,2,3,0,0,4,0,3
937,2867.088,2021,"25-34","Male","Maori",4,"Employed",1,0,0,3,2,7,4,"not disabled",6,6,8,5,2,4,4,7,6,5,3,"No",12,99,2,NA,NA,NA,NA,NA,9,0,0,1,2,2,0,0,1,0,1
938,2147.42,2021,"45-54","Female","European/Other",2,"Not in the labour force",1,1,3,3,2,10,6,"not disabled",6,7,7,3,1,5,5,8,5,4,4,"Yes",11,4,2,NA,NA,NA,NA,NA,4,1,0,1,2,4,1,0,4,1,3
939,3710.511,2021,"65+","Male","European/Other",1,"Not in the labour force",1,0,0,2,1,4,1,"not disabled",3,7,8,3,1,3,4,8,9,6,7,"Yes",14,2,1,NA,NA,NA,NA,NA,4,0,0,3,4,6,0,0,4,1,3
940,2309.052,2021,"65+","Male","European/Other",2,"Not in the labour force",1,0,0,2,2,4,1,"Disabled",8,7,10,3,1,3,4,10,5,2,1,"Yes",15,1,1,NA,NA,NA,NA,NA,8,0,0,1,3,6,0,1,4,1,3
941,1610.565,2021,"65+","Female","European/Other",1,"Not in the labour force",1,0,0,2,2,4,2,"not disabled",8,9,9,5,1,2,3,7,9,3,5,"Yes",18,1,2,NA,NA,NA,NA,NA,4,0,0,1,1,6,1,0,4,1,3
942,765.7877,2021,"65+","Male","Maori",1,"Employed",0,1,1,3,1,8,1,"not disabled",0,5,6,3,1,1,4,8,4,2,4,"Yes",4,2,3,NA,NA,NA,NA,NA,3,0,1,2,3,6,0,0,1,1,1
943,872.8985,2021,"65+","Male","European/Other",1,"Not in the labour force",0,0,0,3,1,10,1,"not disabled",6,8,8,3,1,2,5,8,8,5,6,"No",19,1,1,NA,NA,NA,NA,NA,8,0,0,1,1,6,0,0,4,0,3
944,1111.693,2021,"35-44","Female","European/Other",2,"Not in the labour force",0,0,0,3,2,6,5,"not disabled",6,8,5,4,1,3,3,8,6,4,3,"No",9,1,1,NA,NA,NA,NA,NA,9,1,1,4,2,3,1,0,4,0,3
945,1515.776,2021,"65+","Male","Maori",3,"Employed",0,0,0,2,1,7,1,"not disabled",5,9,8,4,1,4,4,8,9,7,8,"Yes",17,1,1,NA,NA,NA,NA,NA,3,0,0,2,1,6,0,0,1,1,1
947,3352.831,2021,"65+","Female","European/Other",2,"Employed",1,0,0,2,1,6,6,"not disabled",8,6,5,3,1,3,5,9,7,5,5,"Yes",20,2,1,NA,NA,NA,NA,NA,8,0,0,3,1,6,1,0,4,1,1
948,4175.416,2021,"65+","Female","European/Other",4,"Employed",1,0,0,2,2,10,2,"not disabled",8,9,7,4,1,4,5,8,8,6,7,"Yes",20,1,1,NA,NA,NA,NA,NA,3,0,0,2,2,6,1,0,4,1,1
949,4256.741,2021,"45-54","Female","European/Other",1,"Employed",1,0,0,1,3,10,1,"not disabled",8,10,9,3,2,3,5,8,8,8,8,"Yes",19,1,1,NA,NA,NA,NA,NA,3,0,0,1,3,4,1,0,4,1,1
950,91.26713,2021,"45-54","Male","Pacific",1,"Unemployed",0,1,2,3,1,8,2,"not disabled",5,5,6,4,1,3,3,5,7,5,7,"Yes",6,3,2,NA,NA,NA,NA,NA,5,0,0,3,3,4,0,0,2,1,2
951,1004.381,2021,"25-34","Male","Maori",1,"Employed",0,1,2,3,2,3,1,"not disabled",6,8,9,4,2,5,3,5,8,1,3,"Yes",14,1,1,NA,NA,NA,NA,NA,4,0,0,2,1,2,0,0,1,1,1
952,8667.083,2021,"35-44","Male","European/Other",1,"Employed",1,1,4,3,2,7,4,"not disabled",6,9,10,5,1,3,4,9,10,7,10,"No",14,2,1,NA,NA,NA,NA,NA,1,1,0,1,2,3,0,0,4,0,1
953,284.13,2021,"45-54","Male","European/Other",1,"Unemployed",0,0,0,3,1,7,3,"Disabled",6,8,8,4,2,5,5,2,0,0,0,"Yes",8,1,1,NA,NA,NA,NA,NA,4,0,0,3,1,4,0,1,4,1,2
954,929.561,2021,"45-54","Female","Maori",4,"Employed",1,1,1,3,3,4,5,"not disabled",0,3,5,1,1,5,4,8,7,5,7,"Yes",11,3,1,NA,NA,NA,NA,NA,3,0,0,2,3,4,1,0,1,1,1
955,2069.217,2021,"25-34","Male","European/Other",2,"Not in the labour force",1,1,3,3,2,9,1,"not disabled",5,5,5,1,1,4,3,5,10,5,8,"Yes",8,2,2,NA,NA,NA,NA,NA,4,0,1,3,3,2,0,0,4,1,3
956,325.0377,2021,"55-64","Male","Maori",2,"Not in the labour force",0,0,0,1,2,7,6,"not disabled",3,8,6,2,1,4,3,6,8,7,7,"Yes",12,1,1,NA,NA,NA,NA,NA,3,0,1,1,2,5,0,0,1,1,3
957,14956.91,2021,"25-34","Female","European/Other",4,"Employed",1,1,1,1,3,3,6,"not disabled",7,9,9,4,2,5,5,8,7,4,4,"Yes",13,1,1,NA,NA,NA,NA,NA,9,0,0,1,1,2,1,0,4,1,1
958,873.1855,2021,"25-34","Male","European/Other",1,"Not in the labour force",1,1,1,3,3,8,1,"Disabled",3,7,10,2,2,5,3,4,8,5,6,"No",11,1,2,NA,NA,NA,NA,NA,1,0,1,2,4,2,0,1,4,0,3
959,3241.296,2021,"65+","Female","European/Other",1,"Employed",1,0,0,2,1,3,1,"not disabled",9,8,8,4,1,2,4,9,9,6,8,"Yes",20,1,1,NA,NA,NA,NA,NA,4,0,0,1,2,6,1,0,4,1,1
960,2592.908,2021,"55-64","Male","European/Other",4,"Not in the labour force",1,0,0,2,3,3,1,"not disabled",7,9,9,5,1,4,5,8,10,7,8,"Yes",16,1,1,NA,NA,NA,NA,NA,3,0,0,1,3,5,0,0,4,1,3
961,847.4207,2021,"65+","Male","Asian",1,"Employed",0,0,0,2,1,9,1,"Disabled",6,8,8,3,1,5,4,7,9,6,7,"Yes",15,1,1,NA,NA,NA,NA,NA,4,1,0,2,2,6,0,1,3,1,1
962,1677.53,2021,"65+","Female","European/Other",4,"Employed",1,0,0,1,2,1,6,"not disabled",8,7,6,3,1,4,5,8,7,8,7,"Yes",16,1,1,NA,NA,NA,NA,NA,3,0,0,1,2,6,1,0,4,1,1
963,522.8404,2021,"45-54","Male","European/Other",2,"Not in the labour force",0,0,0,2,2,6,1,"not disabled",5,4,7,3,1,3,3,4,4,1,0,"Yes",18,1,1,NA,NA,NA,NA,NA,3,0,0,1,3,4,0,0,4,1,3
964,331.4687,2021,"55-64","Female","Maori",2,"Employed",1,0,0,1,1,6,6,"not disabled",5,3,8,1,1,5,5,8,7,2,0,"No",11,3,1,NA,NA,NA,NA,NA,4,0,0,3,1,5,1,0,1,0,1
965,6924.494,2021,"15-24","Male","European/Other",1,"Employed",0,0,0,3,2,10,3,"not disabled",6,8,10,2,3,5,3,5,7,3,10,"Yes",4,4,1,NA,NA,NA,NA,NA,8,0,0,2,4,1,0,0,4,1,1
966,928.6063,2021,"15-24","Female","European/Other",1,"Employed",0,0,0,3,3,9,1,"not disabled",7,7,7,3,2,5,3,7,4,4,4,"Yes",14,2,1,NA,NA,NA,NA,NA,2,0,1,1,4,1,1,0,4,1,1
967,2087.28,2021,"55-64","Male","European/Other",1,"Employed",0,0,0,2,2,3,1,"not disabled",8,10,8,4,3,5,5,6,0,0,8,"Yes",15,1,1,NA,NA,NA,NA,NA,8,0,1,1,2,5,0,0,4,1,1
968,748.8704,2021,"65+","Male","European/Other",1,"Not in the labour force",1,0,0,2,1,10,1,"not disabled",5,7,5,2,2,3,4,6,6,6,8,"No",18,2,2,NA,NA,NA,NA,NA,3,0,0,1,1,6,0,0,4,0,3
969,748.8704,2021,"65+","Male","European/Other",2,"Not in the labour force",0,0,0,1,1,6,2,"not disabled",7,9,9,4,2,5,5,7,9,2,8,"Yes",20,1,1,NA,NA,NA,NA,NA,8,0,0,1,2,6,0,0,4,1,3
970,840.2134,2021,"35-44","Male","European/Other",4,"Not in the labour force",0,0,0,3,2,1,1,"not disabled",9,10,9,4,1,4,5,9,10,7,8,"Yes",16,1,1,NA,NA,NA,NA,NA,9,1,0,2,2,3,0,0,4,1,3
971,760.7571,2021,"45-54","Male","European/Other",2,"Not in the labour force",0,1,1,2,1,7,1,"not disabled",8,8,9,3,2,5,4,8,9,9,10,"Yes",16,2,2,NA,NA,NA,NA,NA,2,0,0,1,2,4,0,0,4,1,3
972,2935.396,2021,"35-44","Male","European/Other",3,"Employed",1,1,1,1,3,7,5,"not disabled",4,7,8,2,1,4,3,7,8,7,10,"Yes",11,1,2,NA,NA,NA,NA,NA,8,0,1,3,3,3,0,0,4,1,1
973,1362.368,2021,"65+","Male","European/Other",4,"Employed",0,0,0,2,1,7,1,"not disabled",5,6,8,3,1,4,3,5,5,5,5,"Yes",15,2,1,NA,NA,NA,NA,NA,3,0,1,2,4,6,0,0,4,1,1
974,11499.92,2021,"45-54","Female","European/Other",1,"Employed",1,1,4,1,3,2,1,"not disabled",4,10,10,5,3,3,5,3,10,0,4,"Yes",12,2,2,NA,NA,NA,NA,NA,2,0,0,1,1,4,1,0,4,1,1
975,1382.768,2021,"15-24","Male","European/Other",1,"Not in the labour force",0,0,0,2,3,1,1,"not disabled",7,9,9,4,1,4,5,7,9,7,8,"Yes",15,1,1,NA,NA,NA,NA,NA,8,0,0,1,1,1,0,0,4,1,3
976,14584.93,2021,"45-54","Male","European/Other",4,"Employed",0,1,1,1,2,7,2,"not disabled",5,8,10,4,2,4,5,8,9,6,7,"Yes",14,2,2,NA,NA,NA,NA,NA,3,1,0,1,1,4,0,0,4,1,1
977,18969.79,2021,"65+","Female","European/Other",3,"Employed",1,0,0,3,1,6,1,"Disabled",10,9,10,3,1,2,5,8,8,2,7,"Yes",13,3,2,NA,NA,NA,NA,NA,1,0,0,2,2,6,1,1,4,1,1
978,10265.9,2021,"25-34","Female","European/Other",2,"Employed",1,0,0,1,3,5,1,"not disabled",4,7,10,3,1,1,5,8,7,4,5,"Yes",12,2,1,NA,NA,NA,NA,NA,8,0,0,4,2,2,1,0,4,1,1
979,3904.132,2021,"15-24","Male","European/Other",1,"Not in the labour force",0,0,0,1,3,6,6,"Disabled",5,8,6,2,1,4,4,7,5,4,6,"No",14,3,2,NA,NA,NA,NA,NA,3,1,1,2,4,1,0,1,4,0,3
980,1122.416,2021,"65+","Female","European/Other",4,"Not in the labour force",1,0,0,2,1,5,2,"Disabled",8,10,8,2,1,3,3,5,8,5,8,"Yes",17,1,1,NA,NA,NA,NA,NA,3,0,0,1,1,6,1,1,4,1,3
981,856.8743,2021,"65+","Male","European/Other",3,"Not in the labour force",0,0,0,3,1,9,1,"not disabled",10,10,10,4,1,3,5,8,9,2,3,"No",19,1,1,NA,NA,NA,NA,NA,5,0,0,1,2,6,0,0,4,0,3
982,907.4578,2021,"65+","Male","European/Other",2,"Not in the labour force",1,0,0,1,2,4,6,"not disabled",7,10,10,4,1,3,5,10,9,5,8,"Yes",17,4,1,NA,NA,NA,NA,NA,3,0,0,2,2,6,0,0,4,1,3
983,760.7065,2021,"45-54","Female","European/Other",4,"Not in the labour force",1,1,2,1,3,1,1,"not disabled",7,9,9,4,1,5,5,9,9,3,5,"Yes",20,1,1,NA,NA,NA,NA,NA,3,0,0,1,1,4,1,0,4,1,3
984,0.9529958,2021,"25-34","Male","European/Other",3,"Unemployed",1,0,0,3,2,7,5,"not disabled",7,10,6,4,1,4,3,9,9,9,9,"No",16,1,1,NA,NA,NA,NA,NA,8,0,0,2,2,2,0,0,4,0,2
985,620.2684,2021,"35-44","Female","European/Other",2,"Not in the labour force",0,0,0,3,2,9,6,"not disabled",5,10,8,5,2,5,5,8,10,4,10,"No",18,2,2,NA,NA,NA,NA,NA,8,0,0,1,1,3,1,0,4,0,3
986,1200.846,2021,"35-44","Male","European/Other",4,"Not in the labour force",1,1,2,1,2,2,1,"not disabled",5,8,8,4,1,4,5,7,9,5,5,"Yes",17,2,1,NA,NA,NA,NA,NA,3,0,0,1,1,3,0,0,4,1,3
987,1026.027,2021,"65+","Female","European/Other",2,"Employed",1,0,0,2,1,2,6,"Disabled",8,8,8,2,1,4,5,5,8,5,5,"Yes",19,3,2,NA,NA,NA,NA,NA,4,0,0,1,2,6,1,1,4,1,1
988,5738.099,2021,"65+","Male","European/Other",1,"Employed",1,0,0,2,2,1,1,"not disabled",8,6,10,3,1,3,5,9,10,3,5,"Yes",20,1,1,NA,NA,NA,NA,NA,3,0,0,1,3,6,0,0,4,1,1
989,145.666,2021,"55-64","Female","European/Other",4,"Unemployed",1,0,0,1,3,3,1,"not disabled",10,8,9,3,1,4,5,9,9,6,8,"Yes",20,1,1,NA,NA,NA,NA,NA,9,0,0,1,1,5,1,0,4,1,2
990,2021.627,2021,"55-64","Female","European/Other",4,"Employed",1,0,0,2,2,2,1,"not disabled",8,8,10,5,1,4,5,8,9,6,7,"Yes",18,1,2,NA,NA,NA,NA,NA,3,1,0,1,2,5,1,0,4,1,1
991,2345.109,2021,"25-34","Male","European/Other",4,"Not in the labour force",1,1,2,1,3,9,6,"not disabled",4,9,8,3,2,5,5,8,10,5,10,"Yes",13,1,1,NA,NA,NA,NA,NA,3,0,0,1,1,2,0,0,4,1,3
992,1687.37,2021,"45-54","Female","European/Other",2,"Employed",1,1,1,3,3,9,5,"not disabled",9,7,8,3,1,3,5,6,10,8,8,"Yes",17,1,1,NA,NA,NA,NA,NA,8,0,0,3,2,4,1,0,4,1,1
993,3283.196,2021,"65+","Male","European/Other",1,"Employed",0,0,0,2,1,1,1,"not disabled",9,10,10,4,1,4,5,7,9,8,7,"Yes",16,1,1,NA,NA,NA,NA,NA,3,0,0,3,1,6,0,0,4,1,1
994,4257.713,2021,"25-34","Male","European/Other",4,"Employed",1,1,1,1,2,9,6,"not disabled",8,7,7,3,1,4,4,7,7,5,8,"Yes",20,2,3,NA,NA,NA,NA,NA,3,0,0,2,2,2,0,0,4,1,1
995,4257.713,2021,"15-24","Female","European/Other",1,"Employed",0,0,0,3,2,7,4,"not disabled",5,8,10,5,1,4,4,3,10,5,0,"No",15,2,1,NA,NA,NA,NA,NA,9,0,0,2,3,1,1,0,4,0,1
996,2293.151,2021,"65+","Female","Maori",1,"Employed",0,0,0,3,1,8,1,"not disabled",10,10,10,2,1,2,5,7,5,5,8,"No",20,2,1,NA,NA,NA,NA,NA,8,0,0,1,6,6,1,0,1,0,1
997,2293.151,2021,"55-64","Male","Maori",1,"Employed",1,0,0,2,2,2,1,"not disabled",10,10,10,4,1,4,4,7,9,1,7,"Yes",20,1,1,NA,NA,NA,NA,NA,3,0,1,1,3,5,0,0,1,1,1
998,67.29946,2021,"45-54","Male","European/Other",1,"Unemployed",0,0,0,3,3,9,6,"not disabled",3,5,6,2,3,4,3,3,1,0,3,"Yes",6,2,1,NA,NA,NA,NA,NA,9,0,1,2,1,4,0,0,4,1,2
999,2260.439,2021,"35-44","Male","European/Other",4,"Employed",1,1,1,3,3,3,6,"not disabled",5,8,9,4,2,5,5,9,10,7,7,"Yes",10,2,1,NA,NA,NA,NA,NA,8,0,0,2,1,3,0,0,4,1,1
1000,1345.954,2021,"25-34","Male","European/Other",1,"Not in the labour force",0,1,1,3,1,7,1,"not disabled",5,4,6,3,2,4,3,5,5,4,3,"Yes",6,2,1,NA,NA,NA,NA,NA,9,0,0,5,4,2,0,0,4,1,3
1,762.6796,2018,"65+","Male","Maori",1,"Employed",1,0,0,1,3,4,1,"not disabled",4,4,8,2,1,1,1,5,0,0,1,"Yes",10,4,2,0,5,5,5,5,8,0,0,1,4,6,0,0,1,1,1
2,3718.332,2018,"35-44","Male","Maori",1,"Employed",1,1,2,1,3,7,1,"not disabled",10,10,10,3,1,3,4,5,8,5,5,"Yes",18,2,1,1,4,4,4,5,3,0,0,1,1,3,0,0,1,1,1
4,708.3069,2018,"25-34","Male","Maori",4,"Employed",1,1,1,3,2,10,4,"not disabled",6,8,5,3,1,2,4,8,9,7,6,"No",8,3,2,3,4,4,4,7,8,0,0,3,2,2,0,0,1,0,1
5,1413.523,2018,"25-34","Male","Maori",1,"Employed",1,1,1,3,2,10,1,"not disabled",3,10,10,4,1,4,5,7,9,6,7,"Yes",3,4,3,0,4,4,4,7,4,0,0,1,2,2,0,0,1,1,1
6,1848.343,2018,"65+","Male","Maori",2,"Employed",1,1,1,1,3,9,6,"not disabled",7,9,7,4,1,3,5,5,6,5,9,"Yes",14,2,1,0,4,4,4,10,2,0,0,1,1,6,0,0,1,1,1
7,3506.792,2018,"25-34","Female","Maori",4,"Employed",1,0,0,3,3,9,2,"not disabled",7,6,6,4,1,4,5,8,8,6,6,"Yes",18,1,1,2,5,4,5,0,3,0,0,1,2,2,1,0,1,1,1
8,1472.841,2018,"45-54","Female","Maori",1,"Employed",1,1,4,3,2,9,6,"not disabled",5,8,9,3,1,4,4,7,7,3,6,"Yes",6,3,2,1,4,4,4,8,2,0,0,1,2,4,1,0,1,1,1
9,3039.392,2018,"25-34","Female","Maori",4,"Employed",0,0,0,3,2,8,4,"not disabled",5,7,7,4,1,4,3,0,0,0,0,"No",16,2,1,3,3,3,4,7,8,0,1,3,3,2,1,0,1,0,1
10,1144.127,2018,"65+","Male","Maori",1,"Employed",1,0,0,2,3,2,1,"not disabled",8,9,9,4,1,2,4,8,9,5,9,"Yes",19,1,1,1,4,4,1,6,9,0,0,1,1,6,0,0,1,1,1
11,1437.003,2018,"45-54","Male","Maori",1,"Employed",0,0,0,3,2,10,6,"not disabled",5,7,8,3,1,4,3,5,9,5,7,"Yes",11,4,2,0,4,4,4,4,2,0,0,2,2,4,0,0,1,1,1
12,1425.061,2018,"45-54","Male","Maori",1,"Employed",1,0,0,1,2,4,2,"not disabled",3,7,8,4,1,2,4,7,10,5,7,"Yes",12,2,1,0,4,5,1,3,8,0,0,2,3,4,0,0,1,1,1
13,787.035,2018,"65+","Female","Maori",3,"Employed",1,0,0,2,3,5,2,"not disabled",10,8,8,4,1,2,5,9,9,5,3,"Yes",19,1,1,0,4,4,4,7,3,0,1,1,3,6,1,0,1,1,1
14,706.3826,2018,"45-54","Female","Maori",1,"Employed",0,0,0,3,1,1,1,"not disabled",7,8,8,2,1,1,5,7,9,1,1,"No",14,2,1,4,3,3,1,5,8,0,0,1,2,4,1,0,1,0,1
15,495.7052,2018,"25-34","Male","Maori",4,"Employed",1,1,2,3,3,9,2,"not disabled",8,8,8,5,1,5,5,8,8,7,8,"Yes",20,2,2,2,4,3,2,3,3,0,0,2,4,2,0,0,1,1,1
16,1192.328,2018,"55-64","Male","Maori",4,"Employed",1,0,0,1,1,2,6,"not disabled",7,8,8,4,1,4,4,4,10,0,0,"Yes",7,2,1,0,4,4,4,6,5,1,0,1,3,5,0,0,1,1,1
17,900.6177,2018,"45-54","Male","Maori",2,"Employed",0,0,0,2,3,9,1,"not disabled",7,8,8,4,1,3,5,8,10,3,7,"Yes",15,1,1,3,5,5,5,8,8,0,0,2,1,4,0,0,1,1,1
18,2790.632,2018,"55-64","Male","Maori",1,"Employed",1,0,0,1,2,8,1,"not disabled",10,8,8,2,1,1,5,5,10,3,2,"Yes",18,1,2,0,5,5,4,6,4,1,0,1,1,5,0,0,1,1,1
19,1183.611,2018,"25-34","Male","Maori",2,"Employed",1,0,0,3,3,3,2,"not disabled",4,7,6,3,1,4,4,7,6,3,6,"Yes",4,3,1,3,2,4,5,0,9,0,0,3,4,2,0,0,1,1,1
20,1132.795,2018,"45-54","Female","Maori",1,"Employed",1,0,0,1,3,2,2,"not disabled",5,8,8,3,1,2,4,7,8,4,0,"No",16,1,1,0,4,5,5,5,3,0,0,1,2,4,1,0,1,0,1
21,1215.671,2018,"15-24","Female","Maori",2,"Employed",0,0,0,1,3,4,1,"not disabled",6,8,8,3,1,3,5,6,9,7,8,"Yes",16,99,1,1,5,5,4,8,8,1,0,1,1,1,1,0,1,1,1
22,2022.954,2018,"25-34","Male","Maori",1,"Employed",1,1,2,3,2,8,1,"not disabled",4,7,10,3,2,5,5,7,8,4,7,"Yes",13,2,2,4,2,5,4,2,3,0,0,2,2,2,0,0,1,1,1
23,1543.413,2018,"35-44","Female","Maori",4,"Employed",1,1,3,1,3,3,2,"not disabled",8,9,10,4,1,5,5,8,9,8,5,"Yes",20,1,1,0,5,5,5,9,3,0,0,1,1,3,1,0,1,1,1
24,1827.765,2018,"45-54","Male","Maori",2,"Employed",0,0,0,2,1,1,1,"not disabled",3,5,8,4,1,4,5,5,7,4,6,"Yes",8,4,2,1,3,5,5,6,3,0,0,2,2,4,0,0,1,1,1
25,373.4625,2018,"55-64","Male","Maori",2,"Employed",1,0,0,1,2,1,6,"not disabled",10,9,9,5,1,4,4,8,8,7,4,"Yes",20,1,1,1,5,5,4,7,5,0,0,1,1,5,0,0,1,1,1
26,923.7613,2018,"15-24","Male","Maori",1,"Employed",0,0,0,1,3,7,1,"not disabled",5,10,9,3,4,5,3,8,6,7,7,"Not Eligible",12,1,1,0,5,5,4,5,8,0,0,1,2,1,0,0,1,99,1
27,759.3502,2018,"15-24","Male","Maori",1,"Employed",0,0,0,1,3,1,2,"not disabled",5,8,9,5,2,5,5,9,9,8,9,"Not Eligible",16,1,1,0,4,5,4,9,3,0,0,1,2,1,0,0,1,99,1
28,1465.066,2018,"65+","Male","Maori",4,"Employed",0,0,0,1,3,1,6,"not disabled",6,9,10,4,3,4,4,7,4,1,7,"Yes",11,3,1,0,5,5,3,5,3,0,0,2,2,6,0,0,1,1,1
29,1760.477,2018,"55-64","Male","Maori",2,"Employed",0,0,0,2,2,1,6,"not disabled",5,8,8,4,1,5,5,8,8,0,3,"Yes",17,1,1,0,2,2,1,8,3,0,0,1,1,5,0,0,1,1,1
30,2491.524,2018,"25-34","Female","Maori",4,"Employed",0,0,0,3,2,9,5,"not disabled",6,6,8,4,1,3,3,8,5,8,4,"No",12,1,2,3,4,4,4,1,8,0,1,2,2,2,1,0,1,0,1
31,653.3595,2018,"65+","Male","Maori",3,"Employed",0,0,0,1,1,2,2,"Disabled",10,10,10,5,1,5,5,10,10,0,0,"Yes",20,1,1,0,1,5,1,10,8,0,0,1,1,6,0,1,1,1,1
32,717.4766,2018,"25-34","Male","Maori",3,"Employed",1,0,0,3,3,7,1,"not disabled",8,8,8,4,1,3,4,4,6,3,4,"No",12,1,1,4,5,5,5,10,3,1,0,1,1,2,0,0,1,0,1
33,3710.203,2018,"45-54","Female","Maori",1,"Employed",1,1,2,3,3,2,1,"not disabled",10,8,10,5,1,3,5,8,10,6,1,"Yes",18,1,1,1,5,5,1,5,3,0,0,2,2,4,1,0,1,1,1
34,1147.555,2018,"65+","Male","Maori",1,"Employed",1,0,0,2,1,8,2,"not disabled",6,3,8,1,1,4,5,8,9,6,1,"No",12,2,3,1,5,5,1,4,3,0,0,2,3,6,0,0,1,0,1
35,792.687,2018,"45-54","Male","Maori",1,"Employed",0,0,0,2,2,4,6,"not disabled",6,10,10,3,1,3,3,10,10,8,8,"Yes",14,2,2,0,5,5,5,4,3,0,0,1,1,4,0,0,1,1,1
36,3595.442,2018,"45-54","Female","Maori",2,"Employed",0,0,0,1,3,7,6,"not disabled",5,7,5,3,1,4,4,5,7,6,7,"Yes",9,1,2,0,4,4,4,6,8,0,0,3,3,4,1,0,1,1,1
37,1751.767,2018,"65+","Female","Maori",2,"Employed",0,0,0,2,1,9,6,"not disabled",6,8,7,3,1,3,5,7,8,6,4,"Yes",15,3,1,3,5,5,2,8,2,0,1,2,3,6,1,0,1,1,1
38,357.7189,2018,"45-54","Male","Maori",4,"Employed",0,0,0,3,3,9,2,"not disabled",10,6,8,4,1,3,5,8,6,5,4,"Yes",18,1,1,3,5,5,5,3,5,0,0,2,2,4,0,0,1,1,1
39,534.3448,2018,"25-34","Male","Maori",2,"Employed",1,1,4,1,2,8,1,"not disabled",10,8,10,3,3,5,5,8,10,2,8,"Yes",17,1,2,1,5,5,5,3,5,0,0,2,2,2,0,0,1,1,1
40,515.8981,2018,"55-64","Male","Maori",3,"Employed",1,0,0,1,2,7,1,"not disabled",8,9,8,4,2,3,4,9,10,6,7,"Yes",14,1,1,0,5,5,1,8,8,0,0,1,2,5,0,0,1,1,1
41,1567.371,2018,"25-34","Female","Maori",4,"Employed",0,0,0,1,3,6,4,"not disabled",8,10,8,5,2,4,3,10,10,8,10,"No",18,1,1,1,5,5,5,8,8,0,0,1,1,2,1,0,1,0,1
42,1362.583,2018,"35-44","Male","Maori",4,"Employed",0,0,0,1,1,2,1,"not disabled",4,9,7,5,1,3,5,8,9,5,7,"Yes",15,1,2,1,5,5,3,7,4,0,0,1,1,3,0,0,1,1,1
43,341.7111,2018,"65+","Male","Maori",1,"Employed",0,0,0,2,1,1,1,"not disabled",5,5,6,3,1,3,4,5,8,5,3,"Yes",17,1,1,0,5,4,4,7,1,0,0,3,2,6,0,0,1,1,1
44,2090.007,2018,"35-44","Male","Maori",2,"Employed",1,0,0,1,2,7,6,"not disabled",3,7,7,2,1,5,3,6,2,3,7,"Yes",14,1,1,1,5,5,5,0,3,0,0,1,1,3,0,0,1,1,1
45,1162.148,2018,"35-44","Female","Maori",1,"Employed",0,0,0,1,2,9,6,"not disabled",10,8,8,4,1,3,5,9,10,8,7,"No",20,1,1,3,5,5,5,5,3,0,0,2,1,3,1,0,1,0,1
46,1091.861,2018,"25-34","Male","Maori",1,"Employed",0,1,2,1,2,2,1,"not disabled",7,7,8,4,1,5,5,8,8,3,5,"Yes",16,1,1,1,4,5,4,10,3,0,0,1,2,2,0,0,1,1,1
47,426.6728,2018,"35-44","Male","Maori",1,"Employed",1,1,3,1,3,6,1,"not disabled",6,8,9,4,2,3,2,2,5,1,5,"Yes",19,1,3,2,4,3,1,10,3,1,1,3,3,3,0,0,1,1,1
48,426.6728,2018,"55-64","Male","Maori",1,"Employed",1,0,0,2,2,8,1,"not disabled",9,9,9,3,1,4,4,5,8,2,2,"Yes",18,1,1,1,4,4,4,8,3,1,0,1,2,5,0,0,1,1,1
49,877.3997,2018,"65+","Male","Maori",3,"Employed",1,0,0,2,1,4,6,"not disabled",8,9,10,3,1,4,5,9,9,7,9,"Yes",18,1,1,0,5,5,4,10,3,0,1,1,1,6,0,0,1,1,1
50,918.7377,2018,"55-64","Female","Maori",4,"Employed",1,0,0,2,2,1,6,"not disabled",10,10,10,4,1,5,4,10,10,5,7,"Yes",13,2,2,0,4,5,4,8,8,0,0,2,2,5,1,0,1,1,1
51,2277.74,2018,"65+","Female","Maori",3,"Employed",0,0,0,2,1,5,1,"not disabled",10,7,7,3,1,4,5,8,7,7,5,"Yes",17,1,1,0,5,5,1,7,8,0,0,1,2,6,1,0,1,1,1
52,1020.344,2018,"35-44","Male","Maori",1,"Employed",0,0,0,3,1,10,1,"not disabled",5,3,6,2,1,5,5,9,9,7,8,"Yes",7,1,2,2,5,5,5,1,8,0,0,2,1,3,0,0,1,1,1
53,820.3624,2018,"25-34","Female","Maori",3,"Employed",0,0,0,3,1,8,1,"not disabled",7,8,10,4,1,3,5,5,7,4,5,"Yes",15,1,1,3,5,5,4,4,2,0,0,2,2,2,1,0,1,1,1
54,623.184,2018,"65+","Male","Maori",1,"Employed",0,0,0,1,3,9,5,"not disabled",8,10,10,1,1,4,3,10,10,9,10,"Yes",11,2,2,3,4,4,1,3,8,0,0,4,4,6,0,0,1,1,1
56,295.1949,2018,"35-44","Female","Maori",3,"Employed",0,1,2,3,1,10,1,"not disabled",5,8,8,3,1,5,4,5,7,0,5,"No",14,4,2,0,5,5,5,1,3,0,0,1,1,3,1,0,1,0,1
57,1365.222,2018,"55-64","Male","Maori",3,"Employed",0,0,0,2,1,3,2,"not disabled",5,10,10,5,1,4,5,7,8,7,4,"Yes",13,1,2,0,4,5,5,10,8,1,0,1,1,5,0,0,1,1,1
58,547.5134,2018,"15-24","Male","Maori",1,"Employed",0,0,0,3,2,9,1,"not disabled",8,5,8,4,2,5,4,5,8,6,5,"Not Eligible",11,2,2,0,5,5,5,0,1,0,0,2,3,1,0,0,1,99,1
59,628.1412,2018,"55-64","Female","Maori",2,"Employed",1,1,1,3,2,8,1,"not disabled",5,4,8,4,1,3,4,5,7,3,5,"Yes",11,1,1,0,4,4,4,8,4,0,0,1,1,5,1,0,1,1,1
60,1069.786,2018,"15-24","Female","Maori",1,"Employed",0,0,0,1,3,6,1,"not disabled",7,7,7,4,1,2,4,4,8,2,9,"Not Eligible",16,1,1,2,5,5,5,1,3,1,1,1,2,1,1,0,1,99,1
61,839.5416,2018,"65+","Female","Maori",1,"Employed",1,0,0,2,2,7,1,"not disabled",5,8,8,4,2,3,4,6,7,7,5,"Yes",18,1,1,0,5,5,5,8,8,1,0,1,2,6,1,0,1,1,1
62,688.6813,2018,"35-44","Male","Maori",3,"Employed",1,1,1,3,1,8,4,"not disabled",5,9,10,3,1,4,3,5,7,4,6,"No",12,1,1,1,4,4,2,5,9,0,0,1,2,3,0,0,1,0,1
63,733.0182,2018,"45-54","Female","Maori",2,"Employed",1,0,0,3,3,2,6,"not disabled",8,8,9,4,1,3,5,9,7,5,7,"Yes",20,1,2,0,5,5,4,8,8,0,0,1,1,4,1,0,1,1,1
65,911.5582,2018,"35-44","Male","Maori",2,"Employed",0,0,0,1,2,4,1,"not disabled",8,8,8,3,1,2,4,6,4,3,5,"Yes",10,1,1,2,5,5,4,7,3,0,0,1,1,3,0,0,1,1,1
66,1665.789,2018,"65+","Male","Maori",4,"Employed",0,0,0,1,1,8,1,"not disabled",2,7,6,2,1,3,3,8,5,2,7,"Yes",7,2,2,1,5,2,2,5,8,0,1,4,4,6,0,0,1,1,1
67,3965.31,2018,"35-44","Male","Maori",4,"Employed",0,0,0,3,2,8,1,"not disabled",4,5,7,3,1,3,4,6,8,4,3,"Yes",8,1,2,3,3,4,3,5,3,0,1,4,3,3,0,0,1,1,1
68,1846.384,2018,"35-44","Male","Maori",3,"Employed",1,0,0,3,3,4,6,"not disabled",3,9,9,4,1,2,3,4,8,8,5,"No",15,3,2,0,3,2,5,2,3,0,0,1,2,3,0,0,1,0,1
69,621.7106,2018,"25-34","Male","Maori",3,"Employed",0,0,0,1,3,6,4,"not disabled",6,6,8,1,1,3,3,7,9,4,8,"No",11,1,1,4,5,4,4,7,2,0,1,2,4,2,0,0,1,0,1
70,380.5857,2018,"65+","Female","Maori",1,"Employed",0,0,0,2,1,10,1,"Disabled",5,10,10,4,1,3,5,10,10,10,10,"No",12,1,2,0,4,5,4,10,3,1,0,1,4,6,1,1,1,0,1
71,1284.194,2018,"35-44","Male","Maori",2,"Employed",0,0,0,3,3,7,1,"not disabled",8,8,7,4,2,4,5,5,9,7,7,"Yes",14,4,2,0,5,5,5,7,8,0,0,1,1,3,0,0,1,1,1
72,604.763,2018,"35-44","Male","Maori",1,"Employed",1,0,0,1,3,6,6,"not disabled",7,8,6,3,1,4,5,8,9,6,5,"Yes",20,1,1,0,4,4,3,8,4,0,0,1,1,3,0,0,1,1,1
73,3485.304,2018,"35-44","Male","Maori",4,"Employed",1,1,2,3,2,4,6,"not disabled",5,7,10,3,1,3,3,6,10,5,8,"Yes",16,2,1,2,5,4,5,6,3,0,0,2,2,3,0,0,1,1,1
74,1933.542,2018,"55-64","Female","Maori",2,"Employed",0,0,0,2,3,5,1,"not disabled",8,8,7,3,1,5,5,8,10,4,5,"Yes",19,2,1,0,4,4,5,10,3,0,0,1,1,5,1,0,1,1,1
75,1820.833,2018,"25-34","Female","Maori",1,"Employed",1,1,3,3,2,10,1,"not disabled",10,10,10,4,3,4,5,10,10,5,5,"Yes",8,2,2,0,2,3,1,6,3,0,0,1,2,2,1,0,1,1,1
76,669.7158,2018,"35-44","Male","Maori",1,"Employed",1,1,4,1,3,1,1,"not disabled",5,8,10,4,1,4,5,7,7,5,6,"Yes",7,2,1,1,5,5,5,6,2,0,0,1,1,3,0,0,1,1,1
77,637.5283,2018,"45-54","Male","Maori",4,"Employed",1,0,0,1,2,5,2,"not disabled",6,7,8,5,2,4,5,8,8,6,6,"Yes",12,1,2,0,5,5,5,0,3,0,1,1,2,4,0,0,1,1,1
78,1785.144,2018,"45-54","Male","Maori",1,"Employed",0,0,0,3,2,10,6,"Disabled",5,5,5,2,1,5,3,5,5,0,0,"No",15,4,3,0,4,4,5,5,2,1,1,3,1,4,0,1,1,0,1
79,1464.518,2018,"25-34","Female","Maori",4,"Employed",0,0,0,1,2,8,6,"not disabled",4,10,8,4,1,4,4,7,7,4,7,"Yes",15,2,1,3,3,4,4,0,3,0,0,1,3,2,1,0,1,1,1
80,995.8282,2018,"45-54","Male","Maori",4,"Employed",1,0,0,1,3,7,1,"not disabled",5,8,8,4,3,5,4,8,8,5,5,"Yes",14,99,2,3,3,4,4,4,2,0,1,3,3,4,0,0,1,1,1
81,539.2105,2018,"25-34","Male","Maori",4,"Employed",0,0,0,1,3,9,6,"not disabled",7,8,9,5,1,3,5,8,9,7,8,"Yes",16,99,1,2,5,5,4,5,9,0,0,1,2,2,0,0,1,1,1
82,450.3167,2018,"65+","Female","Maori",1,"Employed",0,0,0,2,1,5,1,"not disabled",10,10,10,4,1,4,5,7,8,6,6,"Yes",20,1,1,4,4,5,5,5,3,0,0,1,1,6,1,0,1,1,1
83,2602.95,2018,"65+","Male","Pacific",1,"Employed",0,0,0,3,2,2,2,"not disabled",10,10,10,1,1,3,5,7,6,7,4,"Yes",19,1,1,3,4,5,2,4,8,0,0,2,1,6,0,0,2,1,1
84,664.1317,2018,"55-64","Male","Pacific",4,"Employed",1,0,0,2,2,2,2,"Disabled",5,10,4,5,1,2,3,5,7,4,7,"Yes",15,4,1,1,4,5,3,7,3,0,0,1,1,5,0,1,2,1,1
85,369.101,2018,"55-64","Male","Pacific",4,"Employed",1,1,1,2,3,1,6,"not disabled",10,8,8,3,1,4,3,8,9,8,9,"Yes",18,2,2,1,4,4,4,5,3,0,0,2,3,5,0,0,2,1,1
86,1013.842,2018,"45-54","Male","Pacific",1,"Employed",0,0,0,3,1,10,1,"not disabled",10,10,10,1,2,5,5,5,9,3,5,"Yes",8,4,3,0,3,5,3,9,3,0,0,1,2,4,0,0,2,1,1
87,1178.319,2018,"35-44","Male","Pacific",1,"Employed",0,0,0,3,1,8,1,"not disabled",8,6,7,4,1,4,5,8,7,7,7,"Yes",18,99,1,3,4,5,5,2,9,0,0,2,1,3,0,0,2,1,1
88,1520.497,2018,"55-64","Male","Pacific",4,"Employed",0,0,0,2,1,2,1,"not disabled",6,8,8,5,1,2,4,7,9,7,7,"Yes",12,2,2,0,4,4,4,7,8,0,0,1,1,5,0,0,2,1,1
89,1902.68,2018,"25-34","Female","Pacific",2,"Employed",1,0,0,3,1,10,2,"not disabled",8,7,7,4,1,3,5,7,7,5,6,"Yes",10,2,2,1,4,4,4,4,3,0,0,1,2,2,1,0,2,1,1
90,1457.011,2018,"55-64","Female","Pacific",3,"Employed",1,0,0,2,3,3,1,"Disabled",9,5,7,4,1,2,5,4,7,3,5,"Yes",19,1,1,0,3,3,3,5,3,0,0,1,1,5,1,1,2,1,1
91,3162.823,2018,"65+","Female","Pacific",4,"Employed",1,0,0,2,2,2,2,"Disabled",8,7,6,2,2,4,5,8,6,6,6,"Yes",18,1,1,0,4,4,4,6,3,0,0,2,2,6,1,1,2,1,1
92,1438.751,2018,"65+","Female","Pacific",1,"Employed",0,0,0,2,2,10,1,"not disabled",4,7,7,3,1,3,4,8,9,7,6,"Yes",15,3,1,0,5,5,5,4,1,1,0,3,3,6,1,0,2,1,1
94,206.7774,2018,"25-34","Male","Pacific",1,"Employed",0,0,0,3,3,10,1,"not disabled",8,10,9,1,4,2,4,0,0,0,0,"Yes",12,4,1,1,5,5,5,0,3,1,0,1,1,2,0,0,2,1,1
95,338.4783,2018,"65+","Male","Pacific",1,"Employed",1,0,0,2,2,9,1,"not disabled",9,9,6,2,1,2,3,6,8,5,6,"Yes",14,1,1,0,4,4,4,5,2,0,0,1,3,6,0,0,2,1,1
96,577.68,2018,"65+","Male","Pacific",1,"Employed",1,0,0,2,1,10,2,"not disabled",7,8,10,4,1,1,5,8,4,5,1,"Yes",17,1,1,0,5,5,1,9,3,0,0,1,2,6,0,0,2,1,1
97,1057.283,2018,"65+","Male","Pacific",1,"Employed",0,0,0,1,1,7,1,"not disabled",2,7,5,2,1,2,4,3,0,3,1,"Yes",2,4,2,0,4,5,3,0,8,0,1,2,5,6,0,0,2,1,1
98,242.4214,2018,"45-54","Female","Pacific",4,"Employed",0,0,0,3,3,4,4,"not disabled",9,9,7,3,1,4,4,7,9,6,7,"No",9,2,1,1,4,4,4,3,1,0,0,2,2,4,1,0,2,0,1
99,996.6422,2018,"25-34","Male","Pacific",1,"Employed",0,1,1,3,1,7,1,"not disabled",10,6,10,5,2,4,5,7,8,7,6,"No",9,2,1,3,4,5,5,7,8,0,1,2,1,2,0,0,2,0,1
100,1474.839,2018,"45-54","Male","Pacific",4,"Employed",0,0,0,3,1,10,2,"not disabled",10,4,3,2,1,4,4,8,9,5,7,"Yes",3,3,2,1,2,5,1,3,3,0,0,2,3,4,0,0,2,1,1
101,302.4235,2018,"45-54","Female","Pacific",1,"Employed",0,0,0,3,1,9,6,"not disabled",5,6,7,3,1,4,3,4,1,0,1,"Yes",7,4,2,1,4,4,5,0,5,1,1,4,4,4,1,0,2,1,1
102,368.1739,2018,"45-54","Male","Pacific",4,"Employed",1,1,1,1,3,7,6,"not disabled",3,5,8,2,1,2,3,5,2,5,6,"Yes",8,2,2,0,5,4,4,8,8,0,0,3,3,4,0,0,2,1,1
103,623.6258,2018,"65+","Male","Pacific",1,"Employed",0,0,0,2,1,4,1,"not disabled",5,7,7,3,1,2,3,8,10,3,2,"Yes",5,1,1,0,4,4,3,9,8,0,0,1,2,6,0,0,2,1,1
104,582.8461,2018,"65+","Female","Pacific",2,"Employed",1,0,0,2,1,7,6,"not disabled",5,4,7,5,1,2,3,8,10,3,5,"Yes",16,2,1,0,5,5,5,10,3,0,0,1,3,6,1,0,2,1,1
105,279.367,2018,"65+","Female","Pacific",2,"Employed",0,0,0,1,3,7,6,"not disabled",5,9,9,3,1,4,3,9,9,9,9,"Yes",18,1,1,1,4,4,4,2,3,0,0,3,3,6,1,0,2,1,1
106,373.3559,2018,"55-64","Male","Pacific",3,"Employed",0,0,0,1,1,10,1,"not disabled",10,10,10,5,2,5,5,5,5,2,6,"Yes",9,1,1,0,5,5,4,10,3,0,0,1,1,5,0,0,2,1,1
107,2384.53,2018,"55-64","Female","Pacific",4,"Employed",1,0,0,2,3,1,1,"not disabled",7,7,10,4,2,5,5,9,8,6,9,"Yes",7,4,2,0,5,5,5,9,8,0,0,2,1,5,1,0,2,1,1
108,1250.999,2018,"55-64","Male","Pacific",1,"Employed",1,0,0,1,3,4,1,"not disabled",8,10,9,3,2,5,5,8,8,7,8,"Yes",15,2,1,0,4,4,4,8,3,0,0,1,2,5,0,0,2,1,1
110,1084.776,2018,"25-34","Female","Pacific",3,"Employed",1,0,0,1,2,7,1,"not disabled",7,8,8,3,1,5,5,8,7,6,7,"Yes",15,1,1,2,4,4,3,2,8,0,0,1,1,2,1,0,2,1,1
111,718.8154,2018,"45-54","Female","Pacific",3,"Employed",0,0,0,1,1,8,1,"Disabled",4,3,3,3,1,3,3,8,7,0,0,"Yes",2,4,2,3,5,5,5,2,4,0,1,5,5,4,1,1,2,1,1
112,1155.21,2018,"65+","Female","Pacific",4,"Employed",0,0,0,1,2,5,6,"not disabled",10,10,10,5,1,5,5,0,8,6,7,"Yes",20,1,1,0,5,5,2,10,3,0,0,1,1,6,1,0,2,1,1
113,1116.277,2018,"45-54","Male","Pacific",1,"Employed",0,0,0,1,3,6,1,"not disabled",5,8,7,2,2,5,5,7,9,4,6,"Yes",17,1,1,0,5,5,5,10,8,0,0,1,1,4,0,0,2,1,1
114,589.7631,2018,"45-54","Male","Pacific",4,"Employed",1,1,1,1,3,4,1,"not disabled",5,7,9,4,1,3,5,7,9,3,6,"Yes",13,3,2,0,5,5,5,6,3,0,0,3,2,4,0,0,2,1,1
115,819.2986,2018,"35-44","Female","Asian",2,"Employed",0,0,0,3,3,4,6,"not disabled",10,7,10,4,1,4,5,8,3,0,0,"No",19,1,1,1,5,5,5,6,2,0,1,2,3,3,1,0,3,0,1
116,5636.096,2018,"45-54","Male","Asian",1,"Employed",1,0,0,1,3,7,1,"not disabled",5,10,10,4,1,3,4,6,10,5,4,"Yes",13,4,3,0,4,3,4,2,5,0,0,1,1,4,0,0,3,1,1
117,652.4736,2018,"65+","Male","Asian",1,"Employed",1,0,0,2,3,6,1,"not disabled",10,8,9,3,1,2,5,7,8,4,6,"Yes",20,2,1,0,5,5,1,8,3,0,0,1,5,6,0,0,3,1,1
118,4084.964,2018,"65+","Female","Asian",2,"Employed",0,0,0,2,1,2,1,"not disabled",7,8,8,1,1,3,5,8,9,5,6,"Yes",14,4,2,0,1,3,1,8,3,0,0,1,2,6,1,0,3,1,1
119,529.9088,2018,"55-64","Male","Asian",1,"Employed",1,0,0,2,1,10,1,"not disabled",8,8,10,2,1,2,4,6,5,4,5,"No",15,2,1,0,5,5,5,1,8,0,0,1,2,5,0,0,3,0,1
120,2118.235,2018,"35-44","Male","Asian",2,"Employed",1,1,2,3,1,7,5,"not disabled",4,7,7,2,1,3,3,9,10,1,8,"Yes",10,4,2,0,1,5,5,10,8,0,0,1,2,3,0,0,3,1,1
121,2607.83,2018,"65+","Male","Asian",1,"Employed",0,0,0,2,1,4,6,"Disabled",5,5,5,3,1,3,3,0,5,5,0,"Yes",18,3,1,0,5,4,5,5,8,0,0,3,5,6,0,1,3,1,1
122,4538.584,2018,"65+","Male","Asian",1,"Employed",1,0,0,2,2,4,1,"not disabled",5,2,8,5,1,3,5,7,4,7,8,"Yes",19,1,1,0,4,4,1,10,8,0,0,1,1,6,0,0,3,1,1
123,2041.944,2018,"35-44","Male","Asian",1,"Employed",1,1,2,3,3,2,2,"not disabled",3,7,9,2,2,3,4,5,7,2,2,"Yes",6,3,1,1,2,5,2,1,5,1,0,3,3,3,0,0,3,1,1
124,2172.594,2018,"65+","Female","Asian",2,"Employed",0,0,0,2,1,7,1,"Disabled",8,8,8,2,1,1,5,7,9,6,1,"Yes",18,2,1,0,5,5,5,7,4,0,0,3,2,6,1,1,3,1,1
125,2210.388,2018,"45-54","Female","Asian",4,"Employed",1,1,2,1,2,1,6,"not disabled",2,6,6,3,1,2,4,8,9,6,6,"Yes",14,2,1,1,4,4,4,6,3,0,0,2,5,4,1,0,3,1,1
126,1176.661,2018,"45-54","Male","Asian",4,"Employed",1,0,0,1,3,6,5,"not disabled",5,10,8,4,1,4,4,8,9,3,5,"Yes",17,1,1,3,4,5,1,7,8,0,0,1,1,4,0,0,3,1,1
127,2660.46,2018,"45-54","Male","Asian",4,"Employed",0,1,1,1,1,2,6,"not disabled",4,7,5,3,1,4,4,5,7,7,6,"Yes",7,4,3,1,4,5,3,3,3,0,0,2,3,4,0,0,3,1,1
128,1510.47,2018,"25-34","Female","Asian",4,"Employed",1,1,1,1,3,8,3,"not disabled",7,10,10,4,1,5,3,9,10,7,7,"Yes",17,2,2,4,3,5,4,7,9,0,1,1,1,2,1,0,3,1,1
129,3449.342,2018,"65+","Female","Asian",1,"Employed",1,0,0,2,2,3,1,"not disabled",8,8,8,4,1,2,4,5,9,2,3,"Yes",20,1,1,0,4,4,1,8,3,0,0,1,2,6,1,0,3,1,1
130,1956.429,2018,"65+","Male","Asian",1,"Employed",0,0,0,2,1,1,2,"Disabled",6,7,7,3,1,3,5,8,10,7,8,"Yes",15,2,3,0,4,4,2,7,2,0,0,1,2,6,0,1,3,1,1
131,3183.154,2018,"65+","Male","Asian",1,"Employed",0,0,0,2,1,8,1,"Disabled",8,7,9,3,2,5,5,3,7,2,7,"Yes",14,99,1,1,5,5,1,10,3,0,0,3,2,6,0,1,3,1,1
132,1960.188,2018,"35-44","Male","Asian",4,"Employed",1,0,0,1,2,7,6,"not disabled",5,9,9,2,2,5,2,5,10,5,5,"Yes",15,1,1,0,5,5,5,4,4,0,1,1,1,3,0,0,3,1,1
133,3145.701,2018,"25-34","Female","Asian",3,"Employed",1,0,0,1,3,5,1,"not disabled",6,9,9,5,2,5,5,5,8,5,5,"Yes",8,4,2,3,5,5,1,6,3,0,0,1,1,2,1,0,3,1,1
134,1294.616,2018,"65+","Male","Asian",1,"Employed",0,0,0,2,1,5,1,"not disabled",5,8,7,4,1,3,5,8,8,5,5,"Yes",12,1,1,0,5,5,5,5,3,0,0,1,3,6,0,0,3,1,1
135,1512.885,2018,"65+","Female","Asian",2,"Employed",0,0,0,3,1,7,6,"Disabled",3,5,7,3,2,4,4,10,10,4,9,"Yes",7,1,2,0,3,4,5,5,1,0,0,3,2,6,1,1,3,1,1
136,2308.772,2018,"35-44","Male","Asian",4,"Employed",1,1,3,3,3,6,4,"not disabled",4,7,6,4,1,4,4,9,10,10,6,"No",12,4,1,1,5,5,5,9,8,0,0,3,5,3,0,0,3,0,1
137,511.0815,2018,"55-64","Male","Asian",1,"Employed",0,0,0,1,3,7,1,"not disabled",9,9,7,4,1,4,4,7,8,6,7,"Yes",18,1,2,0,5,5,5,4,3,0,0,1,2,5,0,0,3,1,1
138,1334.521,2018,"65+","Male","Asian",2,"Employed",0,0,0,1,1,10,1,"not disabled",5,10,10,1,1,5,5,8,8,2,8,"Yes",18,1,1,0,5,5,4,10,3,0,1,1,2,6,0,0,3,1,1
139,9483.932,2018,"25-34","Female","Asian",4,"Employed",1,0,0,3,1,4,4,"not disabled",8,9,10,5,1,3,5,9,9,0,6,"No",20,2,2,3,5,5,5,4,9,0,1,2,1,2,1,0,3,0,1
140,480.6111,2018,"55-64","Female","Asian",2,"Employed",1,0,0,1,1,6,5,"not disabled",5,6,6,2,1,3,3,6,7,7,5,"Yes",11,3,2,2,4,4,4,7,8,0,0,1,2,5,1,0,3,1,1
141,739.1891,2018,"25-34","Male","Asian",3,"Employed",1,1,2,3,1,1,1,"not disabled",5,8,8,5,3,4,4,4,9,5,6,"Yes",3,2,1,3,1,3,4,5,8,0,0,1,2,2,0,0,3,1,1
142,2203.955,2018,"25-34","Male","Asian",2,"Employed",0,1,3,3,1,10,1,"not disabled",3,8,8,5,2,4,4,7,5,3,1,"Yes",4,1,2,2,4,4,5,5,3,0,0,2,4,2,0,0,3,1,1
143,1096.036,2018,"35-44","Female","Asian",1,"Employed",0,1,2,3,1,10,1,"not disabled",3,10,10,2,2,1,5,5,4,4,0,"No",3,4,3,2,5,5,5,3,8,0,0,5,5,3,1,0,3,0,1
144,1032.229,2018,"65+","Female","Asian",2,"Employed",0,0,0,2,1,6,6,"not disabled",5,5,7,2,1,2,5,5,10,8,10,"No",14,1,2,0,4,5,4,10,3,0,0,2,2,6,1,0,3,0,1
145,2461.019,2018,"65+","Male","Asian",1,"Employed",0,0,0,2,1,5,1,"Disabled",6,10,10,4,1,4,5,10,10,6,5,"Yes",20,1,1,0,5,5,5,6,8,0,0,1,2,6,0,1,3,1,1
147,1518.419,2018,"35-44","Female","Asian",1,"Employed",1,1,3,1,3,7,1,"not disabled",2,6,6,4,2,4,3,5,5,2,2,"Yes",10,3,2,3,4,4,5,5,5,0,1,3,3,3,1,0,3,1,1
148,589.1386,2018,"35-44","Female","Asian",2,"Employed",1,1,2,1,3,1,6,"not disabled",8,8,8,4,1,4,5,7,7,6,6,"Yes",18,1,1,1,4,4,4,6,1,0,0,2,2,3,1,0,3,1,1
149,2222.694,2018,"55-64","Male","Asian",4,"Employed",0,0,0,2,3,3,1,"not disabled",10,8,8,4,2,3,5,8,8,6,8,"Yes",19,2,1,0,3,4,5,5,3,0,1,1,1,5,0,0,3,1,1
150,1432.664,2018,"25-34","Male","Asian",2,"Employed",1,1,2,3,2,9,1,"not disabled",10,8,8,3,4,2,3,4,7,3,5,"Yes",9,1,1,3,5,5,5,8,9,0,0,1,1,2,0,0,3,1,1
151,789.9224,2018,"55-64","Male","Asian",1,"Employed",1,0,0,1,3,4,1,"not disabled",5,7,8,3,1,5,5,10,10,5,7,"Yes",14,1,1,0,5,5,5,0,4,0,0,3,3,5,0,0,3,1,1
152,1549.818,2018,"55-64","Female","Asian",2,"Employed",1,0,0,3,3,6,6,"not disabled",8,6,7,3,1,2,5,8,10,5,8,"Yes",16,2,2,0,4,4,4,0,1,0,0,3,5,5,1,0,3,1,1
153,5006.528,2018,"55-64","Male","Asian",4,"Employed",0,0,0,1,1,5,6,"Disabled",5,6,8,3,2,5,5,6,5,2,0,"Yes",14,1,1,0,5,5,5,2,8,0,1,2,3,5,0,1,3,1,1
154,1604.264,2018,"25-34","Female","Asian",4,"Employed",1,0,0,3,2,6,4,"not disabled",10,10,10,4,1,4,3,10,9,4,9,"No",18,1,1,4,4,5,5,10,9,1,0,1,2,2,1,0,3,0,1
155,1680.41,2018,"65+","Male","Asian",4,"Employed",0,0,0,1,1,3,1,"not disabled",7,9,9,5,3,4,4,7,8,6,7,"Yes",12,3,2,0,4,5,1,5,3,0,0,1,2,6,0,0,3,1,1
156,2123.739,2018,"65+","Male","Asian",1,"Employed",0,0,0,3,1,9,2,"Disabled",4,7,8,2,1,3,4,5,10,2,5,"Yes",9,2,2,3,4,4,5,1,3,0,0,1,2,6,0,1,3,1,1
157,1754.126,2018,"65+","Female","Asian",1,"Employed",0,0,0,2,1,8,2,"not disabled",7,3,8,1,1,4,5,10,7,0,5,"Yes",20,2,1,0,5,5,1,10,3,0,1,1,1,6,1,0,3,1,1
158,2325.511,2018,"15-24","Female","Asian",1,"Employed",0,0,0,3,2,5,2,"not disabled",5,7,9,4,1,4,5,9,9,5,6,"Not Eligible",17,1,2,4,5,5,5,5,8,0,0,2,2,1,1,0,3,99,1
159,1496.693,2018,"15-24","Male","Asian",4,"Employed",0,0,0,1,1,10,1,"not disabled",0,8,6,4,1,3,4,7,9,4,3,"Yes",9,2,2,0,4,5,4,2,4,0,0,2,3,1,0,0,3,1,1
160,842.0727,2018,"25-34","Male","Asian",1,"Employed",1,1,2,1,3,6,1,"not disabled",6,10,8,4,1,5,5,6,8,6,6,"Yes",18,1,1,1,4,5,1,10,9,0,0,1,2,2,0,0,3,1,1
161,1836.053,2018,"55-64","Male","Asian",1,"Employed",0,0,0,3,1,7,1,"not disabled",8,5,5,3,1,4,4,8,9,7,7,"No",12,2,1,3,4,5,5,8,8,0,0,4,3,5,0,0,3,0,1
162,887.7571,2018,"65+","Female","Asian",3,"Employed",1,0,0,3,1,6,6,"not disabled",7,7,6,2,1,4,5,2,5,5,4,"Yes",13,3,2,1,4,5,1,2,8,0,0,2,2,6,1,0,3,1,1
163,1365.587,2018,"45-54","Male","Asian",3,"Employed",0,0,0,3,3,3,2,"not disabled",8,9,9,4,2,5,4,8,8,4,7,"Yes",13,2,3,0,5,5,4,10,3,0,0,2,2,4,0,0,3,1,1
164,419.4825,2018,"45-54","Female","Asian",2,"Employed",1,1,2,3,2,7,4,"not disabled",6,9,9,5,1,3,4,8,9,4,3,"Yes",10,2,1,2,5,4,5,4,3,0,0,2,2,4,1,0,3,1,1
165,692.3255,2018,"65+","Male","Asian",1,"Employed",0,0,0,3,1,10,1,"not disabled",8,7,9,4,3,4,4,7,7,5,7,"Yes",17,1,1,1,4,5,5,10,8,0,0,2,3,6,0,0,3,1,1
166,1381.451,2018,"15-24","Female","Asian",1,"Employed",0,0,0,1,3,6,6,"not disabled",7,9,7,5,2,4,4,8,9,5,7,"Not Eligible",15,1,1,0,4,4,1,4,8,0,0,3,1,1,1,0,3,99,1
167,1247.236,2018,"65+","Female","Asian",1,"Employed",0,0,0,2,1,8,1,"Disabled",10,7,5,2,1,1,5,2,8,4,5,"Yes",19,2,1,0,4,5,5,3,3,1,0,1,4,6,1,1,3,1,1
168,1197.498,2018,"55-64","Female","Asian",2,"Employed",0,0,0,3,1,3,1,"not disabled",10,5,7,3,1,1,3,8,7,2,8,"Yes",17,2,2,0,5,5,5,2,3,0,0,2,4,5,1,0,3,1,1
169,2131.385,2018,"45-54","Male","Asian",1,"Employed",0,0,0,2,2,10,1,"not disabled",10,7,10,5,1,4,5,4,4,0,5,"Yes",12,1,2,3,5,5,1,4,9,0,1,4,1,4,0,0,3,1,1
170,1963.606,2018,"35-44","Male","Asian",1,"Employed",0,1,2,3,1,7,1,"not disabled",8,8,8,3,1,2,2,4,8,10,5,"Yes",9,4,2,3,4,5,5,0,2,0,0,3,1,3,0,0,3,1,1
171,1083.699,2018,"65+","Female","Asian",2,"Employed",1,0,0,2,1,4,1,"Disabled",5,5,5,3,1,3,4,3,4,0,5,"Yes",7,3,2,0,4,4,4,4,4,0,0,2,4,6,1,1,3,1,1
172,1818.115,2018,"35-44","Male","Asian",1,"Employed",1,1,2,1,2,9,6,"not disabled",3,8,8,4,1,3,3,8,10,5,7,"Yes",2,3,2,0,5,5,5,8,8,0,0,2,2,3,0,0,3,1,1
173,1967.572,2018,"65+","Female","Asian",2,"Employed",0,0,0,2,2,6,6,"not disabled",7,10,10,5,2,4,4,7,9,7,7,"Yes",18,1,1,0,5,5,4,3,4,0,0,1,1,6,1,0,3,1,1
174,1075.66,2018,"45-54","Male","Asian",4,"Employed",0,0,0,1,2,7,3,"not disabled",5,8,10,4,3,4,5,3,5,0,1,"Yes",13,4,2,0,5,5,1,10,4,0,0,1,1,4,0,0,3,1,1
175,1824.183,2018,"65+","Male","Asian",2,"Employed",1,0,0,2,1,6,1,"not disabled",6,8,8,4,1,3,5,8,9,5,5,"Yes",10,1,1,3,2,5,5,7,3,0,0,1,1,6,0,0,3,1,1
176,1995.288,2018,"35-44","Female","Asian",1,"Employed",1,1,3,1,1,5,1,"not disabled",6,5,8,3,2,3,3,5,7,5,4,"Yes",9,1,1,0,3,3,1,7,8,0,0,1,2,3,1,0,3,1,1
177,1226.659,2018,"65+","Female","Asian",3,"Employed",0,0,0,2,2,6,1,"Disabled",5,8,8,3,2,3,5,2,3,2,4,"No",14,2,1,0,3,3,2,3,3,1,0,2,1,6,1,1,3,0,1
178,804.238,2018,"55-64","Female","Asian",3,"Employed",0,0,0,2,1,7,1,"not disabled",6,8,9,4,1,3,4,7,6,5,5,"Yes",16,2,1,0,4,4,3,4,3,0,0,3,3,5,1,0,3,1,1
179,1282.4,2018,"55-64","Female","Asian",4,"Employed",1,1,2,3,3,2,1,"not disabled",5,8,8,3,1,4,5,9,10,7,8,"No",19,99,1,2,4,5,5,5,9,0,0,3,3,5,1,0,3,0,1
180,1145.164,2018,"65+","Female","Asian",1,"Employed",0,0,0,2,1,6,1,"not disabled",9,9,9,4,1,2,4,8,9,7,7,"Yes",17,3,2,0,5,5,5,5,4,1,0,1,1,6,1,0,3,1,1
181,1553.138,2018,"25-34","Female","Asian",3,"Employed",0,0,0,3,3,1,5,"not disabled",5,9,9,4,1,4,5,9,9,8,7,"No",13,1,1,3,4,5,4,6,4,0,0,1,2,2,1,0,3,0,1
182,5212.942,2018,"35-44","Female","Asian",1,"Employed",1,1,1,1,1,10,6,"not disabled",2,7,7,4,1,4,4,8,10,5,6,"Yes",8,3,1,0,4,4,4,6,1,0,0,1,2,3,1,0,3,1,1
183,1168.04,2018,"35-44","Female","Asian",4,"Employed",0,0,0,3,1,6,1,"not disabled",2,5,7,3,1,4,3,8,7,4,5,"Yes",11,3,2,3,2,5,1,8,3,0,0,1,3,3,1,0,3,1,1
184,748.0453,2018,"55-64","Male","Asian",2,"Employed",0,1,1,1,1,10,6,"not disabled",8,9,9,3,1,3,3,6,9,9,6,"No",17,99,1,2,4,4,4,9,9,0,0,1,2,5,0,0,3,0,1
185,2198.188,2018,"55-64","Female","Asian",2,"Employed",0,0,0,2,1,9,2,"Disabled",0,3,3,1,2,3,4,4,4,4,4,"Yes",4,3,2,0,2,3,4,0,8,0,0,5,4,5,1,1,3,1,1
186,856.4442,2018,"65+","Male","Asian",3,"Employed",1,0,0,2,3,7,1,"not disabled",10,9,9,5,1,4,5,8,9,5,5,"Yes",17,1,1,1,5,5,2,9,3,0,0,1,1,6,0,0,3,1,1
187,887.7644,2018,"25-34","Female","Asian",1,"Employed",1,0,0,3,3,5,1,"not disabled",10,7,7,4,2,3,4,6,7,5,6,"Yes",17,2,2,3,4,4,3,7,3,0,0,1,3,2,1,0,3,1,1
188,1521.481,2018,"65+","Male","Asian",2,"Employed",1,0,0,2,3,3,6,"Disabled",10,10,10,3,1,2,4,10,10,5,5,"Yes",19,1,1,0,5,4,4,7,8,0,0,1,1,6,0,1,3,1,1
189,2789.396,2018,"55-64","Male","Asian",2,"Employed",0,0,0,1,1,8,1,"not disabled",2,8,10,4,1,3,5,0,5,0,1,"Yes",3,4,3,0,4,4,1,4,5,0,0,1,5,5,0,0,3,1,1
190,647.8976,2018,"35-44","Female","Asian",4,"Employed",1,1,2,1,3,3,4,"not disabled",4,8,8,3,1,3,4,9,9,9,9,"Yes",16,2,1,2,4,5,4,8,8,0,0,2,3,3,1,0,3,1,1
191,856.3581,2018,"15-24","Female","Asian",1,"Employed",0,0,0,3,3,10,1,"not disabled",9,10,10,4,2,5,5,10,10,5,5,"Yes",18,1,2,1,5,5,5,1,1,0,0,1,1,1,1,0,3,1,1
192,10195.84,2018,"65+","Female","European/Other",1,"Employed",0,0,0,3,1,9,1,"not disabled",7,6,6,3,1,2,4,7,8,7,5,"Yes",17,1,1,0,4,4,4,6,1,0,0,2,3,6,1,0,4,1,1
193,10439.71,2018,"25-34","Male","European/Other",4,"Employed",0,0,0,3,1,9,4,"not disabled",6,9,10,4,1,3,5,9,10,5,8,"No",16,2,2,2,5,5,5,7,8,0,0,2,1,2,0,0,4,0,1
194,7896.777,2018,"45-54","Male","European/Other",4,"Employed",1,1,3,1,3,3,6,"not disabled",10,9,9,4,2,2,5,7,9,5,5,"Yes",17,1,1,0,4,5,2,8,4,0,0,1,1,4,0,0,4,1,1
195,6606.537,2018,"45-54","Female","European/Other",4,"Employed",0,1,2,1,2,2,1,"not disabled",4,8,10,4,3,4,5,8,10,5,7,"Yes",7,2,1,0,3,5,1,8,8,0,0,1,2,4,1,0,4,1,1
196,18787.79,2018,"55-64","Male","European/Other",3,"Employed",0,0,0,1,2,5,6,"not disabled",7,5,10,1,2,4,3,7,10,5,4,"Yes",6,1,1,3,5,4,4,4,4,0,1,2,1,5,0,0,4,1,1
197,14244.96,2018,"15-24","Female","European/Other",2,"Employed",1,0,0,1,3,9,1,"not disabled",8,7,8,4,1,4,4,6,7,4,2,"Yes",12,1,1,1,4,5,2,3,3,0,0,1,3,1,1,0,4,1,1
198,3761.509,2018,"35-44","Male","European/Other",2,"Employed",0,1,1,3,1,10,1,"not disabled",4,6,5,3,3,4,5,5,9,5,9,"Yes",12,1,1,0,5,5,5,8,8,0,0,2,1,3,0,0,4,1,1
199,9403.819,2018,"25-34","Male","European/Other",4,"Employed",0,0,0,2,3,2,2,"not disabled",7,8,8,4,1,4,4,5,6,5,5,"Yes",18,1,1,0,4,5,4,9,3,0,1,1,1,2,0,0,4,1,1
200,5275.312,2018,"45-54","Male","European/Other",4,"Employed",0,0,0,1,1,5,2,"not disabled",8,7,8,5,1,2,5,9,10,7,8,"Yes",19,2,1,0,5,5,5,10,3,0,0,1,1,4,0,0,4,1,1
201,2103.943,2018,"15-24","Female","European/Other",1,"Employed",0,0,0,1,2,1,6,"not disabled",4,8,7,4,1,3,5,7,8,7,7,"Not Eligible",17,1,1,0,5,5,4,8,8,0,0,1,1,1,1,0,4,99,1
202,6807.287,2018,"15-24","Male","European/Other",4,"Employed",0,0,0,1,1,10,6,"not disabled",6,10,10,3,1,5,5,6,4,2,7,"Yes",6,2,1,0,5,5,5,5,4,0,0,1,3,1,0,0,4,1,1
203,2553.963,2018,"55-64","Male","European/Other",4,"Employed",0,0,0,2,2,7,2,"Disabled",6,8,8,1,1,3,5,6,7,5,7,"Yes",17,3,2,0,5,5,1,4,3,0,1,1,5,5,0,1,4,1,1
204,3087.116,2018,"55-64","Female","European/Other",2,"Employed",1,0,0,1,3,5,2,"Disabled",8,8,8,3,1,3,3,7,5,3,4,"Yes",16,3,1,1,4,5,5,7,3,0,0,1,3,5,1,1,4,1,1
205,2399.434,2018,"35-44","Female","European/Other",4,"Employed",1,1,2,3,3,4,1,"not disabled",10,10,10,3,3,3,4,5,5,5,5,"Yes",20,1,1,2,5,5,5,5,3,0,0,1,1,3,1,0,4,1,1
206,10279.37,2018,"25-34","Male","European/Other",4,"Employed",1,0,0,1,3,1,6,"not disabled",5,8,8,5,1,4,3,6,8,2,5,"Yes",17,1,1,1,5,5,5,2,8,1,1,1,1,2,0,0,4,1,1
207,10006.01,2018,"55-64","Male","European/Other",3,"Employed",0,0,0,1,1,8,1,"not disabled",5,0,7,2,1,2,3,6,7,5,4,"Yes",9,2,1,0,5,5,3,7,4,0,1,2,1,5,0,0,4,1,1
208,34970.11,2018,"35-44","Female","European/Other",4,"Employed",1,1,2,1,2,2,6,"not disabled",9,9,9,5,2,3,3,8,9,8,7,"Yes",17,1,1,1,4,3,4,5,9,0,0,1,2,3,1,0,4,1,1
209,40054.27,2018,"55-64","Male","European/Other",4,"Employed",0,0,0,2,2,4,6,"not disabled",8,5,8,2,2,3,3,9,10,1,6,"Yes",13,99,1,2,5,5,5,10,3,0,0,2,1,5,0,0,4,1,1
210,17799.59,2018,"65+","Male","European/Other",3,"Employed",1,0,0,2,2,5,1,"Disabled",8,4,4,2,1,3,4,8,10,2,7,"Yes",14,3,1,0,5,4,5,3,8,0,0,2,3,6,0,1,4,1,1
211,6459.327,2018,"55-64","Male","European/Other",1,"Employed",1,1,1,1,1,5,1,"not disabled",0,4,4,3,2,3,4,6,8,7,6,"Yes",1,3,2,0,4,4,4,5,8,1,0,3,5,5,0,0,4,1,1
212,8582.258,2018,"45-54","Male","European/Other",4,"Employed",0,0,0,1,3,8,1,"not disabled",5,8,10,5,2,4,5,4,9,3,5,"Yes",7,1,2,0,5,5,4,10,5,0,1,1,3,4,0,0,4,1,1
213,4850.232,2018,"55-64","Male","European/Other",4,"Employed",0,0,0,2,3,5,1,"not disabled",10,9,8,5,2,5,5,8,9,6,8,"Yes",20,2,1,0,5,5,5,6,3,0,0,1,1,5,0,0,4,1,1
214,3521.626,2018,"55-64","Male","European/Other",4,"Employed",0,0,0,2,3,4,1,"not disabled",8,7,8,3,3,5,3,7,8,4,5,"Yes",16,1,1,0,5,5,5,10,3,1,1,2,3,5,0,0,4,1,1
215,5716.5,2018,"15-24","Male","European/Other",1,"Employed",0,0,0,3,1,10,1,"not disabled",5,10,10,2,2,5,3,5,10,5,8,"Yes",12,3,1,1,5,5,1,5,9,0,0,1,2,1,0,0,4,1,1
216,8396.432,2018,"25-34","Male","European/Other",1,"Employed",0,1,3,3,1,10,1,"not disabled",5,7,7,3,1,5,5,7,7,5,5,"Yes",3,1,2,3,4,4,4,7,3,0,0,2,2,2,0,0,4,1,1
217,7220.856,2018,"55-64","Male","European/Other",3,"Employed",0,0,0,1,2,5,2,"not disabled",5,8,8,3,1,4,4,5,6,2,4,"Yes",10,1,1,0,4,4,4,5,5,0,1,1,2,5,0,0,4,1,1
219,5406.918,2018,"65+","Female","European/Other",1,"Employed",1,0,0,2,1,9,6,"not disabled",3,9,9,2,1,4,4,5,10,1,1,"Yes",16,2,1,0,4,4,1,3,3,0,0,1,1,6,1,0,4,1,1
220,10860.61,2018,"35-44","Female","European/Other",4,"Employed",1,1,1,1,1,2,6,"not disabled",6,8,8,3,1,4,5,9,10,5,4,"Yes",8,2,2,0,4,4,2,7,3,0,0,3,2,3,1,0,4,1,1
221,20046.92,2018,"65+","Female","European/Other",2,"Employed",1,0,0,2,1,3,1,"Disabled",7,8,10,4,1,4,5,7,9,6,7,"Yes",15,2,1,1,4,5,4,7,1,0,0,1,2,6,1,1,4,1,1
222,7389.127,2018,"65+","Male","European/Other",1,"Employed",0,0,0,2,2,8,1,"not disabled",8,8,8,3,1,4,5,8,9,5,9,"Yes",17,1,1,0,4,5,1,9,3,0,0,2,1,6,0,0,4,1,1
223,3129.558,2018,"45-54","Male","European/Other",3,"Employed",0,0,0,1,2,3,2,"not disabled",6,9,8,4,1,2,5,7,9,7,7,"Yes",12,1,1,0,5,5,5,8,8,0,0,1,1,4,0,0,4,1,1
224,6270.064,2018,"15-24","Female","European/Other",1,"Employed",1,0,0,3,3,9,1,"not disabled",4,5,8,4,1,3,2,1,3,3,1,"Yes",8,3,2,2,5,5,1,5,5,0,1,1,2,1,1,0,4,1,1
225,22448.87,2018,"25-34","Male","European/Other",4,"Employed",1,1,1,1,3,2,1,"not disabled",6,8,7,4,2,5,5,7,8,8,8,"Yes",18,3,2,3,3,3,3,3,9,1,0,1,3,2,0,0,4,1,1
226,19052.32,2018,"55-64","Male","European/Other",2,"Employed",1,0,0,2,2,2,2,"not disabled",5,9,8,5,2,5,5,8,8,5,7,"Yes",10,99,1,1,5,5,4,8,9,0,0,3,1,5,0,0,4,1,1
227,4802.648,2018,"45-54","Male","European/Other",1,"Employed",1,0,0,2,3,4,6,"not disabled",0,8,8,4,1,4,5,8,9,3,6,"Yes",17,3,1,0,5,5,4,3,8,0,0,1,3,4,0,0,4,1,1
228,4443.856,2018,"35-44","Female","European/Other",4,"Employed",1,1,1,3,3,9,4,"not disabled",6,10,10,5,1,4,5,7,8,5,6,"No",15,99,2,3,5,5,5,10,3,0,0,1,1,3,1,0,4,0,1
229,3799.422,2018,"45-54","Male","European/Other",3,"Employed",1,1,3,1,3,1,1,"not disabled",2,8,8,3,1,5,5,10,10,3,3,"Yes",5,1,1,0,5,5,5,10,3,0,0,1,1,4,0,0,4,1,1
230,8306.794,2018,"45-54","Female","European/Other",4,"Employed",0,0,0,2,1,5,2,"not disabled",10,7,9,5,1,3,4,7,9,6,7,"Yes",13,2,2,0,5,5,5,6,3,0,0,1,2,4,1,0,4,1,1
231,23625.06,2018,"25-34","Male","European/Other",4,"Employed",1,0,0,3,2,10,4,"not disabled",8,7,6,4,1,2,4,5,7,5,8,"No",13,3,2,3,5,5,2,4,8,0,0,2,2,2,0,0,4,0,1
232,6286.598,2018,"45-54","Female","European/Other",4,"Employed",1,0,0,1,3,5,6,"not disabled",10,8,7,4,1,3,5,8,5,5,5,"Yes",20,2,1,0,4,5,1,5,3,1,0,1,2,4,1,0,4,1,1
233,2804.929,2018,"15-24","Female","European/Other",1,"Employed",0,0,0,1,3,1,2,"not disabled",4,8,7,3,2,3,5,7,9,5,8,"Not Eligible",15,2,1,2,4,5,3,6,3,0,0,2,2,1,1,0,4,99,1
234,7767.998,2018,"55-64","Female","European/Other",4,"Employed",0,0,0,1,3,7,6,"not disabled",9,4,7,4,1,4,4,5,9,4,7,"Yes",11,2,1,2,4,5,5,8,3,0,0,1,2,5,1,0,4,1,1
235,6873.633,2018,"15-24","Female","European/Other",1,"Employed",0,0,0,3,2,9,1,"not disabled",6,8,9,5,2,3,5,6,5,3,3,"No",13,1,1,1,4,5,5,0,8,0,0,1,1,1,1,0,4,0,1
236,6572.529,2018,"15-24","Female","European/Other",1,"Employed",1,0,0,2,2,8,1,"not disabled",10,10,10,4,1,3,4,7,8,7,8,"Not Eligible",14,1,1,1,5,5,4,0,9,0,0,1,2,1,1,0,4,99,1
237,10569.93,2018,"15-24","Female","European/Other",1,"Employed",0,0,0,3,2,1,1,"not disabled",7,9,9,4,2,4,5,9,9,5,0,"No",3,1,1,2,3,5,5,10,8,0,0,2,1,1,1,0,4,0,1
238,5474.505,2018,"65+","Male","European/Other",1,"Employed",0,0,0,3,1,5,2,"Disabled",8,9,9,2,1,2,4,9,9,6,6,"Yes",12,1,1,0,5,5,1,9,4,0,0,3,5,6,0,1,4,1,1
239,4344.989,2018,"35-44","Female","European/Other",1,"Employed",1,1,2,1,3,9,1,"not disabled",6,5,9,3,4,4,5,5,3,1,1,"Yes",7,1,1,3,5,5,2,7,8,0,0,2,2,3,1,0,4,1,1
240,5182.866,2018,"35-44","Female","European/Other",4,"Employed",1,1,3,1,3,1,6,"not disabled",8,7,8,4,1,5,3,7,8,5,7,"Yes",18,1,1,0,5,5,5,5,8,0,1,1,3,3,1,0,4,1,1
241,23230.91,2018,"35-44","Female","European/Other",2,"Employed",1,1,2,3,2,9,4,"not disabled",5,8,7,3,1,4,4,6,5,8,10,"No",11,2,2,3,3,4,4,6,2,0,0,1,2,3,1,0,4,0,1
242,9007.887,2018,"35-44","Female","European/Other",4,"Employed",0,0,0,1,1,2,2,"not disabled",7,3,4,1,1,2,4,8,9,6,5,"Yes",18,1,1,1,4,5,5,8,2,0,0,4,2,3,1,0,4,1,1
243,21048.87,2018,"25-34","Female","European/Other",2,"Employed",1,1,2,3,2,6,1,"not disabled",5,7,8,3,1,3,5,3,2,1,2,"No",3,4,3,3,4,5,5,2,4,0,1,1,2,2,1,0,4,0,1
244,10714.74,2018,"55-64","Female","European/Other",1,"Employed",0,0,0,3,1,6,1,"not disabled",10,7,7,3,3,5,5,9,9,6,6,"Yes",14,1,1,2,5,5,5,8,1,0,0,1,1,5,1,0,4,1,1
245,2669.281,2018,"35-44","Male","European/Other",2,"Employed",0,1,2,3,1,7,1,"not disabled",7,8,8,3,2,5,5,3,5,5,5,"Yes",3,4,2,0,4,4,4,3,3,0,0,1,3,3,0,0,4,1,1
246,5155.634,2018,"25-34","Male","European/Other",1,"Employed",1,1,3,3,2,8,2,"not disabled",8,7,9,4,1,4,4,8,8,8,8,"Yes",8,2,2,1,4,4,4,3,3,0,0,1,2,2,0,0,4,1,1
247,5155.392,2018,"65+","Male","European/Other",1,"Employed",0,0,0,2,1,4,1,"not disabled",10,10,10,4,1,3,4,8,10,8,6,"Yes",18,1,1,0,4,5,4,10,5,0,0,1,1,6,0,0,4,1,1
248,5021.289,2018,"35-44","Male","European/Other",3,"Employed",1,1,2,1,3,5,1,"not disabled",8,10,10,4,1,3,5,7,10,7,7,"Yes",17,1,2,0,4,5,3,10,3,0,0,1,1,3,0,0,4,1,1
249,4013.568,2018,"35-44","Male","European/Other",3,"Employed",1,1,2,1,2,8,2,"not disabled",5,8,10,3,1,5,5,8,9,7,7,"Yes",14,1,1,3,4,5,1,8,3,0,0,1,1,3,0,0,4,1,1
250,2613.883,2018,"25-34","Female","European/Other",1,"Employed",0,0,0,3,2,10,1,"not disabled",8,10,10,4,3,4,5,8,5,3,5,"Yes",16,2,2,2,5,5,4,10,1,0,0,1,1,2,1,0,4,1,1
251,23885.52,2018,"25-34","Female","European/Other",1,"Employed",1,1,4,3,1,10,6,"not disabled",5,7,7,3,1,4,4,8,10,10,8,"Yes",7,2,1,1,4,4,2,5,3,0,0,1,1,2,1,0,4,1,1
252,16788,2018,"65+","Female","European/Other",4,"Employed",0,0,0,2,1,7,6,"not disabled",3,8,7,3,1,2,5,8,9,5,6,"Yes",19,1,1,1,1,5,1,9,8,0,0,2,1,6,1,0,4,1,1
253,5124.535,2018,"65+","Female","European/Other",1,"Employed",1,0,0,1,3,6,2,"not disabled",10,5,5,3,1,2,4,9,7,7,7,"Yes",18,1,2,0,3,5,4,1,4,0,0,1,5,6,1,0,4,1,1
254,10278.4,2018,"35-44","Male","European/Other",4,"Employed",1,1,1,2,1,5,4,"not disabled",6,7,8,3,1,4,3,8,8,7,8,"No",14,3,2,1,3,3,2,7,8,0,0,1,2,3,0,0,4,0,1
255,7311.486,2018,"45-54","Female","European/Other",4,"Employed",1,1,2,1,3,4,1,"not disabled",5,7,7,4,1,2,5,7,10,5,8,"Yes",16,2,2,0,5,5,5,9,4,0,0,1,2,4,1,0,4,1,1
256,5352.023,2018,"65+","Male","European/Other",1,"Employed",0,0,0,2,1,9,1,"Disabled",5,5,5,5,1,3,5,5,10,5,5,"Yes",10,2,1,0,4,4,5,7,3,0,0,4,2,6,0,1,4,1,1
257,4854.979,2018,"65+","Male","European/Other",1,"Employed",1,0,0,1,2,5,2,"not disabled",6,8,10,3,1,3,5,7,9,5,7,"No",20,1,1,1,5,5,4,9,3,0,0,1,5,6,0,0,4,0,1
258,9440.316,2018,"65+","Male","European/Other",1,"Employed",0,0,0,3,1,9,1,"not disabled",10,7,8,2,2,2,5,8,10,7,7,"Yes",16,2,2,0,4,4,5,10,1,1,0,1,1,6,0,0,4,1,1
259,6376.202,2018,"55-64","Male","European/Other",4,"Employed",0,0,0,2,3,5,1,"not disabled",10,10,10,5,2,5,5,10,10,8,8,"Yes",19,1,1,0,5,5,5,9,8,0,0,1,1,5,0,0,4,1,1
260,4137.361,2018,"35-44","Male","European/Other",2,"Employed",1,1,2,1,3,4,6,"not disabled",8,6,8,4,1,4,4,8,8,6,6,"No",18,1,1,1,4,5,1,5,2,0,0,3,2,3,0,0,4,0,1
261,25147.9,2018,"45-54","Female","European/Other",1,"Employed",0,0,0,1,1,10,6,"not disabled",4,6,7,3,1,4,4,6,7,5,3,"Yes",6,3,2,0,5,4,4,5,3,0,0,2,3,4,1,0,4,1,1
262,4236.583,2018,"55-64","Male","European/Other",1,"Employed",1,0,0,3,3,9,1,"Disabled",7,8,8,3,1,3,4,7,7,3,5,"Yes",9,2,2,1,3,3,2,8,2,0,0,2,4,5,0,1,4,1,1
263,3187.865,2018,"25-34","Female","European/Other",4,"Employed",0,0,0,2,3,6,1,"not disabled",10,9,9,5,1,4,5,7,7,3,2,"Yes",20,2,1,4,5,5,3,0,9,0,0,1,3,2,1,0,4,1,1
264,4574.143,2018,"15-24","Female","European/Other",1,"Employed",0,0,0,1,1,6,1,"Disabled",7,5,7,3,1,3,5,8,9,9,8,"Not Eligible",10,2,1,0,3,5,5,6,8,0,0,2,2,1,1,1,4,99,1
265,5025.351,2018,"25-34","Male","European/Other",1,"Employed",0,1,2,3,1,9,1,"not disabled",8,4,5,3,3,4,3,3,8,3,3,"Yes",1,1,1,2,4,5,5,3,5,1,1,4,2,2,0,0,4,1,1
266,11870.19,2018,"35-44","Female","European/Other",4,"Employed",1,1,1,1,2,6,5,"not disabled",6,7,7,4,1,3,4,8,10,5,6,"Yes",15,1,1,2,5,5,3,1,3,0,1,2,1,3,1,0,4,1,1
267,2892.966,2018,"45-54","Male","European/Other",3,"Employed",0,1,3,3,1,2,1,"not disabled",5,10,10,4,4,5,5,5,3,0,0,"No",14,4,2,1,5,5,5,3,8,0,1,1,1,4,0,0,4,0,1
268,4010.747,2018,"35-44","Female","European/Other",3,"Employed",1,1,2,1,2,6,6,"not disabled",5,8,8,4,1,3,4,8,7,6,6,"Yes",13,3,2,0,4,5,4,3,4,0,0,1,3,3,1,0,4,1,1
269,2386.546,2018,"65+","Male","European/Other",1,"Employed",1,0,0,3,1,10,1,"Disabled",4,9,7,2,1,4,5,7,8,2,7,"Yes",12,2,1,3,5,5,4,9,8,0,0,1,2,6,0,1,4,1,1
270,2688.408,2018,"45-54","Male","European/Other",4,"Employed",0,0,0,1,2,9,6,"Disabled",6,8,10,3,2,4,5,5,10,2,5,"Yes",7,1,1,1,5,5,5,8,1,1,1,1,1,4,0,1,4,1,1
271,5931.407,2018,"15-24","Male","European/Other",1,"Employed",0,0,0,1,2,5,1,"not disabled",1,8,7,4,1,3,4,6,9,6,5,"Not Eligible",15,2,1,0,4,5,5,2,3,0,0,1,2,1,0,0,4,99,1
272,2733.161,2018,"65+","Male","European/Other",1,"Employed",0,0,0,2,2,4,1,"not disabled",10,8,8,3,2,3,5,8,10,7,6,"Yes",16,3,1,0,4,4,4,8,2,0,0,2,2,6,0,0,4,1,1
273,8958.44,2018,"65+","Female","European/Other",1,"Employed",0,0,0,3,3,6,1,"not disabled",10,10,8,4,1,3,5,8,9,6,8,"Yes",15,1,1,3,3,5,3,7,8,0,0,2,3,6,1,0,4,1,1
274,4980.984,2018,"65+","Female","European/Other",4,"Employed",1,0,0,2,2,7,1,"not disabled",7,6,6,3,1,1,5,5,5,2,1,"Yes",20,2,2,0,5,5,5,2,3,0,0,1,2,6,1,0,4,1,1
275,3111.858,2018,"45-54","Male","European/Other",1,"Employed",1,1,1,1,2,4,1,"not disabled",8,8,8,3,1,4,5,7,8,7,8,"Yes",14,1,1,0,5,5,4,9,8,0,0,3,5,4,0,0,4,1,1
276,5189.262,2018,"65+","Female","European/Other",3,"Employed",1,0,0,2,2,9,1,"not disabled",10,8,10,3,1,4,5,7,7,3,7,"Yes",18,1,1,0,5,5,4,7,3,0,0,1,1,6,1,0,4,1,1
277,9648.02,2018,"45-54","Male","European/Other",4,"Employed",1,0,0,2,3,1,1,"not disabled",0,8,8,3,1,4,4,7,8,5,6,"Yes",15,1,1,0,5,5,5,6,8,0,0,1,2,4,0,0,4,1,1
278,4003.577,2018,"65+","Male","European/Other",2,"Employed",0,0,0,2,1,10,6,"not disabled",7,8,8,2,1,3,3,6,5,3,5,"Yes",17,1,1,0,4,4,5,1,4,0,0,1,2,6,0,0,4,1,1
279,5872.037,2018,"65+","Female","European/Other",1,"Employed",0,0,0,3,1,8,2,"Disabled",5,4,6,2,1,4,3,5,7,6,6,"Yes",3,2,1,1,3,5,1,5,3,1,0,3,2,6,1,1,4,1,1
280,5123.431,2018,"65+","Male","European/Other",1,"Employed",1,0,0,2,2,4,1,"not disabled",4,10,10,4,1,4,5,7,10,7,9,"Yes",12,2,1,0,5,5,1,5,8,0,0,3,2,6,0,0,4,1,1
281,2884.946,2018,"65+","Female","European/Other",2,"Employed",0,0,0,3,1,4,6,"Disabled",6,7,3,2,2,4,3,7,8,6,7,"Yes",13,3,1,1,3,4,3,7,8,0,0,4,5,6,1,1,4,1,1
282,5497.492,2018,"25-34","Female","European/Other",1,"Employed",1,1,2,3,2,10,6,"not disabled",3,8,8,3,3,5,5,6,4,4,5,"Yes",3,4,3,0,5,5,4,5,2,1,0,2,3,2,1,0,4,1,1
283,15203.96,2018,"35-44","Male","European/Other",2,"Employed",1,0,0,1,3,9,1,"not disabled",7,7,8,2,2,5,4,1,9,2,3,"Yes",7,1,1,0,5,5,5,2,4,0,1,1,1,3,0,0,4,1,1
284,3907.111,2018,"65+","Male","European/Other",2,"Employed",1,0,0,2,1,3,6,"not disabled",5,9,9,3,1,3,4,5,9,0,4,"Yes",16,2,1,0,5,4,4,1,3,0,0,1,1,6,0,0,4,1,1
285,11067.05,2018,"35-44","Male","European/Other",4,"Employed",1,1,2,1,2,5,1,"not disabled",8,6,8,4,1,4,5,0,2,2,3,"Yes",11,3,2,0,5,5,3,4,5,0,0,1,2,3,0,0,4,1,1
286,2056.833,2018,"45-54","Female","European/Other",2,"Employed",0,0,0,1,2,4,2,"not disabled",5,6,6,2,1,3,5,2,7,1,1,"Yes",19,2,1,0,5,5,5,5,3,0,0,2,1,4,1,0,4,1,1
287,4848.216,2018,"15-24","Female","European/Other",1,"Employed",0,0,0,3,2,2,4,"not disabled",7,8,7,4,1,4,4,7,9,7,8,"Not Eligible",11,1,2,1,5,5,5,6,9,0,1,3,3,1,1,0,4,99,1
288,3508.82,2018,"35-44","Male","European/Other",2,"Employed",0,0,0,3,3,9,5,"not disabled",9,5,7,3,1,4,3,5,9,5,5,"No",12,1,1,2,5,5,5,5,4,0,0,2,2,3,0,0,4,0,1
289,7918.247,2018,"25-34","Female","European/Other",4,"Employed",0,0,0,1,2,4,6,"not disabled",3,8,7,3,1,2,3,7,9,6,4,"Yes",17,2,1,1,4,5,2,6,3,1,0,1,2,2,1,0,4,1,1
290,2552.814,2018,"55-64","Female","European/Other",4,"Employed",1,0,0,2,3,4,1,"not disabled",10,8,9,4,1,4,5,8,8,7,8,"Yes",20,2,3,0,5,5,5,7,3,0,0,2,3,5,1,0,4,1,1
291,3050.859,2018,"25-34","Female","European/Other",3,"Employed",0,0,0,1,3,9,1,"not disabled",5,5,5,5,1,2,5,5,8,3,3,"Yes",16,1,1,0,5,5,4,5,8,0,0,1,1,2,1,0,4,1,1
292,4478.276,2018,"25-34","Male","European/Other",1,"Employed",0,0,0,3,1,8,1,"not disabled",7,7,6,5,3,5,5,5,7,4,4,"Yes",15,1,1,4,1,4,4,5,9,0,0,2,2,2,0,0,4,1,1
293,7494.13,2018,"65+","Male","European/Other",4,"Employed",0,0,0,2,1,3,6,"not disabled",3,6,7,2,2,5,5,8,8,5,7,"Yes",9,2,1,0,5,5,3,6,3,0,0,3,3,6,0,0,4,1,1
294,2505.735,2018,"15-24","Male","European/Other",1,"Employed",1,0,0,3,2,7,1,"not disabled",5,9,8,4,2,4,4,8,10,6,8,"Yes",17,99,1,1,4,5,4,5,3,1,0,1,1,1,0,0,4,1,1
295,9591.758,2018,"45-54","Female","European/Other",4,"Employed",1,1,3,3,3,4,1,"not disabled",8,9,9,5,1,2,5,5,10,5,9,"Yes",16,1,1,0,3,5,1,8,8,1,0,1,2,4,1,0,4,1,1
296,7205.892,2018,"65+","Female","European/Other",4,"Employed",1,0,0,2,1,2,5,"not disabled",5,5,7,3,1,5,4,8,9,8,6,"Yes",13,2,1,1,3,5,4,3,8,0,1,2,4,6,1,0,4,1,1
297,6601.583,2018,"35-44","Male","European/Other",2,"Employed",0,0,0,1,2,7,1,"not disabled",8,10,9,4,1,3,5,10,10,8,9,"Yes",16,2,1,1,4,5,5,8,3,0,0,1,1,3,0,0,4,1,1
298,7205.765,2018,"25-34","Male","European/Other",1,"Employed",0,1,4,3,1,9,1,"not disabled",5,7,7,3,4,5,5,5,7,6,6,"Yes",10,1,2,4,4,4,4,5,3,0,0,1,1,2,0,0,4,1,1
299,3227.634,2018,"55-64","Male","European/Other",1,"Employed",0,0,0,1,1,9,1,"not disabled",7,8,7,3,1,5,5,5,10,3,3,"No",16,3,2,2,3,4,4,2,3,0,0,1,1,5,0,0,4,0,1
300,11208.1,2018,"55-64","Female","European/Other",1,"Employed",0,0,0,2,1,9,1,"not disabled",0,2,2,1,1,2,5,1,2,0,0,"Yes",0,2,1,1,4,3,1,2,3,0,1,1,6,5,1,0,4,1,1
301,10278.09,2018,"35-44","Male","European/Other",4,"Employed",1,1,3,1,3,1,6,"not disabled",3,8,8,3,1,2,4,8,7,8,7,"Yes",16,2,2,0,5,5,3,10,8,0,0,1,3,3,0,0,4,1,1
302,3453.522,2018,"55-64","Female","European/Other",4,"Employed",1,0,0,2,3,1,6,"not disabled",6,4,7,4,2,4,4,5,5,5,5,"Yes",20,3,1,0,5,5,5,5,8,0,1,3,1,5,1,0,4,1,1
303,7544.371,2018,"25-34","Male","European/Other",4,"Employed",1,0,0,3,1,8,4,"not disabled",6,10,10,3,1,3,4,5,10,5,5,"No",11,2,1,1,4,4,4,5,8,0,0,3,1,2,0,0,4,0,1
304,7882.137,2018,"65+","Male","European/Other",1,"Employed",1,0,0,2,2,2,2,"Disabled",2,10,10,3,1,3,4,8,9,5,5,"Yes",20,1,1,0,5,5,4,5,8,0,0,1,1,6,0,1,4,1,1
305,8142.597,2018,"15-24","Male","European/Other",3,"Employed",0,0,0,1,3,3,3,"not disabled",10,6,10,3,4,5,4,8,10,7,7,"No",12,2,2,0,5,5,2,10,8,1,1,2,3,1,0,0,4,0,1
306,8196.328,2018,"35-44","Male","European/Other",2,"Employed",0,1,1,1,1,8,1,"not disabled",5,8,10,4,2,3,5,8,10,6,9,"Yes",4,1,1,0,4,3,4,5,3,0,0,3,4,3,0,0,4,1,1
307,8885.57,2018,"65+","Male","European/Other",1,"Employed",0,0,0,2,1,4,1,"not disabled",7,8,8,3,1,3,5,8,8,6,5,"Yes",15,2,2,0,5,5,5,7,3,0,0,1,3,6,0,0,4,1,1
308,4095.714,2018,"45-54","Female","European/Other",1,"Employed",0,0,0,1,1,3,1,"not disabled",5,8,4,4,1,3,5,5,5,5,5,"Yes",18,1,1,0,5,5,5,7,3,0,0,1,3,4,1,0,4,1,1
309,7041.576,2018,"25-34","Male","European/Other",2,"Employed",0,1,3,3,2,6,1,"not disabled",10,1,8,3,3,4,5,2,7,1,4,"Yes",9,2,1,4,3,5,1,9,8,0,1,4,1,2,0,0,4,1,1
310,10511.25,2018,"45-54","Female","European/Other",4,"Employed",0,0,0,3,2,7,6,"not disabled",8,9,9,4,1,5,3,9,5,5,5,"No",18,3,1,1,5,5,5,5,3,0,0,2,3,4,1,0,4,0,1
311,3393.185,2018,"45-54","Male","European/Other",4,"Employed",0,1,1,1,1,9,6,"not disabled",3,3,6,4,2,5,5,9,8,5,6,"Yes",4,2,2,0,5,1,4,8,8,0,0,1,3,4,0,0,4,1,1
312,11540.93,2018,"55-64","Male","European/Other",1,"Employed",0,0,0,2,2,8,1,"not disabled",6,7,6,3,1,3,3,8,7,3,1,"Yes",15,1,1,0,5,5,5,5,3,0,0,1,3,5,0,0,4,1,1
313,6928.133,2018,"55-64","Female","European/Other",1,"Employed",1,0,0,1,1,9,1,"not disabled",8,5,7,4,1,3,5,7,9,4,5,"Yes",13,2,1,1,4,4,5,8,3,0,0,1,4,5,1,0,4,1,1
314,4967.29,2018,"65+","Female","European/Other",2,"Employed",1,0,0,2,3,1,1,"not disabled",6,9,10,2,1,3,5,8,10,8,8,"Yes",18,2,1,0,5,5,4,10,8,0,0,1,3,6,1,0,4,1,1
315,6415.368,2018,"35-44","Male","European/Other",1,"Employed",0,1,4,3,1,9,1,"not disabled",7,7,6,3,1,3,4,6,8,7,8,"Yes",15,2,2,0,4,5,5,7,3,1,0,1,2,3,0,0,4,1,1
316,3343.497,2018,"65+","Male","European/Other",1,"Employed",0,0,0,3,1,7,1,"not disabled",10,10,10,4,1,3,5,8,10,8,6,"No",17,1,1,1,3,4,4,10,3,1,0,1,1,6,0,0,4,0,1
317,2101.652,2018,"25-34","Female","European/Other",4,"Employed",1,1,1,1,3,7,5,"not disabled",6,8,8,2,1,4,5,10,10,10,10,"No",14,2,1,4,4,4,4,2,2,0,0,1,2,2,1,0,4,0,1
318,2130.85,2018,"65+","Male","European/Other",1,"Employed",0,0,0,2,1,4,1,"not disabled",5,5,5,4,1,3,4,6,6,5,6,"Yes",11,2,1,0,4,5,3,7,3,0,0,3,6,6,0,0,4,1,1
319,13365.35,2018,"65+","Male","European/Other",1,"Employed",1,0,0,2,1,8,6,"not disabled",4,8,8,3,1,4,3,8,8,8,8,"Yes",13,2,1,0,4,5,4,5,3,0,0,1,2,6,0,0,4,1,1
320,5787.75,2018,"65+","Male","European/Other",1,"Employed",1,0,0,1,2,10,6,"not disabled",10,10,10,3,4,5,5,9,1,4,1,"Yes",7,2,2,0,4,4,4,9,8,0,0,3,3,6,0,0,4,1,1
321,9395.684,2018,"25-34","Female","European/Other",3,"Employed",1,1,2,1,2,4,2,"not disabled",6,10,10,4,1,5,5,7,5,6,7,"Yes",13,1,1,3,5,5,3,5,8,0,0,1,2,2,1,0,4,1,1
322,4139.017,2018,"55-64","Male","European/Other",4,"Employed",0,0,0,2,1,4,6,"not disabled",5,6,9,5,2,4,5,7,5,4,1,"Yes",15,1,1,0,5,5,5,4,3,0,0,1,2,5,0,0,4,1,1
323,6473.607,2018,"45-54","Male","European/Other",1,"Employed",1,0,0,1,2,10,1,"not disabled",7,8,8,1,3,2,5,5,8,7,7,"Yes",11,1,2,0,4,4,1,10,1,0,0,1,3,4,0,0,4,1,1
324,3596.229,2018,"35-44","Male","European/Other",4,"Employed",1,0,0,3,3,3,4,"not disabled",6,8,10,5,1,5,3,9,6,1,6,"No",17,3,2,4,3,2,5,2,3,1,1,4,4,3,0,0,4,0,1
325,2360.945,2018,"25-34","Male","European/Other",4,"Employed",0,0,0,3,2,7,6,"not disabled",6,9,10,4,1,4,5,8,9,7,9,"Yes",8,1,1,0,5,4,5,10,8,0,0,1,2,2,0,0,4,1,1
326,2416.482,2018,"35-44","Male","European/Other",3,"Employed",0,1,2,2,1,4,2,"not disabled",10,8,10,4,1,5,5,7,9,8,6,"Yes",15,1,1,0,4,4,4,8,3,0,0,1,2,3,0,0,4,1,1
327,4086.536,2018,"25-34","Female","European/Other",3,"Employed",1,1,2,1,3,5,6,"not disabled",6,8,8,3,1,4,5,8,9,6,4,"Yes",15,1,1,2,4,5,3,7,8,0,0,1,2,2,1,0,4,1,1
328,2822.253,2018,"15-24","Female","European/Other",1,"Employed",1,1,2,3,2,10,1,"not disabled",7,9,7,3,1,3,4,5,8,1,2,"No",9,3,2,4,5,5,4,1,5,0,0,1,2,1,1,0,4,0,1
329,4261.207,2018,"35-44","Male","European/Other",4,"Employed",0,1,2,3,1,8,1,"not disabled",6,7,8,3,2,5,5,8,9,3,8,"Yes",8,2,1,0,2,4,2,8,4,0,0,3,2,3,0,0,4,1,1
330,3684.245,2018,"65+","Female","European/Other",2,"Employed",0,0,0,3,2,1,2,"not disabled",7,8,8,3,1,3,4,7,8,7,7,"Yes",17,1,1,0,5,5,4,8,3,0,0,1,2,6,1,0,4,1,1
331,7991.422,2018,"25-34","Female","European/Other",1,"Employed",0,0,0,1,2,6,2,"Disabled",7,3,2,2,1,1,2,0,0,0,0,"Yes",1,1,2,0,4,5,4,0,5,0,0,5,5,2,1,1,4,1,1
332,5537.004,2018,"35-44","Female","European/Other",2,"Employed",1,1,1,3,1,7,4,"not disabled",5,10,10,5,1,2,5,10,10,8,7,"No",18,4,2,1,4,4,5,0,3,0,1,2,1,3,1,0,4,0,1
333,3061.725,2018,"15-24","Male","European/Other",1,"Employed",0,0,0,1,2,2,1,"not disabled",7,7,9,3,3,4,4,5,7,2,5,"Yes",12,1,1,0,5,5,5,2,8,0,0,2,1,1,0,0,4,1,1
334,3825.44,2018,"55-64","Male","European/Other",2,"Employed",0,0,0,2,1,7,6,"not disabled",7,7,8,4,1,3,4,4,8,3,7,"Yes",16,1,2,0,4,4,4,3,4,0,1,1,2,5,0,0,4,1,1
335,3826.96,2018,"35-44","Male","European/Other",1,"Employed",0,0,0,3,2,10,6,"not disabled",5,8,9,4,2,4,5,8,8,5,4,"Yes",7,4,2,2,4,4,4,5,4,0,0,1,2,3,0,0,4,1,1
336,5106.039,2018,"65+","Male","European/Other",4,"Employed",0,0,0,2,2,9,1,"not disabled",8,5,5,3,1,3,3,5,7,4,4,"Yes",18,2,1,0,5,5,4,4,8,0,0,3,4,6,0,0,4,1,1
337,3942.34,2018,"55-64","Male","European/Other",3,"Employed",0,0,0,1,2,4,1,"not disabled",7,8,8,3,1,1,5,5,5,0,1,"Yes",17,2,1,0,5,5,1,10,3,0,0,1,2,5,0,0,4,1,1
338,3219.822,2018,"35-44","Female","European/Other",4,"Employed",1,1,3,1,3,1,1,"not disabled",7,10,9,4,2,5,5,8,9,7,6,"Yes",19,2,2,0,5,5,5,8,8,1,0,1,1,3,1,0,4,1,1
339,3525.557,2018,"15-24","Male","European/Other",4,"Employed",0,0,0,1,1,8,6,"not disabled",8,10,10,5,1,2,4,8,8,5,6,"Yes",20,1,1,3,4,4,4,4,3,0,0,1,2,1,0,0,4,1,1
340,4219.007,2018,"15-24","Male","European/Other",1,"Employed",0,0,0,2,2,1,5,"not disabled",8,9,8,3,1,3,5,8,8,7,7,"Not Eligible",15,1,1,0,5,5,5,2,3,0,0,3,2,1,0,0,4,99,1
341,2123.872,2018,"25-34","Female","European/Other",4,"Employed",1,1,1,3,3,8,5,"not disabled",10,10,10,4,1,5,3,5,5,4,2,"Yes",14,4,3,1,4,2,4,4,9,0,1,2,1,2,1,0,4,1,1
342,2547.17,2018,"65+","Male","European/Other",4,"Employed",1,0,0,2,3,5,2,"not disabled",7,6,8,3,1,3,5,6,7,7,7,"Yes",14,2,1,0,5,5,5,4,3,0,0,1,2,6,0,0,4,1,1
343,4018.731,2018,"45-54","Female","European/Other",2,"Employed",1,1,2,3,3,2,6,"not disabled",9,8,8,3,1,3,5,8,7,8,5,"No",13,1,1,0,5,5,3,7,4,0,0,1,2,4,1,0,4,0,1
344,7742.71,2018,"45-54","Female","European/Other",4,"Employed",1,0,0,1,3,2,6,"Disabled",5,8,8,4,2,5,5,8,9,7,7,"Yes",17,1,1,0,5,5,5,6,3,0,0,1,2,4,1,1,4,1,1
345,3314.115,2018,"55-64","Male","European/Other",2,"Employed",0,0,0,1,1,8,2,"not disabled",8,6,8,2,1,4,3,8,8,8,7,"Yes",16,1,1,0,4,4,4,6,3,0,0,1,2,5,0,0,4,1,1
346,9905.072,2018,"45-54","Male","European/Other",1,"Employed",0,1,2,2,1,2,1,"not disabled",7,7,9,4,1,4,5,5,8,5,6,"Yes",9,1,1,0,4,4,4,2,3,0,0,1,3,4,0,0,4,1,1
347,3055.35,2018,"65+","Female","European/Other",2,"Employed",1,0,0,2,1,6,6,"Disabled",5,10,10,2,1,3,5,10,10,10,9,"Yes",15,1,1,0,5,5,5,10,8,0,0,1,1,6,1,1,4,1,1
348,7138.986,2018,"55-64","Male","European/Other",1,"Employed",1,0,0,2,2,7,2,"not disabled",7,9,8,2,1,3,5,6,8,5,7,"Yes",8,2,2,1,3,4,1,6,8,0,1,1,1,5,0,0,4,1,1
349,2596.915,2018,"65+","Female","European/Other",1,"Employed",0,0,0,3,1,3,1,"Disabled",10,10,10,4,1,1,3,0,10,6,10,"Yes",11,1,2,0,4,5,1,10,8,0,0,5,5,6,1,1,4,1,1
350,10791.37,2018,"55-64","Female","European/Other",1,"Employed",1,0,0,1,1,9,1,"not disabled",7,9,9,4,1,2,4,6,8,7,5,"Yes",19,1,1,0,4,5,4,3,3,0,0,1,2,5,1,0,4,1,1
351,11367.96,2018,"25-34","Female","European/Other",2,"Employed",1,0,0,3,3,6,2,"not disabled",10,5,7,4,1,4,3,5,7,2,6,"No",13,1,2,4,4,4,3,6,1,0,0,1,1,2,1,0,4,0,1
352,4204.63,2018,"65+","Female","European/Other",3,"Employed",1,0,0,2,1,4,1,"not disabled",5,10,10,5,1,2,4,5,10,2,1,"Yes",20,3,1,0,4,4,3,6,3,0,0,1,2,6,1,0,4,1,1
353,5522.887,2018,"65+","Male","European/Other",2,"Employed",0,0,0,2,1,8,6,"not disabled",8,10,10,2,1,2,5,5,10,2,5,"Yes",16,1,1,0,4,4,4,8,5,0,0,1,1,6,0,0,4,1,1
354,7063.082,2018,"35-44","Male","European/Other",3,"Employed",1,1,4,1,3,3,2,"not disabled",2,8,10,5,2,5,5,9,9,5,8,"Yes",6,2,1,0,4,5,4,10,4,0,0,2,2,3,0,0,4,1,1
355,5123.72,2018,"15-24","Male","European/Other",4,"Employed",1,0,0,3,3,2,1,"not disabled",6,8,4,4,2,5,5,4,1,1,1,"Yes",8,4,3,4,5,5,5,8,4,1,1,3,4,1,0,0,4,1,1
356,3096.257,2018,"45-54","Female","European/Other",1,"Employed",0,1,2,1,2,3,1,"not disabled",8,5,5,5,1,4,4,5,9,5,5,"Yes",20,1,1,0,5,5,5,8,3,0,0,3,2,4,1,0,4,1,1
357,5730.965,2018,"55-64","Female","European/Other",3,"Employed",1,1,1,2,2,1,1,"not disabled",10,8,9,5,1,2,5,2,7,6,5,"Yes",19,1,1,0,5,5,5,5,3,0,0,1,1,5,1,0,4,1,1
358,6739.398,2018,"35-44","Female","European/Other",2,"Employed",1,0,0,1,3,3,1,"not disabled",7,7,6,3,1,4,5,9,8,2,8,"Yes",17,2,1,2,3,4,2,2,3,1,0,2,2,3,1,0,4,1,1
359,5104.848,2018,"45-54","Male","European/Other",1,"Employed",1,1,3,2,2,8,1,"Disabled",5,5,5,2,1,4,3,5,8,7,5,"Yes",6,99,2,2,4,4,4,8,2,0,0,1,1,4,0,1,4,1,1
360,10467.9,2018,"25-34","Male","European/Other",1,"Employed",0,0,0,3,1,10,1,"not disabled",5,10,10,5,4,5,5,10,10,6,10,"Yes",9,1,1,0,5,4,1,10,5,0,0,3,3,2,0,0,4,1,1
361,6995.691,2018,"25-34","Female","European/Other",1,"Employed",0,0,0,1,1,3,1,"not disabled",7,6,5,4,1,2,4,7,5,3,3,"Yes",13,1,1,0,4,4,4,9,5,0,0,1,2,2,1,0,4,1,1
362,7829.893,2018,"35-44","Female","European/Other",2,"Employed",1,1,3,3,1,9,5,"not disabled",4,10,8,4,1,3,4,8,10,5,9,"Yes",14,2,2,1,3,5,5,3,8,0,0,1,1,3,1,0,4,1,1
363,3363.264,2018,"25-34","Female","European/Other",1,"Employed",1,0,0,1,3,2,1,"not disabled",7,7,8,4,1,3,5,8,7,5,2,"Yes",14,2,1,3,3,5,3,1,9,0,0,1,1,2,1,0,4,1,1
364,3032.215,2018,"25-34","Female","European/Other",1,"Employed",0,0,0,3,1,9,1,"not disabled",9,4,7,5,1,3,2,6,2,1,4,"Yes",3,1,1,3,2,5,5,0,8,0,0,1,5,2,1,0,4,1,1
365,5059.337,2018,"25-34","Female","European/Other",4,"Employed",1,1,1,1,3,8,1,"not disabled",7,8,7,4,1,4,5,8,6,5,6,"Yes",17,1,1,2,5,5,5,8,3,0,0,1,1,2,1,0,4,1,1
366,6205.587,2018,"35-44","Female","European/Other",1,"Employed",0,0,0,2,1,2,1,"not disabled",8,7,7,4,1,4,5,8,10,3,3,"Yes",18,2,2,3,4,5,5,8,3,0,0,2,2,3,1,0,4,1,1
367,5277.059,2018,"35-44","Male","European/Other",4,"Employed",1,0,0,3,2,3,1,"not disabled",5,8,8,3,3,4,5,5,8,4,5,"Yes",9,2,3,1,5,5,5,10,1,0,0,1,1,3,0,0,4,1,1
368,3473.513,2018,"25-34","Male","European/Other",2,"Employed",0,1,3,3,1,9,1,"not disabled",7,8,8,3,1,2,3,9,9,8,8,"Yes",8,1,1,1,4,4,4,3,3,0,0,1,2,2,0,0,4,1,1
369,2208.876,2018,"45-54","Female","European/Other",1,"Employed",0,0,0,3,1,9,1,"not disabled",3,7,7,5,4,5,4,3,3,0,3,"Yes",3,3,1,0,4,5,2,4,5,0,0,1,2,4,1,0,4,1,1
370,4467.027,2018,"15-24","Female","European/Other",1,"Employed",0,0,0,3,3,7,1,"not disabled",7,8,8,3,1,3,4,7,7,5,6,"Not Eligible",15,1,1,0,4,5,5,5,3,0,0,1,2,1,1,0,4,99,1
371,2338.753,2018,"15-24","Female","European/Other",1,"Employed",0,0,0,3,2,10,1,"not disabled",3,7,8,4,1,3,2,6,7,1,4,"Yes",9,3,2,1,4,5,5,1,4,0,1,5,3,1,1,0,4,1,1
372,2652.559,2018,"65+","Female","European/Other",1,"Employed",0,0,0,2,1,7,3,"not disabled",5,7,8,3,2,5,4,7,5,8,9,"Yes",10,3,1,0,4,5,2,10,8,0,0,3,1,6,1,0,4,1,1
373,1699.202,2018,"65+","Female","European/Other",2,"Employed",0,0,0,3,1,4,1,"not disabled",5,7,10,5,1,3,5,7,9,3,4,"No",17,2,2,0,5,5,4,5,1,0,0,3,3,6,1,0,4,0,1
374,3956.794,2018,"65+","Male","European/Other",1,"Employed",0,0,0,2,1,10,1,"not disabled",9,8,8,2,1,4,4,5,10,5,5,"Yes",15,2,2,0,4,4,4,1,8,0,0,2,1,6,0,0,4,1,1
375,12125.62,2018,"45-54","Female","European/Other",4,"Employed",0,0,0,3,3,7,2,"not disabled",10,9,9,4,2,4,5,7,8,6,7,"Yes",20,2,2,1,5,5,4,2,3,0,0,1,2,4,1,0,4,1,1
376,8675.898,2018,"35-44","Female","European/Other",3,"Employed",1,1,2,1,3,7,1,"not disabled",6,8,7,4,1,2,4,7,6,4,4,"Yes",10,2,1,0,4,4,4,7,3,1,0,1,2,3,1,0,4,1,1
377,8680.484,2018,"35-44","Female","European/Other",4,"Employed",1,1,3,1,3,1,1,"not disabled",6,9,10,4,2,5,5,9,9,4,7,"Yes",16,1,1,2,5,5,4,9,3,0,0,1,2,3,1,0,4,1,1
378,4353.885,2018,"55-64","Female","European/Other",1,"Employed",1,0,0,1,3,5,1,"not disabled",8,10,9,3,2,3,5,8,9,5,5,"Yes",20,1,1,0,5,5,5,5,5,0,0,1,1,5,1,0,4,1,1
379,6165.791,2018,"45-54","Male","European/Other",4,"Employed",1,1,1,1,3,2,6,"not disabled",9,10,10,4,1,2,4,7,10,8,8,"Yes",17,2,2,0,4,5,3,8,3,0,0,1,2,4,0,0,4,1,1
380,4435.6,2018,"55-64","Male","European/Other",2,"Employed",1,0,0,3,3,9,6,"not disabled",5,8,9,3,1,4,4,7,7,5,5,"Yes",14,3,1,2,4,4,4,2,8,0,1,2,5,5,0,0,4,1,1
381,2524.781,2018,"65+","Female","European/Other",2,"Employed",1,0,0,1,3,9,1,"not disabled",8,8,8,4,1,2,5,8,8,5,7,"Yes",18,4,2,0,5,5,4,8,8,0,0,1,2,6,1,0,4,1,1
382,8014.594,2018,"35-44","Female","European/Other",4,"Employed",0,0,0,1,3,1,2,"not disabled",5,7,8,5,2,5,5,8,8,7,7,"Yes",13,2,1,1,3,5,4,7,1,0,0,3,3,3,1,0,4,1,1
383,7474.978,2018,"45-54","Female","European/Other",3,"Employed",1,0,0,2,2,5,2,"not disabled",7,9,9,3,1,3,3,7,8,2,6,"Yes",13,1,1,1,4,4,1,2,2,1,0,2,2,4,1,0,4,1,1
384,5603.353,2018,"55-64","Male","European/Other",1,"Employed",0,0,0,3,1,10,1,"not disabled",4,4,2,1,4,5,4,4,4,1,4,"No",0,2,2,2,3,3,1,2,3,0,1,4,3,5,0,0,4,0,1
385,8128.955,2018,"55-64","Female","European/Other",2,"Employed",1,0,0,1,3,5,4,"not disabled",6,7,8,3,1,4,4,8,9,4,2,"Yes",12,2,2,1,4,4,1,3,3,0,0,2,4,5,1,0,4,1,1
386,12937.78,2018,"55-64","Female","European/Other",1,"Employed",1,0,0,2,3,2,2,"not disabled",7,7,8,4,1,1,3,7,6,3,5,"Yes",19,1,1,0,5,5,1,7,3,0,0,2,4,5,1,0,4,1,1
387,3892.207,2018,"55-64","Female","European/Other",1,"Employed",1,0,0,1,3,8,3,"not disabled",6,7,8,2,1,3,5,6,8,6,6,"Yes",16,1,1,0,5,5,4,2,2,0,0,1,1,5,1,0,4,1,1
388,4706.967,2018,"45-54","Male","European/Other",2,"Employed",1,1,2,2,2,9,6,"not disabled",10,7,7,4,1,4,4,8,8,8,6,"Yes",14,1,1,0,4,4,4,8,1,0,0,1,2,4,0,0,4,1,1
389,4808.774,2018,"55-64","Female","European/Other",1,"Employed",0,0,0,2,2,1,1,"not disabled",7,6,6,4,1,4,5,8,9,4,6,"Yes",20,2,1,0,5,5,2,7,3,0,1,2,4,5,1,0,4,1,1
390,6612.719,2018,"65+","Male","European/Other",2,"Employed",0,0,0,2,1,9,1,"not disabled",7,9,10,1,2,4,5,5,10,5,7,"Yes",13,1,2,0,5,5,4,8,8,0,0,1,1,6,0,0,4,1,1
391,3560.167,2018,"65+","Male","European/Other",1,"Employed",1,0,0,2,1,10,2,"not disabled",8,6,5,3,1,3,5,5,5,5,6,"Yes",20,2,1,0,4,4,4,6,8,0,0,1,2,6,0,0,4,1,1
392,5853.145,2018,"25-34","Male","European/Other",4,"Employed",1,1,1,1,3,7,1,"not disabled",7,8,8,4,2,5,4,7,7,4,5,"Yes",16,1,1,0,5,5,4,7,3,0,0,1,1,2,0,0,4,1,1
393,3864.568,2018,"45-54","Male","European/Other",1,"Employed",1,1,1,2,3,10,1,"not disabled",9,8,8,4,1,5,4,5,8,3,6,"Yes",19,1,1,2,5,5,1,6,3,0,0,1,1,4,0,0,4,1,1
394,2766.521,2018,"65+","Female","European/Other",4,"Employed",1,0,0,2,2,1,2,"not disabled",7,10,10,3,1,4,5,9,10,5,5,"Yes",19,1,1,0,4,4,3,8,4,1,0,1,1,6,1,0,4,1,1
396,4369.968,2018,"25-34","Female","European/Other",1,"Employed",1,1,2,2,2,2,1,"not disabled",5,10,8,3,1,3,4,6,10,5,8,"Yes",3,2,2,2,4,5,1,8,8,0,0,2,2,2,1,0,4,1,1
397,7519.757,2018,"35-44","Male","European/Other",2,"Employed",1,1,2,1,2,5,1,"not disabled",6,8,8,4,1,2,5,7,10,6,7,"Yes",17,1,1,0,4,5,4,8,2,0,0,1,3,3,0,0,4,1,1
398,2642,2018,"55-64","Male","European/Other",1,"Employed",0,0,0,1,3,5,2,"not disabled",7,8,10,4,1,4,5,8,9,9,9,"Yes",13,2,1,0,5,5,5,9,1,0,0,1,2,5,0,0,4,1,1
399,5814.357,2018,"65+","Female","European/Other",1,"Employed",1,0,0,2,3,2,2,"not disabled",5,5,10,2,1,4,5,4,9,0,4,"Yes",20,1,1,0,3,5,4,8,4,0,0,1,1,6,1,0,4,1,1
400,2795.839,2018,"45-54","Female","European/Other",1,"Employed",1,0,0,2,3,9,6,"not disabled",10,10,10,3,2,5,5,4,5,2,0,"Yes",20,1,1,0,5,5,3,10,3,0,0,1,1,4,1,0,4,1,1
401,8313.827,2018,"65+","Female","European/Other",1,"Employed",1,0,0,2,2,3,1,"not disabled",8,4,6,1,1,2,5,9,9,8,6,"Yes",20,1,1,0,5,5,1,9,1,0,0,1,4,6,1,0,4,1,1
402,4933.18,2018,"55-64","Female","European/Other",4,"Employed",1,0,0,3,3,2,6,"not disabled",4,7,7,3,1,3,3,8,9,7,7,"Yes",18,1,1,2,5,5,4,3,9,0,0,1,3,5,1,0,4,1,1
403,27799.96,2018,"65+","Female","European/Other",2,"Employed",1,0,0,2,1,6,1,"not disabled",6,8,8,2,1,4,5,8,5,4,4,"Yes",19,1,1,0,5,5,5,7,8,0,0,1,1,6,1,0,4,1,1
404,2784.543,2018,"45-54","Male","European/Other",1,"Employed",0,1,2,1,1,2,6,"not disabled",4,7,9,5,2,3,4,6,8,3,7,"Yes",1,4,2,1,4,5,5,6,3,0,0,2,1,4,0,0,4,1,1
405,6359.021,2018,"45-54","Male","European/Other",2,"Employed",1,1,1,3,1,4,1,"not disabled",3,4,6,3,1,5,5,3,10,9,10,"Yes",11,1,1,2,5,4,3,2,4,0,0,1,1,4,0,0,4,1,1
406,7920.269,2018,"35-44","Male","European/Other",4,"Employed",1,0,0,1,3,10,1,"not disabled",10,9,9,4,2,4,5,7,9,6,4,"Yes",18,1,1,0,5,5,5,9,4,0,0,1,1,3,0,0,4,1,1
407,2928.957,2018,"65+","Male","European/Other",1,"Employed",1,0,0,2,3,3,1,"not disabled",7,8,10,4,1,3,5,5,8,2,3,"Yes",16,1,1,3,4,5,4,7,4,1,0,2,1,6,0,0,4,1,1
408,3753.481,2018,"45-54","Female","European/Other",1,"Employed",1,0,0,1,3,10,2,"not disabled",7,8,8,2,1,4,4,8,8,5,6,"Yes",14,1,1,0,5,5,5,8,3,0,0,3,4,4,1,0,4,1,1
409,10198.71,2018,"15-24","Male","European/Other",4,"Employed",0,0,0,3,2,9,1,"not disabled",8,6,8,3,1,3,5,7,9,5,8,"Yes",15,1,1,3,5,5,5,2,9,0,0,2,3,1,0,0,4,1,1
410,7940.38,2018,"55-64","Female","European/Other",1,"Employed",0,0,0,2,1,10,1,"Disabled",5,1,6,1,1,3,4,8,10,7,5,"No",17,2,1,1,5,5,5,5,4,0,0,2,2,5,1,1,4,0,1
411,20283.07,2018,"15-24","Female","European/Other",2,"Employed",0,0,0,1,1,10,1,"not disabled",10,4,5,4,1,2,2,6,7,0,5,"Yes",12,4,1,0,4,4,4,0,3,0,0,3,2,1,1,0,4,1,1
412,4220.673,2018,"65+","Male","European/Other",1,"Employed",1,0,0,2,1,3,2,"not disabled",7,9,9,4,1,3,4,7,8,3,4,"Yes",17,1,1,0,5,5,1,6,3,0,0,1,1,6,0,0,4,1,1
413,1913.04,2018,"45-54","Male","European/Other",1,"Employed",0,0,0,3,1,7,1,"not disabled",5,8,7,2,1,3,4,8,6,6,9,"Yes",16,2,3,0,4,5,4,10,8,0,0,1,1,4,0,0,4,1,1
414,4712.294,2018,"65+","Male","European/Other",3,"Employed",1,0,0,2,1,7,1,"not disabled",6,7,7,4,1,5,5,7,8,5,5,"Yes",14,1,1,0,4,5,5,7,3,0,0,1,1,6,0,0,4,1,1
415,2875.134,2018,"15-24","Female","European/Other",1,"Employed",0,0,0,3,3,9,2,"not disabled",5,7,6,3,1,3,4,5,0,5,6,"Not Eligible",7,1,1,0,5,5,4,9,1,0,0,1,2,1,1,0,4,99,1
416,7526.483,2018,"65+","Female","European/Other",4,"Employed",1,0,0,2,3,5,2,"not disabled",6,9,8,3,2,5,5,8,9,6,7,"Yes",20,1,1,0,4,4,2,8,3,0,0,1,1,6,1,0,4,1,1
417,5801.341,2018,"35-44","Female","European/Other",4,"Employed",1,1,3,1,2,4,5,"not disabled",7,9,8,4,1,4,5,10,10,6,10,"Yes",14,2,1,2,5,5,5,8,3,0,0,1,1,3,1,0,4,1,1
418,14645.8,2018,"25-34","Male","European/Other",4,"Employed",1,1,3,1,3,9,1,"not disabled",7,10,8,4,3,4,5,6,8,4,6,"Yes",5,2,1,1,4,5,3,3,8,0,1,1,2,2,0,0,4,1,1
419,10123.65,2018,"35-44","Female","European/Other",4,"Employed",1,0,0,3,2,10,6,"not disabled",4,8,8,5,1,4,4,8,10,8,8,"Yes",17,2,2,4,4,4,4,6,3,1,1,1,2,3,1,0,4,1,1
420,2931.327,2018,"35-44","Male","European/Other",3,"Employed",1,1,3,1,2,4,1,"not disabled",5,7,8,4,1,3,4,6,6,6,5,"Yes",12,1,2,3,5,5,1,7,5,0,0,1,3,3,0,0,4,1,1
421,5186.32,2018,"35-44","Male","European/Other",2,"Employed",1,0,0,1,2,10,6,"not disabled",10,7,7,4,2,4,4,6,9,6,7,"Yes",13,3,2,0,5,5,3,6,4,0,0,2,3,3,0,0,4,1,1
422,7326.112,2018,"15-24","Male","European/Other",2,"Employed",0,0,0,2,3,10,1,"not disabled",8,6,8,2,2,4,5,7,8,3,5,"Yes",15,2,1,0,4,4,4,4,3,0,0,3,4,1,0,0,4,1,1
423,9380.933,2018,"45-54","Female","European/Other",1,"Employed",0,1,1,3,2,10,2,"not disabled",5,9,9,3,2,4,4,4,4,3,6,"Yes",12,4,2,4,4,4,4,6,2,1,0,1,2,4,1,0,4,1,1
424,4178.15,2018,"35-44","Female","European/Other",1,"Employed",1,1,2,3,3,6,3,"not disabled",10,9,8,2,2,5,5,7,7,2,5,"Yes",18,1,1,1,5,5,1,10,8,0,0,1,1,3,1,0,4,1,1
425,3220.186,2018,"15-24","Female","European/Other",2,"Employed",0,0,0,3,3,7,4,"not disabled",10,7,8,2,1,4,3,7,10,7,6,"No",17,1,1,4,5,5,3,7,8,0,0,2,2,1,1,0,4,0,1
426,2504.521,2018,"65+","Male","European/Other",1,"Employed",0,0,0,2,2,7,1,"not disabled",9,9,9,4,1,4,5,6,9,3,6,"No",19,1,1,0,4,5,5,9,3,0,0,1,2,6,0,0,4,0,1
427,8603.198,2018,"35-44","Female","European/Other",4,"Employed",0,0,0,1,3,7,6,"not disabled",6,9,9,5,1,3,5,9,10,9,10,"Yes",20,2,1,2,5,5,4,8,8,0,0,1,3,3,1,0,4,1,1
428,6946.373,2018,"35-44","Female","European/Other",3,"Employed",1,1,3,1,3,3,1,"not disabled",8,7,9,3,1,4,5,8,8,2,3,"Yes",18,1,2,2,5,5,1,7,8,1,0,1,1,3,1,0,4,1,1
429,6713.755,2018,"55-64","Female","European/Other",3,"Employed",0,0,0,2,1,8,2,"not disabled",5,8,8,5,1,4,5,4,5,4,2,"Yes",18,1,1,1,5,5,5,8,4,0,0,1,1,5,1,0,4,1,1
430,19554.9,2018,"25-34","Male","European/Other",1,"Employed",1,1,1,3,2,5,1,"not disabled",7,8,8,4,1,3,4,5,8,4,6,"Yes",20,1,2,1,4,5,5,5,1,0,0,1,1,2,0,0,4,1,1
431,7145.739,2018,"45-54","Male","European/Other",1,"Employed",1,1,1,1,3,6,1,"not disabled",9,10,9,4,4,3,5,7,9,4,3,"Yes",16,99,2,2,5,5,5,0,9,0,0,1,1,4,0,0,4,1,1
432,3295.275,2018,"45-54","Male","European/Other",1,"Employed",1,0,0,1,3,2,2,"not disabled",7,8,9,5,1,5,4,6,8,3,3,"Yes",20,2,1,0,5,5,1,4,2,0,0,1,1,4,0,0,4,1,1
433,4985.721,2018,"25-34","Male","European/Other",1,"Employed",0,1,1,3,2,10,2,"not disabled",4,5,8,3,1,4,4,3,5,1,6,"Yes",7,4,3,1,4,4,4,2,2,0,0,1,4,2,0,0,4,1,1
434,7419.558,2018,"35-44","Male","European/Other",4,"Employed",1,1,1,1,3,10,6,"not disabled",5,6,6,5,1,2,3,8,10,5,6,"No",18,2,1,1,5,5,2,5,8,0,0,1,3,3,0,0,4,0,1
435,8639.674,2018,"35-44","Female","European/Other",4,"Employed",1,1,2,3,2,3,5,"not disabled",3,8,10,5,1,3,4,8,9,6,6,"No",13,4,2,1,3,5,5,5,8,0,0,2,3,3,1,0,4,0,1
436,5246.921,2018,"15-24","Female","European/Other",1,"Employed",0,0,0,2,1,6,4,"not disabled",6,6,7,3,1,3,3,7,9,4,9,"Not Eligible",16,2,1,3,3,3,5,7,8,1,1,3,4,1,1,0,4,99,1
437,1843.523,2018,"45-54","Female","European/Other",4,"Employed",1,1,1,1,3,5,6,"not disabled",5,6,8,5,1,1,3,8,5,0,0,"Yes",15,2,1,0,3,5,5,6,3,0,1,1,4,4,1,0,4,1,1
438,2200.513,2018,"25-34","Male","European/Other",1,"Employed",1,1,1,3,3,2,1,"not disabled",5,8,8,3,1,4,3,7,9,5,6,"Yes",13,2,2,1,4,5,4,3,4,1,0,1,1,2,0,0,4,1,1
439,1263.577,2018,"15-24","Female","European/Other",1,"Employed",0,0,0,1,3,7,2,"not disabled",7,7,8,5,1,4,5,8,9,7,8,"Not Eligible",15,1,1,0,1,5,1,6,8,0,0,1,1,1,1,0,4,99,1
440,4159.128,2018,"45-54","Male","European/Other",1,"Employed",1,1,1,1,3,9,1,"not disabled",7,8,10,5,2,5,5,8,0,5,3,"Yes",7,2,2,0,4,4,4,5,3,0,0,1,2,4,0,0,4,1,1
441,2029.582,2018,"55-64","Male","European/Other",4,"Employed",1,0,0,1,3,6,6,"not disabled",5,8,8,4,1,5,5,9,7,0,2,"Yes",19,1,1,0,4,4,4,6,8,0,0,3,5,5,0,0,4,1,1
442,5096.626,2018,"25-34","Female","European/Other",4,"Employed",1,0,0,1,3,3,1,"not disabled",8,7,7,4,1,4,4,7,8,7,6,"Yes",18,2,1,4,4,5,5,7,9,0,0,2,2,2,1,0,4,1,1
443,5140.575,2018,"45-54","Female","European/Other",2,"Employed",1,1,1,3,3,4,4,"not disabled",5,8,9,3,1,5,3,5,8,1,5,"Yes",10,1,2,3,4,5,4,2,8,1,0,2,3,4,1,0,4,1,1
444,2104.573,2018,"65+","Male","European/Other",1,"Employed",0,0,0,1,1,9,1,"Disabled",5,10,8,1,2,3,4,5,4,1,5,"Yes",1,4,2,0,4,1,1,5,3,0,0,1,2,6,0,1,4,1,1
445,10429.4,2018,"45-54","Male","European/Other",3,"Employed",1,0,0,2,3,2,2,"not disabled",8,9,10,5,1,3,4,5,8,4,4,"Yes",16,1,1,0,3,5,1,8,3,0,0,1,1,4,0,0,4,1,1
446,10621.45,2018,"65+","Male","European/Other",1,"Employed",0,0,0,3,1,3,2,"Disabled",7,10,7,2,1,4,4,7,9,7,6,"Yes",20,1,1,1,2,5,2,6,3,1,0,1,2,6,0,1,4,1,1
447,8303.505,2018,"55-64","Male","European/Other",1,"Employed",0,0,0,3,3,2,1,"Disabled",0,2,4,1,1,5,5,2,7,3,4,"Yes",0,4,2,1,3,4,3,2,5,1,1,5,5,5,0,1,4,1,1
448,8949.371,2018,"25-34","Male","European/Other",4,"Employed",1,1,1,3,2,1,1,"not disabled",3,8,10,5,1,4,5,6,10,6,8,"Yes",15,4,2,4,3,5,5,5,4,0,0,3,1,2,0,0,4,1,1
450,6179.492,2018,"55-64","Female","European/Other",1,"Employed",1,0,0,2,3,4,6,"not disabled",10,10,10,4,1,4,5,3,0,0,0,"Yes",15,1,1,0,4,5,5,0,8,0,0,3,4,5,1,0,4,1,1
451,21232.48,2018,"25-34","Male","European/Other",3,"Employed",0,0,0,1,3,7,1,"not disabled",6,8,8,5,2,5,5,8,8,5,5,"Yes",20,99,1,4,5,5,4,3,9,0,0,1,1,2,0,0,4,1,1
452,9025.115,2018,"15-24","Male","European/Other",1,"Employed",0,0,0,2,3,6,1,"not disabled",4,5,7,3,1,4,4,5,10,5,8,"Not Eligible",15,1,1,2,4,4,4,2,2,0,1,3,2,1,0,0,4,99,1
453,8932.349,2018,"35-44","Male","European/Other",2,"Employed",1,1,2,3,2,5,4,"not disabled",4,8,8,4,1,4,5,5,9,5,5,"No",12,4,2,2,5,4,5,8,3,0,1,1,2,3,0,0,4,0,1
454,4057.331,2018,"25-34","Male","European/Other",1,"Employed",0,0,0,3,2,10,6,"not disabled",7,8,7,3,1,3,4,7,8,5,6,"No",17,1,1,4,4,5,5,0,3,0,0,3,3,2,0,0,4,0,1
455,2524.062,2018,"35-44","Male","European/Other",4,"Employed",0,1,2,1,2,2,2,"Disabled",8,8,9,4,2,5,5,8,7,3,5,"Yes",10,2,2,0,3,5,1,1,8,0,0,1,1,3,0,1,4,1,1
456,8810.949,2018,"55-64","Female","European/Other",2,"Employed",1,0,0,1,3,9,1,"not disabled",9,7,8,3,1,5,5,8,8,6,5,"Yes",18,1,2,4,5,5,5,10,3,0,0,4,1,5,1,0,4,1,1
457,5138.559,2018,"65+","Male","European/Other",1,"Employed",1,0,0,2,1,2,6,"not disabled",5,9,9,4,1,3,5,7,7,5,6,"Yes",20,3,2,0,5,5,5,9,2,0,0,1,2,6,0,0,4,1,1
458,2773.846,2018,"55-64","Female","European/Other",1,"Employed",1,0,0,2,2,4,1,"not disabled",9,8,8,3,1,1,5,7,9,3,3,"Yes",20,2,1,0,4,5,4,6,5,1,0,1,2,5,1,0,4,1,1
459,5671.453,2018,"15-24","Female","European/Other",1,"Employed",0,0,0,3,1,4,2,"not disabled",5,9,8,4,2,4,3,7,9,6,6,"Not Eligible",17,1,1,0,3,5,4,2,8,0,1,1,2,1,1,0,4,99,1
460,6148.361,2018,"55-64","Male","European/Other",3,"Employed",1,1,1,1,3,10,3,"not disabled",5,7,8,2,4,5,3,3,6,4,5,"Yes",14,2,1,0,4,5,5,7,2,1,1,1,1,5,0,0,4,1,1
461,6750.821,2018,"45-54","Female","European/Other",2,"Employed",0,0,0,3,1,3,6,"Disabled",7,7,7,2,1,4,3,2,4,0,6,"Not Eligible",8,3,2,4,2,4,4,7,8,1,0,3,4,4,1,1,4,99,1
462,2878.629,2018,"65+","Female","European/Other",1,"Employed",1,0,0,2,3,5,1,"not disabled",10,8,8,3,2,3,5,5,9,4,5,"Yes",15,2,1,0,5,5,3,7,8,0,0,1,3,6,1,0,4,1,1
463,3286.4,2018,"15-24","Female","European/Other",2,"Employed",1,0,0,3,2,7,1,"not disabled",6,8,8,5,1,5,5,9,10,10,10,"Yes",17,2,1,1,5,5,2,7,1,0,0,1,1,1,1,0,4,1,1
464,3381.454,2018,"25-34","Female","European/Other",1,"Employed",1,0,0,3,3,3,1,"not disabled",10,7,8,4,1,5,5,4,10,6,0,"No",19,1,2,4,5,5,1,6,8,0,0,1,4,2,1,0,4,0,1
465,8016.334,2018,"25-34","Female","European/Other",4,"Employed",0,0,0,2,3,1,1,"not disabled",10,9,9,4,1,5,5,9,9,8,7,"Yes",18,1,1,3,4,5,2,5,9,0,0,1,1,2,1,0,4,1,1
466,7259.298,2018,"45-54","Female","European/Other",2,"Employed",1,1,1,1,3,4,1,"not disabled",5,10,10,5,1,4,5,9,10,9,10,"Yes",20,1,1,0,5,5,5,5,3,0,0,1,1,4,1,0,4,1,1
467,1664.985,2018,"65+","Female","European/Other",1,"Employed",1,0,0,1,3,1,2,"not disabled",6,7,9,4,1,1,5,8,10,6,7,"Yes",17,1,1,1,4,4,3,2,8,1,0,1,1,6,1,0,4,1,1
468,1554.773,2018,"15-24","Male","European/Other",1,"Employed",0,0,0,3,1,9,1,"not disabled",1,8,10,4,2,5,5,9,9,2,9,"Not Eligible",17,3,2,0,3,4,2,10,2,0,1,1,1,1,0,0,4,99,1
469,2218.399,2018,"65+","Male","European/Other",2,"Employed",1,0,0,2,2,10,1,"Disabled",9,9,6,4,2,3,4,7,9,6,5,"Yes",17,1,1,0,4,5,5,7,3,0,0,1,3,6,0,1,4,1,1
470,6780.949,2018,"45-54","Female","European/Other",1,"Employed",1,1,2,1,3,4,6,"not disabled",8,8,9,4,1,3,5,5,8,7,6,"Yes",12,2,1,3,4,4,5,4,9,0,0,3,2,4,1,0,4,1,1
472,3290.84,2018,"45-54","Male","European/Other",1,"Employed",0,0,0,3,1,8,2,"not disabled",6,10,10,5,1,4,5,10,7,4,9,"Yes",17,99,1,1,5,5,5,10,9,0,0,1,1,4,0,0,4,1,1
473,2003.854,2018,"25-34","Male","European/Other",1,"Employed",1,1,2,1,2,7,1,"not disabled",5,8,7,3,3,4,3,3,8,3,5,"No",7,3,1,4,5,5,2,4,5,1,0,3,3,2,0,0,4,0,1
474,3995.68,2018,"65+","Female","European/Other",4,"Employed",1,0,0,2,2,3,1,"not disabled",8,8,8,3,1,2,5,9,10,7,7,"Yes",18,1,1,0,5,5,5,8,8,0,0,1,1,6,1,0,4,1,1
475,5804.18,2018,"25-34","Female","European/Other",3,"Employed",0,0,0,3,3,5,4,"not disabled",5,7,7,4,1,4,4,8,8,7,6,"Yes",13,1,1,4,4,5,5,8,9,0,1,2,2,2,1,0,4,1,1
476,5370.01,2018,"35-44","Female","European/Other",4,"Employed",1,1,2,1,3,10,4,"not disabled",5,5,5,3,1,3,4,5,5,5,6,"Yes",12,4,2,1,2,3,3,7,8,0,0,2,2,3,1,0,4,1,1
477,4778.132,2018,"35-44","Female","European/Other",3,"Employed",1,1,2,3,3,3,1,"not disabled",3,8,8,4,1,4,5,8,9,4,3,"Yes",13,99,1,1,3,3,2,8,9,0,0,1,3,3,1,0,4,1,1
478,3275.492,2018,"35-44","Female","European/Other",4,"Employed",1,1,2,1,3,3,1,"not disabled",7,7,7,4,1,3,5,2,5,5,5,"Yes",9,1,1,1,5,5,5,1,2,0,0,1,2,3,1,0,4,1,1
479,4663.508,2018,"65+","Male","European/Other",3,"Employed",0,0,0,1,3,4,1,"not disabled",7,8,8,4,1,4,4,8,7,5,7,"Yes",16,1,1,1,4,4,4,4,8,0,0,2,2,6,0,0,4,1,1
480,2839.697,2018,"65+","Male","European/Other",1,"Employed",0,0,0,2,1,5,1,"not disabled",5,9,9,5,1,1,5,6,8,5,5,"Yes",19,1,1,0,4,4,4,7,8,0,0,1,2,6,0,0,4,1,1
481,1677.978,2018,"15-24","Female","European/Other",1,"Employed",0,0,0,3,1,10,1,"not disabled",5,5,5,2,1,4,4,5,2,3,2,"Not Eligible",14,2,2,0,4,4,4,9,3,0,0,1,5,1,1,0,4,99,1
482,3480.268,2018,"65+","Female","European/Other",2,"Employed",1,0,0,2,1,7,1,"not disabled",10,7,8,4,1,3,3,4,7,2,0,"Yes",12,2,1,0,4,5,5,3,4,0,0,1,3,6,1,0,4,1,1
484,9327.432,2018,"55-64","Male","European/Other",2,"Employed",0,0,0,1,1,5,1,"not disabled",6,6,5,3,1,5,3,7,8,6,4,"Yes",8,3,1,0,3,4,4,6,3,0,1,3,4,5,0,0,4,1,1
485,3944.596,2018,"55-64","Male","European/Other",2,"Employed",1,0,0,2,3,2,6,"not disabled",3,8,8,2,1,4,3,8,9,3,5,"Yes",12,1,1,0,5,5,3,8,8,0,1,1,2,5,0,0,4,1,1
486,9207.07,2018,"25-34","Female","European/Other",2,"Employed",0,0,0,2,1,6,1,"not disabled",8,7,8,4,2,3,5,8,9,3,7,"Yes",14,1,2,1,4,4,1,9,3,0,0,1,1,2,1,0,4,1,1
487,5981.094,2018,"65+","Female","European/Other",1,"Employed",1,0,0,1,3,6,1,"not disabled",3,8,9,4,1,1,5,9,9,3,7,"Yes",19,1,1,0,5,5,4,5,3,0,0,1,1,6,1,0,4,1,1
488,4251.036,2018,"65+","Male","European/Other",2,"Employed",0,0,0,3,1,8,1,"not disabled",4,8,8,3,1,2,3,5,8,1,6,"Yes",15,99,1,3,4,4,4,7,2,1,0,2,2,6,0,0,4,1,1
489,1776.545,2018,"25-34","Male","European/Other",1,"Employed",1,1,4,1,2,8,2,"not disabled",4,8,8,3,3,3,4,7,8,6,8,"Yes",7,3,2,3,4,5,5,5,1,1,1,4,4,2,0,0,4,1,1
490,3552.262,2018,"65+","Female","European/Other",1,"Employed",1,0,0,2,1,9,1,"not disabled",7,10,9,3,1,2,4,7,8,4,7,"Yes",20,1,2,0,4,4,1,10,2,0,0,1,1,6,1,0,4,1,1
491,3610.708,2018,"45-54","Male","European/Other",2,"Employed",1,0,0,3,3,10,2,"not disabled",5,7,8,4,4,5,5,5,6,4,5,"Yes",12,4,2,4,5,5,5,8,5,0,0,1,3,4,0,0,4,1,1
492,2154.913,2018,"65+","Male","European/Other",3,"Employed",0,0,0,2,1,8,1,"not disabled",5,9,9,3,1,2,4,5,2,1,3,"Yes",18,2,1,0,4,5,4,6,5,0,0,3,3,6,0,0,4,1,1
493,1915.707,2018,"25-34","Female","European/Other",2,"Employed",1,1,2,3,2,8,3,"not disabled",5,6,5,3,2,2,4,7,10,2,5,"Yes",8,3,2,1,5,5,5,5,8,0,0,1,2,2,1,0,4,1,1
494,6411.122,2018,"65+","Male","European/Other",4,"Employed",0,0,0,1,2,7,1,"not disabled",4,9,10,4,2,5,5,8,10,8,10,"Yes",16,1,2,0,4,5,5,7,3,0,0,1,2,6,0,0,4,1,1
495,19946.47,2018,"65+","Male","European/Other",1,"Employed",0,0,0,2,1,7,1,"not disabled",10,10,10,5,1,2,4,6,7,6,6,"Yes",19,1,1,0,5,5,4,7,3,0,0,1,1,6,0,0,4,1,1
496,2491.706,2018,"45-54","Male","European/Other",2,"Employed",1,1,3,1,2,3,6,"not disabled",5,10,10,3,1,3,4,5,8,5,6,"Yes",17,1,1,0,5,5,4,4,5,0,0,1,1,4,0,0,4,1,1
497,1467.786,2018,"65+","Male","European/Other",2,"Employed",1,0,0,3,2,1,1,"not disabled",8,8,10,4,1,2,5,9,10,5,8,"Yes",17,1,2,1,4,4,4,7,8,0,0,1,1,6,0,0,4,1,1
498,9667.038,2018,"55-64","Male","European/Other",1,"Employed",1,0,0,3,2,1,1,"not disabled",10,10,10,3,1,3,5,5,9,3,2,"Yes",19,1,1,0,5,5,1,7,3,1,0,1,3,5,0,0,4,1,1
499,5633.511,2018,"15-24","Male","European/Other",1,"Employed",0,0,0,1,2,2,1,"not disabled",10,8,6,4,3,4,5,5,7,7,8,"Not Eligible",16,2,1,0,5,5,4,7,8,0,0,1,2,1,0,0,4,99,1
500,4577.918,2018,"45-54","Male","European/Other",1,"Employed",1,0,0,1,3,3,1,"not disabled",5,8,9,5,1,5,5,8,10,5,8,"Yes",15,3,2,3,5,5,5,5,3,0,0,1,1,4,0,0,4,1,1
501,8681.119,2018,"45-54","Male","European/Other",1,"Employed",1,0,0,3,3,6,1,"not disabled",7,4,8,3,1,5,5,6,8,5,5,"No",14,1,1,3,4,5,1,8,9,0,0,1,1,4,0,0,4,0,1
502,7406.529,2018,"45-54","Male","European/Other",3,"Employed",1,0,0,1,3,1,1,"not disabled",6,8,8,4,1,2,5,8,9,3,2,"Yes",19,1,1,0,5,5,2,8,3,0,0,1,2,4,0,0,4,1,1
503,9965.877,2018,"55-64","Male","European/Other",1,"Employed",0,0,0,3,1,10,1,"not disabled",5,3,5,1,1,2,4,4,6,0,0,"Yes",4,3,1,2,5,4,4,2,2,0,0,1,3,5,0,0,4,1,1
504,5059.219,2018,"65+","Female","European/Other",2,"Employed",1,0,0,1,2,4,6,"not disabled",8,8,9,3,1,3,4,7,10,7,8,"Yes",13,2,2,0,3,4,4,7,3,0,0,2,1,6,1,0,4,1,1
505,3980.1,2018,"15-24","Male","European/Other",1,"Employed",0,0,0,3,1,9,1,"not disabled",2,7,6,3,3,3,5,6,8,0,5,"Not Eligible",6,99,1,4,3,5,5,4,9,1,0,3,3,1,0,0,4,99,1
506,3753.226,2018,"35-44","Female","European/Other",1,"Employed",0,0,0,3,2,10,6,"not disabled",7,10,8,4,1,4,3,4,6,3,6,"Yes",12,1,1,0,4,4,4,2,3,0,1,1,2,3,1,0,4,1,1
507,4025.189,2018,"35-44","Male","European/Other",4,"Employed",1,1,2,3,3,1,1,"not disabled",5,10,10,5,2,4,3,7,10,4,5,"Yes",11,1,1,0,5,5,5,8,2,1,0,1,1,3,0,0,4,1,1
508,4351.515,2018,"15-24","Male","European/Other",1,"Employed",0,0,0,1,3,8,1,"not disabled",10,9,7,4,2,4,5,8,10,9,6,"Yes",18,1,1,0,5,5,5,7,2,0,0,1,1,1,0,0,4,1,1
509,5133.725,2018,"35-44","Female","European/Other",1,"Employed",1,1,2,2,3,1,1,"not disabled",5,9,9,4,2,1,5,8,8,4,7,"Yes",20,1,1,0,4,5,4,10,5,1,0,1,2,3,1,0,4,1,1
510,6018.26,2018,"65+","Male","European/Other",2,"Employed",0,0,0,2,1,3,1,"not disabled",5,7,7,4,1,2,4,7,8,7,10,"Yes",15,4,2,0,3,4,2,8,3,0,0,1,2,6,0,0,4,1,1
512,6799.519,2018,"45-54","Male","European/Other",4,"Employed",1,1,1,2,3,5,6,"not disabled",10,8,9,5,3,3,4,8,8,2,6,"Yes",15,2,1,0,4,5,5,9,3,0,0,1,2,4,0,0,4,1,1
513,4345.209,2018,"25-34","Female","European/Other",1,"Employed",1,1,2,3,1,7,6,"not disabled",7,10,10,3,1,4,5,8,10,5,8,"Yes",12,99,1,3,4,5,5,0,9,0,0,1,1,2,1,0,4,1,1
514,4607.192,2018,"65+","Male","European/Other",1,"Employed",1,0,0,2,1,9,1,"not disabled",10,8,8,2,4,5,4,7,9,6,8,"Yes",20,1,1,0,3,5,1,10,8,0,0,1,1,6,0,0,4,1,1
515,4146.383,2018,"65+","Male","European/Other",2,"Employed",0,0,0,3,1,10,6,"not disabled",6,10,10,4,1,2,4,10,10,0,1,"Yes",13,1,3,0,5,5,4,10,8,0,0,1,1,6,0,0,4,1,1
516,3188.895,2018,"25-34","Female","European/Other",1,"Employed",0,0,0,3,1,4,2,"not disabled",6,7,7,3,1,3,5,6,10,6,6,"No",12,2,2,2,5,5,5,8,9,0,0,1,1,2,1,0,4,0,1
517,2484.121,2018,"15-24","Male","European/Other",1,"Employed",1,1,2,3,1,9,1,"Disabled",5,7,10,3,4,5,3,2,10,5,6,"No",0,4,2,4,2,5,3,0,3,0,0,3,4,1,0,1,4,0,1
518,5603.625,2018,"45-54","Male","European/Other",1,"Employed",1,0,0,1,3,2,1,"not disabled",6,10,7,3,1,3,5,6,9,5,3,"No",13,2,1,3,4,5,5,1,3,0,0,1,3,4,0,0,4,0,1
519,5603.625,2018,"15-24","Male","European/Other",1,"Employed",0,0,0,3,1,10,1,"not disabled",4,9,10,3,2,4,3,5,5,0,0,"Yes",5,1,1,4,5,5,5,2,5,0,1,2,3,1,0,0,4,1,1
520,17894.5,2018,"25-34","Female","European/Other",1,"Employed",1,1,3,3,3,10,3,"not disabled",5,10,7,4,1,5,5,6,7,3,2,"Yes",16,2,1,2,4,5,5,5,8,0,0,2,2,2,1,0,4,1,1
521,2533.995,2018,"45-54","Female","European/Other",2,"Employed",1,1,1,3,3,2,4,"not disabled",3,8,8,5,1,4,4,6,9,7,5,"No",17,1,1,1,4,4,4,7,4,1,1,1,2,4,1,0,4,0,1
522,4540.907,2018,"45-54","Male","European/Other",3,"Employed",0,0,0,3,2,4,2,"not disabled",4,8,9,4,1,4,5,8,9,4,5,"Yes",17,2,1,1,4,5,5,4,9,0,0,2,2,4,0,0,4,1,1
523,3291.399,2018,"55-64","Male","European/Other",4,"Employed",0,0,0,1,3,10,1,"not disabled",10,8,10,2,3,5,4,5,8,3,0,"Yes",17,2,1,0,4,4,4,7,5,1,0,2,2,5,0,0,4,1,1
524,1511.59,2018,"35-44","Male","European/Other",4,"Employed",0,0,0,2,1,2,6,"not disabled",8,7,5,4,1,4,4,8,6,5,6,"No",11,1,1,0,5,5,4,5,3,0,1,3,2,3,0,0,4,0,1
525,12048.75,2018,"25-34","Male","European/Other",2,"Employed",0,1,1,3,1,10,5,"not disabled",0,5,7,4,1,2,4,2,8,6,5,"No",0,99,1,2,5,5,5,3,9,0,0,2,2,2,0,0,4,0,1
526,1612.295,2018,"15-24","Female","European/Other",1,"Employed",1,1,1,3,3,9,1,"not disabled",5,9,9,4,2,5,5,2,8,2,2,"No",15,2,2,4,3,4,3,5,4,1,1,2,2,1,1,0,4,0,1
527,5501.636,2018,"25-34","Female","European/Other",1,"Employed",1,1,2,3,3,9,3,"not disabled",8,7,10,4,2,5,5,8,8,5,5,"No",14,2,1,2,5,5,5,5,5,1,0,2,4,2,1,0,4,0,1
528,6245.736,2018,"65+","Female","European/Other",1,"Employed",0,0,0,1,1,7,1,"not disabled",6,5,5,2,1,2,4,1,7,4,6,"Yes",4,3,3,0,4,5,4,2,3,0,0,4,2,6,1,0,4,1,1
529,16587.88,2018,"65+","Male","European/Other",2,"Employed",1,0,0,3,2,7,6,"not disabled",5,9,5,1,1,3,4,3,10,4,4,"Yes",12,4,2,1,3,5,5,4,2,0,0,1,2,6,0,0,4,1,1
530,2131.561,2018,"25-34","Female","European/Other",3,"Employed",1,1,1,1,2,7,1,"not disabled",7,10,8,5,1,3,5,7,8,5,5,"Yes",19,1,1,0,5,5,5,8,3,0,0,1,1,2,1,0,4,1,1
531,3717.179,2018,"15-24","Male","European/Other",2,"Employed",1,0,0,3,2,7,2,"not disabled",8,5,7,3,1,3,5,8,10,6,6,"Yes",15,99,2,3,5,5,4,8,4,0,0,3,1,1,0,0,4,1,1
532,11598.25,2018,"55-64","Female","European/Other",3,"Employed",0,0,0,3,1,6,1,"not disabled",4,8,8,4,2,2,3,6,5,8,4,"No",14,2,2,1,2,5,4,3,2,0,0,1,2,5,1,0,4,0,1
533,7159.373,2018,"35-44","Female","European/Other",4,"Employed",0,1,3,1,2,2,1,"not disabled",9,7,7,3,3,5,5,8,9,6,7,"Yes",11,2,1,0,5,5,5,8,1,0,0,2,2,3,1,0,4,1,1
534,11343.56,2018,"25-34","Male","European/Other",4,"Employed",0,0,0,2,2,6,6,"not disabled",9,6,7,5,1,4,5,6,7,6,6,"Yes",14,2,1,0,5,4,5,4,1,0,1,1,2,2,0,0,4,1,1
535,4958.636,2018,"65+","Male","European/Other",2,"Employed",0,0,0,2,1,10,6,"not disabled",8,8,8,3,1,5,5,8,9,6,5,"Yes",20,1,1,0,5,5,4,9,3,0,0,2,2,6,0,0,4,1,1
536,19255.25,2018,"45-54","Female","European/Other",2,"Employed",1,0,0,1,1,10,6,"not disabled",8,7,7,4,1,4,3,5,4,1,4,"No",10,1,1,0,5,5,1,0,8,0,0,1,2,4,1,0,4,0,1
537,11145.01,2018,"65+","Female","European/Other",2,"Employed",1,0,0,2,1,7,1,"not disabled",7,9,10,3,1,2,4,7,8,6,5,"Yes",20,1,1,0,5,5,5,10,8,0,0,1,2,6,1,0,4,1,1
538,10132.42,2018,"65+","Male","European/Other",1,"Employed",0,0,0,2,1,4,2,"not disabled",5,4,4,1,1,2,4,8,9,2,3,"Yes",19,1,1,0,5,4,1,9,8,0,0,2,1,6,0,0,4,1,1
539,7058.818,2018,"45-54","Female","European/Other",2,"Employed",1,0,0,1,3,8,1,"not disabled",7,8,9,3,1,5,4,8,6,3,5,"No",20,1,2,1,5,5,4,0,8,0,0,1,2,4,1,0,4,0,1
540,13960.11,2018,"65+","Female","European/Other",3,"Employed",0,1,2,1,3,3,6,"not disabled",8,9,8,4,1,3,4,5,8,7,8,"Yes",14,3,1,0,4,3,3,7,8,0,0,3,3,6,1,0,4,1,1
541,8289.541,2018,"65+","Male","European/Other",1,"Employed",1,0,0,2,2,8,1,"not disabled",8,9,8,4,1,4,5,8,6,7,6,"Yes",20,2,1,0,4,4,5,8,2,0,0,1,2,6,0,0,4,1,1
542,7115.852,2018,"65+","Male","European/Other",1,"Employed",0,0,0,2,1,4,1,"not disabled",10,8,7,4,2,2,5,8,8,2,5,"Yes",16,1,1,0,4,5,1,7,4,0,0,2,2,6,0,0,4,1,1
543,10274.55,2018,"55-64","Female","European/Other",4,"Employed",1,0,0,2,3,4,1,"not disabled",10,8,8,1,1,1,3,7,7,2,3,"Yes",20,2,1,0,4,4,1,7,4,0,0,1,3,5,1,0,4,1,1
544,5952.263,2018,"35-44","Female","European/Other",4,"Employed",0,0,0,1,3,9,1,"not disabled",4,7,8,3,1,2,4,6,8,4,7,"Yes",17,4,2,1,4,4,5,3,3,0,1,2,1,3,1,0,4,1,1
545,2033.833,2018,"45-54","Female","European/Other",2,"Employed",1,0,0,1,3,1,2,"not disabled",8,8,7,4,1,4,5,7,9,6,6,"Yes",18,1,1,0,4,5,5,8,5,0,0,1,1,4,1,0,4,1,1
546,1629.689,2018,"35-44","Male","European/Other",2,"Employed",0,0,0,3,1,4,1,"not disabled",7,7,7,2,1,3,4,6,8,4,5,"Yes",13,1,2,3,4,5,1,8,4,0,0,3,3,3,0,0,4,1,1
547,1993.753,2018,"15-24","Male","European/Other",1,"Employed",0,0,0,3,2,5,5,"not disabled",3,6,8,4,1,3,5,9,9,7,7,"Not Eligible",15,1,1,0,4,4,5,2,8,0,0,2,1,1,0,0,4,99,1
548,8350.045,2018,"55-64","Female","European/Other",3,"Employed",0,0,0,2,3,1,2,"not disabled",7,7,8,4,1,4,4,5,7,5,6,"Yes",14,2,1,0,5,5,4,6,3,0,0,1,2,5,1,0,4,1,1
549,3874.671,2018,"25-34","Female","European/Other",4,"Employed",1,0,0,3,2,8,4,"not disabled",4,5,3,4,1,4,3,8,7,6,7,"No",3,1,1,1,4,4,4,0,9,0,1,3,3,2,1,0,4,0,1
550,14664.76,2018,"45-54","Male","European/Other",1,"Employed",0,0,0,3,3,9,1,"Disabled",7,5,8,3,2,4,4,4,8,5,7,"Yes",5,1,1,0,4,4,4,10,8,0,0,1,2,4,0,1,4,1,1
551,6364.592,2018,"15-24","Female","European/Other",1,"Employed",0,0,0,3,2,9,2,"not disabled",1,8,6,4,2,5,3,6,3,0,1,"Yes",7,2,2,1,4,4,4,7,5,1,1,1,3,1,1,0,4,1,1
552,3912.951,2018,"35-44","Female","European/Other",4,"Employed",1,1,1,3,3,4,4,"not disabled",5,7,7,3,1,3,4,7,7,5,7,"No",16,1,1,3,3,4,4,4,8,0,0,2,3,3,1,0,4,0,1
553,6547.482,2018,"35-44","Male","European/Other",4,"Employed",1,0,0,1,2,9,6,"Disabled",6,8,8,1,1,4,5,7,10,3,10,"Yes",11,99,1,1,2,4,4,5,9,0,0,2,2,3,0,1,4,1,1
554,5899.223,2018,"55-64","Female","European/Other",1,"Employed",1,0,0,3,1,9,1,"not disabled",2,10,10,4,1,5,3,5,0,0,0,"No",15,3,2,0,5,5,5,5,2,1,0,1,5,5,1,0,4,0,1
555,8746.339,2018,"65+","Male","European/Other",3,"Employed",0,0,0,2,1,3,2,"not disabled",6,9,8,4,1,4,4,5,9,4,5,"Yes",16,1,1,0,4,4,4,10,3,0,0,2,1,6,0,0,4,1,1
556,16109.9,2018,"55-64","Female","European/Other",2,"Employed",0,0,0,2,1,1,1,"not disabled",10,10,10,3,1,3,5,7,10,5,5,"Yes",12,1,2,0,5,5,3,5,8,0,0,1,2,5,1,0,4,1,1
557,8393.329,2018,"45-54","Male","European/Other",1,"Employed",1,1,2,3,2,4,1,"not disabled",5,5,5,4,1,1,3,4,7,2,1,"Yes",10,1,1,0,4,4,2,3,3,0,0,3,5,4,0,0,4,1,1
558,3959.174,2018,"65+","Male","European/Other",1,"Employed",0,0,0,3,1,8,6,"Disabled",8,10,10,3,3,4,5,7,8,4,8,"Yes",11,3,1,0,5,5,5,7,3,0,0,1,1,6,0,1,4,1,1
559,2802.72,2018,"35-44","Female","European/Other",1,"Employed",1,1,1,2,2,2,5,"not disabled",2,10,10,3,1,4,4,8,6,8,6,"No",16,2,2,2,4,4,4,5,4,0,1,1,1,3,1,0,4,0,1
560,2802.72,2018,"25-34","Male","European/Other",1,"Employed",0,0,0,1,3,5,1,"not disabled",5,7,10,3,3,5,4,8,6,2,5,"Yes",10,1,2,0,3,4,4,2,4,1,1,3,3,2,0,0,4,1,1
561,6322.797,2018,"55-64","Male","European/Other",2,"Employed",1,0,0,1,3,1,1,"not disabled",2,7,8,3,1,4,5,5,6,5,5,"Yes",16,2,1,1,5,5,5,4,9,0,0,2,2,5,0,0,4,1,1
562,12677.73,2018,"45-54","Male","European/Other",1,"Employed",0,1,1,3,1,7,1,"not disabled",6,5,6,2,1,2,4,2,9,2,3,"Yes",7,99,1,3,4,4,4,8,4,0,0,2,2,4,0,0,4,1,1
563,19957.04,2018,"55-64","Female","European/Other",2,"Employed",1,0,0,3,2,8,6,"Disabled",7,8,9,3,1,4,5,9,10,4,10,"Yes",15,3,1,2,5,5,5,9,4,0,0,3,1,5,1,1,4,1,1
564,5713.297,2018,"45-54","Male","European/Other",4,"Employed",0,0,0,1,2,9,2,"not disabled",5,7,8,2,1,5,4,6,8,3,3,"Yes",9,1,1,0,4,5,2,5,3,0,1,2,2,4,0,0,4,1,1
565,11522.94,2018,"25-34","Female","European/Other",2,"Employed",1,1,2,3,2,5,1,"Disabled",6,10,8,4,3,4,5,5,0,5,3,"Yes",13,4,3,4,4,4,1,4,1,0,1,1,2,2,1,1,4,1,1
566,9754.286,2018,"65+","Male","European/Other",1,"Employed",1,0,0,1,1,5,2,"not disabled",6,8,9,4,1,2,5,7,8,5,5,"Yes",15,1,1,0,5,5,5,1,8,0,0,1,1,6,0,0,4,1,1
567,7699.927,2018,"15-24","Male","European/Other",1,"Employed",0,0,0,3,1,10,2,"not disabled",9,7,8,4,2,4,4,5,7,4,3,"Not Eligible",4,3,2,0,5,5,4,5,3,0,0,1,3,1,0,0,4,99,1
568,8405.247,2018,"55-64","Female","European/Other",1,"Employed",1,0,0,2,2,10,1,"not disabled",7,7,8,4,2,3,5,6,9,0,1,"Yes",15,2,1,0,5,5,2,6,4,0,0,3,1,5,1,0,4,1,1
569,3274.704,2018,"65+","Male","European/Other",1,"Employed",1,0,0,1,3,7,1,"not disabled",5,10,10,4,1,3,5,7,8,4,6,"Yes",18,1,1,0,5,5,5,9,8,0,0,1,1,6,0,0,4,1,1
570,7564.723,2018,"65+","Male","European/Other",1,"Employed",0,0,0,2,3,4,1,"Disabled",9,4,2,2,1,4,4,8,9,2,7,"Yes",20,1,1,0,1,2,1,1,3,0,0,2,2,6,0,1,4,1,1
571,3480.732,2018,"45-54","Male","European/Other",4,"Employed",1,0,0,2,3,4,6,"not disabled",7,9,9,4,1,3,5,7,8,4,7,"Yes",20,2,1,2,5,5,5,7,9,0,1,2,2,4,0,0,4,1,1
572,11883.99,2018,"45-54","Male","European/Other",2,"Employed",0,1,3,3,1,5,1,"not disabled",9,9,7,4,1,4,5,5,7,4,7,"Yes",14,1,1,1,5,5,1,7,8,1,0,1,1,4,0,0,4,1,1
573,19883.52,2018,"65+","Male","European/Other",1,"Employed",0,0,0,2,1,9,1,"not disabled",6,10,10,3,1,4,4,9,5,6,8,"Yes",12,2,1,0,4,4,4,8,2,0,0,1,2,6,0,0,4,1,1
574,5821.113,2018,"65+","Female","European/Other",1,"Employed",0,0,0,2,1,10,2,"not disabled",8,10,10,5,1,1,4,7,9,3,5,"Yes",9,1,1,2,3,4,4,7,9,0,0,1,4,6,1,0,4,1,1
575,4154.524,2018,"35-44","Female","European/Other",2,"Employed",1,1,1,1,3,2,1,"not disabled",5,9,8,4,2,5,5,6,8,1,3,"Yes",15,1,1,0,5,5,5,6,3,0,0,1,1,3,1,0,4,1,1
576,5632.548,2018,"65+","Male","European/Other",3,"Employed",0,0,0,2,1,7,6,"not disabled",7,7,8,3,1,2,5,7,8,3,4,"Yes",15,1,1,0,4,4,4,8,3,0,0,1,2,6,0,0,4,1,1
577,7462.986,2018,"65+","Female","European/Other",1,"Employed",1,0,0,2,1,5,1,"not disabled",8,9,8,2,1,3,4,8,8,7,7,"Yes",16,2,1,1,5,5,5,8,8,0,0,1,2,6,1,0,4,1,1
578,4993.73,2018,"65+","Male","European/Other",4,"Employed",1,0,0,1,3,7,1,"not disabled",5,6,9,4,1,5,5,7,8,8,8,"Yes",16,1,1,0,4,4,2,7,3,0,1,1,1,6,0,0,4,1,1
579,5871.886,2018,"65+","Male","European/Other",1,"Employed",0,0,0,3,1,10,1,"Disabled",9,10,10,2,1,2,3,6,10,10,8,"Yes",11,1,2,1,4,5,4,8,3,0,0,1,2,6,0,1,4,1,1
580,5579.802,2018,"35-44","Male","European/Other",4,"Employed",1,1,2,1,2,7,6,"not disabled",6,8,8,4,1,4,5,6,7,6,7,"Yes",14,1,1,0,4,4,5,0,4,0,0,1,1,3,0,0,4,1,1
581,7686.255,2018,"65+","Female","European/Other",1,"Employed",0,0,0,2,2,10,2,"not disabled",10,10,10,4,1,1,3,8,7,0,0,"Yes",20,1,1,0,5,5,1,10,8,0,0,1,2,6,1,0,4,1,1
582,3222.019,2018,"25-34","Male","European/Other",4,"Employed",1,0,0,3,3,6,5,"not disabled",6,9,8,4,1,4,4,7,9,6,8,"No",16,99,2,1,5,5,5,3,9,0,1,1,2,2,0,0,4,0,1
583,5512.89,2018,"65+","Female","European/Other",2,"Employed",1,0,0,1,2,6,1,"not disabled",7,10,10,5,2,4,5,5,9,6,7,"Yes",20,2,1,1,5,5,5,5,3,0,0,1,2,6,1,0,4,1,1
584,10804.92,2018,"45-54","Male","European/Other",4,"Employed",1,1,2,1,3,8,1,"not disabled",7,6,7,3,1,3,5,7,8,5,8,"Yes",16,2,1,0,4,5,4,3,8,1,0,2,2,4,0,0,4,1,1
585,5352.29,2018,"65+","Male","European/Other",1,"Employed",1,0,0,1,3,9,1,"not disabled",10,9,10,4,1,5,4,8,9,7,8,"Yes",18,2,1,0,5,5,4,0,3,0,0,1,2,6,0,0,4,1,1
586,21993.29,2018,"55-64","Female","European/Other",1,"Employed",0,0,0,3,1,3,1,"not disabled",5,8,8,3,1,2,4,8,9,3,5,"Yes",19,3,2,1,4,4,5,2,3,0,0,1,2,5,1,0,4,1,1
587,6396.066,2018,"65+","Female","European/Other",1,"Employed",1,0,0,1,1,10,1,"not disabled",5,7,7,4,2,3,4,8,7,4,6,"Yes",14,1,1,0,4,4,3,6,2,0,0,1,2,6,1,0,4,1,1
588,4931.185,2018,"55-64","Male","European/Other",4,"Employed",0,0,0,1,2,1,1,"not disabled",4,6,7,4,1,5,5,8,8,7,7,"Yes",6,2,2,1,5,5,5,10,8,0,0,2,3,5,0,0,4,1,1
589,6554.406,2018,"65+","Male","European/Other",1,"Employed",0,0,0,2,1,6,1,"not disabled",8,8,8,2,1,4,5,8,8,6,7,"Yes",15,2,1,0,5,5,5,5,5,0,0,2,2,6,0,0,4,1,1
590,3226.909,2018,"65+","Male","European/Other",3,"Employed",1,0,0,2,2,3,6,"not disabled",9,10,10,3,1,4,4,5,8,7,7,"Yes",17,1,1,0,5,5,5,4,8,0,0,1,2,6,0,0,4,1,1
591,10628.81,2018,"55-64","Male","European/Other",1,"Employed",0,0,0,3,1,5,1,"not disabled",5,5,7,5,1,3,5,8,10,3,3,"Yes",5,1,1,0,5,5,1,1,8,0,0,2,2,5,0,0,4,1,1
592,6291.237,2018,"35-44","Female","European/Other",4,"Employed",1,1,2,3,2,6,5,"not disabled",6,6,7,4,1,3,5,8,10,7,9,"Yes",8,4,3,2,1,5,5,8,8,0,0,1,1,3,1,0,4,1,1
594,2265.099,2018,"65+","Female","European/Other",2,"Employed",0,0,0,2,2,4,1,"not disabled",10,9,8,4,1,1,5,4,8,4,2,"Yes",20,1,1,0,5,4,5,1,3,0,0,1,2,6,1,0,4,1,1
595,6102.019,2018,"45-54","Female","European/Other",4,"Employed",1,0,0,1,2,7,6,"not disabled",7,8,9,3,2,3,4,5,8,6,6,"Yes",18,2,1,0,4,4,4,7,4,1,0,1,2,4,1,0,4,1,1
596,15005.44,2018,"45-54","Female","European/Other",1,"Employed",1,0,0,3,2,1,1,"not disabled",6,8,8,5,2,3,5,7,7,6,7,"No",20,3,2,0,4,5,5,5,3,0,0,1,2,4,1,0,4,0,1
597,8553.338,2018,"25-34","Female","European/Other",1,"Employed",1,0,0,1,2,8,6,"not disabled",4,7,8,3,1,2,5,6,10,6,7,"No",14,3,1,4,5,5,5,7,9,0,1,1,2,2,1,0,4,0,1
598,6830.843,2018,"15-24","Male","European/Other",1,"Employed",0,0,0,1,3,7,1,"not disabled",4,8,9,5,1,5,5,9,10,7,10,"Not Eligible",18,1,1,1,5,5,5,4,1,0,0,1,1,1,0,0,4,99,1
599,6839.091,2018,"35-44","Female","European/Other",3,"Employed",1,0,0,1,3,5,1,"not disabled",5,8,10,3,1,3,4,7,9,5,7,"Yes",18,1,2,0,5,5,3,7,3,0,0,1,2,3,1,0,4,1,1
600,8457.187,2018,"45-54","Male","European/Other",3,"Employed",1,1,1,1,3,3,2,"not disabled",4,7,7,2,1,3,5,8,8,6,6,"Yes",11,2,2,0,5,5,3,5,3,0,0,1,1,4,0,0,4,1,1
601,3355.719,2018,"65+","Female","European/Other",1,"Employed",0,0,0,3,1,8,1,"not disabled",7,7,10,5,4,4,4,6,9,7,5,"Yes",8,1,1,0,5,5,5,10,8,0,0,3,2,6,1,0,4,1,1
602,5437.979,2018,"55-64","Male","European/Other",4,"Employed",1,0,0,1,3,3,2,"not disabled",8,7,10,4,1,4,5,5,9,6,7,"Yes",16,1,1,0,5,4,5,7,3,0,1,1,2,5,0,0,4,1,1
603,5725.02,2018,"45-54","Male","European/Other",1,"Employed",1,0,0,2,2,7,1,"not disabled",5,9,8,5,1,3,5,8,7,5,8,"Yes",12,1,1,0,5,5,5,5,3,0,0,1,1,4,0,0,4,1,1
604,5551.534,2018,"35-44","Female","European/Other",2,"Employed",1,1,3,3,2,8,1,"not disabled",5,10,10,4,2,5,5,6,8,7,7,"Yes",9,2,2,0,4,4,4,4,4,1,0,1,3,3,1,0,4,1,1
605,14783.53,2018,"65+","Female","European/Other",2,"Employed",1,0,0,2,1,3,2,"not disabled",8,8,8,4,1,2,4,5,3,2,2,"Yes",18,1,1,1,4,4,4,8,3,0,0,1,2,6,1,0,4,1,1
606,8208.904,2018,"35-44","Female","European/Other",4,"Employed",1,1,2,2,3,2,6,"not disabled",7,8,7,4,1,2,4,4,6,5,5,"Yes",17,1,1,0,4,4,4,7,3,0,0,1,3,3,1,0,4,1,1
607,6215.988,2018,"45-54","Female","European/Other",2,"Employed",0,0,0,1,3,5,2,"not disabled",7,7,8,4,1,3,4,7,9,0,6,"Yes",19,2,1,0,5,4,4,7,3,0,0,1,1,4,1,0,4,1,1
608,4349.893,2018,"15-24","Male","European/Other",1,"Employed",0,0,0,3,1,9,1,"not disabled",9,7,9,3,1,2,4,9,9,9,6,"Not Eligible",13,4,2,0,4,4,4,10,5,0,0,1,1,1,0,0,4,99,1
609,2741.002,2018,"65+","Male","European/Other",4,"Employed",1,0,0,2,2,2,1,"not disabled",10,8,9,4,2,4,5,8,9,7,6,"Yes",15,2,1,1,3,4,1,8,9,0,0,1,1,6,0,0,4,1,1
610,8762.069,2018,"15-24","Female","European/Other",1,"Employed",0,0,0,3,1,10,1,"not disabled",5,3,7,5,1,4,5,7,9,7,10,"Not Eligible",15,1,2,0,5,4,4,6,1,1,0,1,3,1,1,0,4,99,1
611,4095.062,2018,"55-64","Female","European/Other",2,"Employed",1,0,0,1,3,6,1,"not disabled",8,8,9,3,1,3,5,6,9,7,6,"Yes",20,1,1,0,4,4,3,9,8,0,0,1,2,5,1,0,4,1,1
612,5419.143,2018,"65+","Female","European/Other",2,"Employed",0,0,0,2,1,7,6,"not disabled",7,8,10,4,1,2,4,8,10,7,6,"Yes",16,2,1,0,5,5,5,10,3,0,0,1,1,6,1,0,4,1,1
613,2799.894,2018,"25-34","Male","European/Other",4,"Employed",1,1,1,2,3,4,5,"not disabled",4,10,10,4,1,4,4,6,7,8,5,"Yes",14,1,1,0,5,5,5,7,3,0,0,1,2,2,0,0,4,1,1
614,3328.574,2018,"25-34","Male","European/Other",1,"Employed",1,1,1,1,2,9,1,"not disabled",9,10,10,5,2,4,4,6,7,3,6,"Yes",17,99,1,2,4,5,3,2,9,1,0,2,2,2,0,0,4,1,1
615,9417.809,2018,"35-44","Female","European/Other",3,"Employed",1,1,1,3,1,7,1,"not disabled",5,8,7,5,1,3,4,8,10,5,6,"Yes",18,1,1,3,3,5,5,3,9,0,0,1,1,3,1,0,4,1,1
616,2242.285,2018,"55-64","Female","European/Other",3,"Employed",0,0,0,2,3,6,1,"not disabled",8,10,10,5,2,5,5,7,10,6,5,"Yes",18,1,2,0,5,5,1,10,3,0,0,1,1,5,1,0,4,1,1
617,3572.866,2018,"15-24","Male","European/Other",1,"Employed",0,0,0,3,3,9,2,"not disabled",5,6,9,3,2,4,4,6,8,7,6,"Not Eligible",15,2,2,1,4,4,4,5,3,0,0,1,2,1,0,0,4,99,1
618,3779.673,2018,"45-54","Female","European/Other",1,"Employed",1,0,0,1,2,8,6,"not disabled",4,4,5,3,1,4,5,2,3,0,0,"Yes",12,2,1,2,4,5,4,3,9,0,1,3,1,4,1,0,4,1,1
620,1233.887,2018,"25-34","Female","European/Other",1,"Employed",0,0,0,1,2,6,1,"not disabled",5,8,9,3,1,3,5,7,9,7,7,"Yes",18,3,3,2,5,5,5,5,3,0,0,1,2,2,1,0,4,1,1
621,5769.563,2018,"55-64","Female","European/Other",2,"Employed",1,0,0,2,3,2,1,"not disabled",8,9,9,4,1,2,4,7,7,4,5,"Yes",20,2,1,0,5,5,4,2,8,0,0,1,1,5,1,0,4,1,1
622,2909.16,2018,"25-34","Male","European/Other",4,"Employed",1,0,0,1,3,3,6,"not disabled",3,8,8,3,1,5,3,8,9,8,7,"Yes",16,99,1,2,4,5,5,6,9,1,1,1,1,2,0,0,4,1,1
623,1409.428,2018,"45-54","Female","European/Other",3,"Employed",1,0,0,2,3,5,6,"not disabled",10,9,8,4,1,3,4,7,8,5,5,"Yes",19,1,2,0,3,4,2,5,3,0,0,1,1,4,1,0,4,1,1
624,4473.962,2018,"35-44","Female","European/Other",3,"Employed",1,1,1,1,3,5,6,"not disabled",5,8,8,3,1,4,4,8,7,6,5,"Yes",20,1,1,0,5,4,5,9,2,0,0,1,3,3,1,0,4,1,1
625,2842.421,2018,"65+","Female","European/Other",2,"Employed",1,0,0,2,2,9,2,"Disabled",10,10,10,5,3,4,4,8,10,5,8,"Yes",20,1,1,0,5,5,1,10,8,0,0,1,1,6,1,1,4,1,1
626,4597.662,2018,"45-54","Male","European/Other",2,"Employed",1,1,2,1,2,5,6,"not disabled",7,9,8,3,1,3,3,8,10,9,10,"Yes",16,2,1,1,4,4,4,7,8,0,0,1,1,4,0,0,4,1,1
627,2502.686,2018,"45-54","Male","European/Other",1,"Employed",0,0,0,3,1,8,1,"not disabled",8,5,3,1,2,3,5,4,9,3,5,"Yes",3,4,1,1,4,4,4,2,1,1,1,5,1,4,0,0,4,1,1
628,9600.874,2018,"25-34","Male","European/Other",1,"Employed",1,0,0,3,2,7,1,"Disabled",6,4,5,1,1,3,3,5,7,4,5,"No",11,1,1,3,4,4,3,3,3,0,1,4,3,2,0,1,4,0,1
629,3969.759,2018,"25-34","Female","European/Other",4,"Employed",1,1,1,1,3,8,5,"not disabled",9,10,10,4,1,2,5,6,7,5,5,"Yes",14,1,2,1,5,4,4,4,3,0,1,3,1,2,1,0,4,1,1
630,7574.547,2018,"65+","Female","European/Other",2,"Employed",1,0,0,2,1,6,1,"not disabled",5,8,7,3,1,4,4,6,6,5,3,"Yes",16,1,1,0,4,4,4,3,3,0,0,1,4,6,1,0,4,1,1
631,4331.652,2018,"65+","Male","European/Other",2,"Employed",0,0,0,2,3,10,1,"not disabled",10,8,10,4,1,4,5,7,8,3,3,"Yes",19,1,1,0,4,5,5,5,3,0,0,1,1,6,0,0,4,1,1
632,3491.362,2018,"35-44","Male","European/Other",3,"Employed",1,1,2,3,2,6,1,"not disabled",2,10,9,3,1,2,4,5,7,5,5,"No",11,4,1,1,5,5,2,4,4,0,0,1,1,3,0,0,4,0,1
633,4116.556,2018,"45-54","Female","European/Other",4,"Employed",0,0,0,1,3,6,2,"Disabled",10,7,7,3,1,2,3,8,7,3,3,"Yes",19,1,1,1,5,5,4,0,9,0,0,1,3,4,1,1,4,1,1
634,7926.789,2018,"25-34","Male","European/Other",1,"Employed",1,1,2,3,2,7,1,"not disabled",8,9,9,5,1,3,3,7,10,3,4,"No",9,2,2,4,3,5,1,7,3,0,1,3,2,2,0,0,4,0,1
635,4617.834,2018,"35-44","Male","European/Other",4,"Employed",1,1,3,3,2,7,1,"Disabled",2,3,6,3,2,5,4,7,8,9,5,"Yes",0,3,1,1,3,4,1,6,5,0,1,3,3,3,0,1,4,1,1
636,4546.467,2018,"25-34","Male","European/Other",2,"Employed",1,1,1,3,2,8,4,"not disabled",8,8,8,4,1,4,2,8,10,10,6,"No",18,2,3,4,2,5,1,6,9,0,1,3,4,2,0,0,4,0,1
637,15766.04,2018,"55-64","Female","European/Other",3,"Employed",1,0,0,3,3,6,6,"not disabled",5,8,8,4,1,5,5,8,9,5,7,"Yes",17,1,1,1,4,5,5,6,3,0,0,1,2,5,1,0,4,1,1
638,4973.434,2018,"65+","Male","European/Other",4,"Employed",0,0,0,2,1,3,1,"not disabled",5,8,8,4,1,4,5,5,7,6,5,"Yes",15,1,1,0,4,5,4,8,3,0,0,1,2,6,0,0,4,1,1
639,7052.402,2018,"65+","Male","European/Other",1,"Employed",0,0,0,3,1,9,2,"Disabled",8,10,9,2,1,4,5,6,8,8,7,"No",18,1,1,0,4,4,4,9,3,0,0,3,2,6,0,1,4,0,1
640,6554.268,2018,"65+","Male","European/Other",1,"Employed",0,0,0,1,1,4,2,"not disabled",7,8,8,3,1,5,5,6,8,7,6,"Yes",9,3,1,0,3,5,5,7,3,0,0,2,3,6,0,0,4,1,1
641,1421.475,2018,"25-34","Female","European/Other",4,"Employed",0,0,0,3,3,7,2,"not disabled",5,8,10,3,1,4,5,8,7,6,5,"Yes",13,4,2,3,5,5,5,0,3,0,0,1,2,2,1,0,4,1,1
642,3975.247,2018,"35-44","Female","European/Other",1,"Employed",0,0,0,1,3,3,5,"not disabled",3,8,8,5,1,3,5,9,8,7,7,"No",20,1,1,0,5,5,4,3,8,0,0,2,3,3,1,0,4,0,1
643,4215.864,2018,"25-34","Male","European/Other",2,"Employed",1,1,2,1,2,8,1,"not disabled",8,7,8,3,1,3,5,7,9,4,8,"Yes",12,99,1,4,5,5,4,6,9,0,0,2,2,2,0,0,4,1,1
644,2989.395,2018,"65+","Female","European/Other",4,"Employed",1,0,0,2,3,3,1,"not disabled",10,8,7,4,1,4,5,8,8,5,7,"Yes",19,2,1,0,4,5,4,7,3,0,0,1,3,6,1,0,4,1,1
645,134.3099,2018,"55-64","Female","Maori",3,"Unemployed",1,0,0,1,3,5,1,"not disabled",8,7,8,3,2,4,5,6,7,4,4,"Yes",17,2,2,0,3,5,4,7,3,0,0,1,1,5,1,0,1,1,2
646,223.3826,2018,"35-44","Female","Maori",2,"Unemployed",1,0,0,3,2,8,1,"not disabled",9,8,8,3,4,5,5,9,9,6,5,"Yes",9,2,2,1,5,4,5,9,2,0,0,1,1,3,1,0,1,1,2
647,275.1071,2018,"25-34","Male","Maori",4,"Unemployed",0,0,0,1,2,3,6,"not disabled",7,7,9,4,1,3,4,8,9,8,7,"Yes",16,2,1,2,4,5,5,2,8,0,0,2,1,2,0,0,1,1,2
648,62.63198,2018,"35-44","Male","Maori",3,"Unemployed",1,1,3,3,2,9,2,"not disabled",4,7,9,3,2,5,4,3,3,0,1,"Yes",4,2,1,4,5,5,4,1,3,1,1,4,5,3,0,0,1,1,2
649,71.09695,2018,"55-64","Female","Maori",2,"Unemployed",1,0,0,2,3,1,1,"Disabled",10,9,10,4,1,4,5,8,10,1,2,"Yes",19,1,1,0,5,5,4,9,8,0,0,1,1,5,1,1,1,1,2
650,47.32645,2018,"65+","Female","Maori",2,"Unemployed",1,0,0,2,1,8,6,"not disabled",9,8,7,2,1,1,4,9,5,1,3,"Yes",19,1,1,0,4,4,4,9,8,0,0,1,4,6,1,0,1,1,2
651,76.14532,2018,"65+","Male","Maori",3,"Unemployed",0,0,0,1,1,6,1,"Disabled",3,7,8,2,1,5,5,3,7,4,4,"Yes",6,2,1,0,5,5,5,8,3,0,0,1,1,6,0,1,1,1,2
652,79.03052,2018,"55-64","Male","Maori",4,"Unemployed",1,0,0,1,3,7,1,"not disabled",6,7,9,4,1,5,5,7,8,5,8,"Yes",18,2,1,2,5,5,4,3,9,0,0,1,1,5,0,0,1,1,2
653,36.95128,2018,"15-24","Male","Maori",1,"Unemployed",0,0,0,1,1,9,2,"not disabled",2,6,7,2,2,3,5,8,10,6,6,"Not Eligible",5,1,2,0,1,5,2,10,8,0,0,3,4,1,0,0,1,99,2
654,82.62193,2018,"45-54","Male","Maori",4,"Unemployed",0,0,0,3,1,7,2,"not disabled",3,2,6,2,1,5,4,9,6,4,3,"Yes",7,4,2,1,4,5,4,7,3,1,1,5,5,4,0,0,1,1,2
655,112.336,2018,"25-34","Male","Pacific",3,"Unemployed",0,0,0,3,3,6,4,"not disabled",6,8,10,4,1,3,5,9,10,10,6,"No",14,99,2,1,5,5,5,6,9,0,0,2,3,2,0,0,2,0,2
656,55.55608,2018,"35-44","Male","Pacific",3,"Unemployed",1,1,2,3,3,6,5,"not disabled",7,9,7,4,1,3,5,7,8,4,8,"Yes",19,1,1,2,5,5,5,2,4,1,0,1,1,3,0,0,2,1,2
657,40.49621,2018,"65+","Male","Pacific",2,"Unemployed",1,0,0,2,1,6,1,"not disabled",2,10,7,3,3,5,5,8,8,3,8,"Yes",18,2,2,0,4,5,2,10,3,0,0,1,1,6,0,0,2,1,2
658,56.69716,2018,"65+","Male","Asian",2,"Unemployed",1,0,0,2,2,6,6,"not disabled",10,9,10,3,1,2,5,6,9,0,1,"Yes",17,1,1,0,1,5,1,2,8,0,0,1,1,6,0,0,3,1,2
659,80.88434,2018,"65+","Male","Asian",4,"Unemployed",0,0,0,2,1,7,1,"not disabled",8,10,10,5,1,3,4,8,10,1,5,"Yes",16,1,1,0,5,5,5,8,8,0,1,2,1,6,0,0,3,1,2
660,36.26963,2018,"65+","Male","Asian",1,"Unemployed",0,0,0,2,1,8,2,"not disabled",6,7,8,4,1,4,5,6,10,4,4,"Yes",14,1,1,0,5,5,5,8,8,0,0,1,1,6,0,0,3,1,2
661,846.614,2018,"35-44","Male","European/Other",4,"Unemployed",1,1,1,1,3,6,2,"not disabled",5,8,8,4,1,4,4,7,8,5,7,"No",13,1,1,1,4,4,1,4,8,0,0,1,3,3,0,0,4,0,2
662,215.835,2018,"65+","Male","European/Other",3,"Unemployed",0,0,0,2,2,6,3,"not disabled",4,6,6,4,4,5,3,7,5,4,6,"Yes",12,2,1,0,5,5,1,10,8,0,0,2,1,6,0,0,4,1,2
663,151.0589,2018,"45-54","Male","European/Other",3,"Unemployed",0,0,0,2,2,1,6,"not disabled",7,9,7,3,1,3,4,5,9,4,5,"Yes",17,2,1,0,4,5,5,7,1,1,0,2,2,4,0,0,4,1,2
664,109.0873,2018,"35-44","Male","European/Other",2,"Unemployed",0,1,3,3,1,1,1,"not disabled",1,4,8,2,1,4,5,7,8,5,3,"Yes",2,3,2,1,4,4,4,6,3,0,0,1,2,3,0,0,4,1,2
665,73.03149,2018,"65+","Female","European/Other",1,"Unemployed",0,0,0,1,1,10,1,"not disabled",10,8,10,3,1,4,4,8,10,7,6,"Yes",17,2,1,0,5,5,4,9,3,0,0,3,1,6,1,0,4,1,2
666,193.914,2018,"35-44","Male","European/Other",2,"Unemployed",1,0,0,1,2,7,2,"not disabled",8,8,8,3,2,3,5,7,5,5,5,"Yes",9,2,1,1,3,5,1,4,3,0,0,1,2,3,0,0,4,1,2
667,912.1046,2018,"65+","Male","European/Other",1,"Unemployed",1,0,0,2,3,3,1,"not disabled",10,8,10,4,1,4,5,8,9,8,8,"Yes",18,1,1,3,4,5,3,5,3,0,0,2,2,6,0,0,4,1,2
668,319.1861,2018,"35-44","Female","European/Other",3,"Unemployed",1,1,1,3,2,5,4,"not disabled",3,10,10,5,1,5,3,7,10,7,8,"Yes",12,3,2,3,4,3,2,1,9,0,1,1,3,3,1,0,4,1,2
669,348.8088,2018,"55-64","Male","European/Other",1,"Unemployed",1,0,0,1,2,7,1,"not disabled",4,10,10,5,1,3,5,8,10,7,5,"Yes",5,2,1,0,5,5,5,9,5,0,0,2,2,5,0,0,4,1,2
670,193.246,2018,"35-44","Female","European/Other",2,"Unemployed",0,0,0,3,3,3,1,"not disabled",4,5,7,3,2,3,1,3,4,3,8,"Yes",5,2,1,1,5,5,5,6,1,0,0,4,2,3,1,0,4,1,2
671,137.1919,2018,"35-44","Female","European/Other",1,"Unemployed",0,0,0,1,2,9,1,"not disabled",10,7,3,3,1,3,5,3,7,0,2,"Yes",20,1,1,3,4,5,5,8,5,1,0,2,1,3,1,0,4,1,2
672,816.6641,2018,"65+","Male","European/Other",3,"Unemployed",0,0,0,2,1,10,2,"Disabled",8,8,8,4,1,4,4,8,8,8,7,"Yes",17,1,1,0,4,4,4,8,8,0,0,1,1,6,0,1,4,1,2
673,210.8946,2018,"65+","Male","European/Other",1,"Unemployed",0,0,0,3,2,9,5,"Disabled",10,9,10,4,1,4,2,6,9,6,6,"Yes",4,4,3,0,3,5,3,1,3,0,0,1,1,6,0,1,4,1,2
674,57.70557,2018,"35-44","Male","European/Other",4,"Unemployed",0,0,0,3,2,8,5,"not disabled",5,8,8,3,1,4,5,7,8,5,7,"No",15,2,1,3,3,4,4,0,9,0,0,1,3,3,0,0,4,0,2
675,305.3317,2018,"65+","Male","Maori",3,"Not in the labour force",0,0,0,1,1,8,1,"Disabled",0,9,10,4,1,5,5,8,10,9,9,"Yes",13,3,1,0,4,5,4,10,1,0,1,1,1,6,0,1,1,1,3
677,564.068,2018,"45-54","Female","Maori",3,"Not in the labour force",0,0,0,1,1,8,1,"not disabled",5,0,9,3,1,3,5,0,5,0,1,"Yes",5,1,2,0,3,4,3,5,3,0,0,3,1,4,1,0,1,1,3
678,224.7969,2018,"65+","Male","Maori",4,"Not in the labour force",0,0,0,2,2,4,1,"not disabled",4,8,10,4,1,4,5,5,9,3,5,"Yes",19,1,1,0,5,5,4,10,8,0,0,3,3,6,0,0,1,1,3
679,142.9225,2018,"45-54","Female","Maori",2,"Not in the labour force",0,0,0,2,2,5,2,"not disabled",5,7,7,1,1,3,5,9,9,5,5,"Yes",20,3,2,0,5,5,1,3,8,0,0,2,1,4,1,0,1,1,3
680,1373.068,2018,"45-54","Female","Maori",4,"Not in the labour force",1,1,2,2,3,1,6,"not disabled",5,4,5,3,1,5,4,5,2,5,6,"Yes",12,3,2,0,4,4,4,5,3,0,0,3,4,4,1,0,1,1,3
681,190.2927,2018,"65+","Female","Maori",1,"Not in the labour force",1,0,0,2,1,5,1,"not disabled",6,8,10,3,1,5,5,8,9,6,8,"Yes",14,99,1,1,4,4,3,5,9,0,0,1,4,6,1,0,1,1,3
682,985.6938,2018,"55-64","Female","Maori",1,"Not in the labour force",1,1,2,1,2,3,1,"not disabled",5,5,7,2,1,2,4,6,7,3,7,"No",19,1,1,0,4,5,5,6,3,0,0,2,4,5,1,0,1,0,3
683,90.30967,2018,"55-64","Female","Maori",2,"Not in the labour force",1,0,0,1,2,7,6,"Disabled",5,8,9,3,1,3,5,2,7,7,3,"No",9,2,1,0,5,5,5,3,5,0,0,1,1,5,1,1,1,0,3
684,409.6727,2018,"15-24","Male","Maori",4,"Not in the labour force",0,0,0,3,1,6,4,"not disabled",5,5,5,4,1,3,4,7,10,8,8,"No",14,2,2,4,3,3,3,0,8,1,0,4,3,1,0,0,1,0,3
685,372.8812,2018,"65+","Male","Maori",1,"Not in the labour force",0,0,0,1,1,8,1,"Disabled",8,8,5,4,1,4,5,8,9,6,9,"Yes",7,4,1,0,5,5,4,5,4,0,1,2,1,6,0,1,1,1,3
686,264.3091,2018,"65+","Male","Maori",3,"Not in the labour force",0,0,0,1,2,2,6,"not disabled",7,8,9,4,1,3,5,9,10,6,6,"Yes",20,2,1,0,4,5,4,6,8,0,0,1,1,6,0,0,1,1,3
687,136.7153,2018,"55-64","Male","Maori",2,"Not in the labour force",1,0,0,1,3,7,5,"not disabled",10,8,10,2,1,3,3,10,9,10,9,"Yes",8,2,2,1,4,5,5,6,3,0,1,2,1,5,0,0,1,1,3
688,709.6282,2018,"65+","Male","Maori",1,"Not in the labour force",0,0,0,2,1,2,1,"not disabled",6,7,10,4,2,4,5,9,10,0,5,"Yes",10,2,2,0,4,5,5,5,2,0,0,3,2,6,0,0,1,1,3
689,290.6084,2018,"65+","Female","Maori",1,"Not in the labour force",0,0,0,3,1,9,1,"Disabled",8,5,6,3,1,3,5,8,8,8,8,"Yes",13,2,1,0,5,5,5,5,4,0,0,2,3,6,1,1,1,1,3
690,235.3175,2018,"15-24","Female","Maori",3,"Not in the labour force",0,0,0,1,3,9,1,"not disabled",8,8,7,4,1,3,5,7,9,4,6,"Yes",15,2,1,4,5,5,5,3,9,0,0,2,2,1,1,0,1,1,3
691,162.7435,2018,"45-54","Male","Maori",1,"Not in the labour force",1,0,0,1,3,7,1,"not disabled",5,5,8,2,2,2,5,1,5,0,0,"Yes",3,1,1,1,3,5,5,5,9,1,0,3,3,4,0,0,1,1,3
692,1052.445,2018,"55-64","Female","Maori",1,"Not in the labour force",1,0,0,1,3,9,2,"Disabled",5,10,8,4,2,2,5,7,10,0,2,"Yes",17,1,1,0,4,5,4,7,4,0,1,2,2,5,1,1,1,1,3
693,327.0244,2018,"65+","Male","Maori",1,"Not in the labour force",0,0,0,2,1,10,1,"Disabled",5,6,6,2,1,5,4,7,10,4,10,"Yes",6,2,2,0,4,4,1,1,8,0,0,3,3,6,0,1,1,1,3
694,313.234,2018,"25-34","Male","Maori",2,"Not in the labour force",1,1,4,3,1,8,4,"not disabled",5,7,7,4,2,4,4,10,6,6,6,"Yes",13,1,1,1,5,4,3,5,8,0,0,1,1,2,0,0,1,1,3
695,118.4832,2018,"65+","Female","Maori",2,"Not in the labour force",1,0,0,2,2,5,1,"not disabled",8,10,10,4,1,4,5,8,9,5,7,"Yes",16,1,1,0,4,5,4,9,1,0,0,1,2,6,1,0,1,1,3
696,212.2904,2018,"45-54","Female","Maori",4,"Not in the labour force",1,1,1,1,2,3,6,"not disabled",7,8,8,3,1,4,4,8,9,5,8,"Yes",15,3,2,1,5,5,5,8,3,0,0,1,2,4,1,0,1,1,3
697,620.3228,2018,"35-44","Male","Maori",4,"Not in the labour force",1,1,1,2,2,5,6,"not disabled",6,8,10,4,1,1,4,8,9,7,7,"Yes",12,1,1,0,4,4,4,8,2,0,0,1,2,3,0,0,1,1,3
698,159.6201,2018,"55-64","Male","Maori",3,"Not in the labour force",1,0,0,1,2,2,1,"not disabled",6,9,10,4,1,2,3,1,8,6,6,"Yes",18,1,1,0,5,5,5,10,4,1,0,1,1,5,0,0,1,1,3
699,310.0065,2018,"45-54","Male","Maori",3,"Not in the labour force",1,0,0,1,2,10,6,"not disabled",7,9,9,3,1,3,3,9,9,9,10,"Yes",10,4,2,0,4,4,4,8,2,0,0,1,2,4,0,0,1,1,3
700,170.98,2018,"45-54","Male","Maori",1,"Not in the labour force",0,0,0,2,2,6,1,"not disabled",7,7,8,4,1,2,5,7,8,4,4,"Yes",18,2,1,0,4,5,1,4,8,0,0,1,2,4,0,0,1,1,3
701,401.7059,2018,"35-44","Male","Maori",2,"Not in the labour force",0,1,2,3,1,5,1,"not disabled",2,8,8,3,3,4,3,5,7,2,5,"No",5,2,2,0,4,4,4,9,4,0,0,1,3,3,0,0,1,0,3
702,218.1352,2018,"35-44","Female","Maori",3,"Not in the labour force",0,0,0,1,2,7,1,"not disabled",3,6,8,5,1,2,5,8,2,1,1,"Yes",13,1,1,1,2,5,4,9,3,0,1,1,1,3,1,0,1,1,3
703,279.3281,2018,"45-54","Male","Maori",4,"Not in the labour force",1,1,2,3,2,5,1,"not disabled",6,8,9,3,1,3,5,7,8,8,8,"Yes",12,1,1,4,5,5,5,7,9,0,0,1,1,4,0,0,1,1,3
704,399.6346,2018,"35-44","Male","Maori",1,"Not in the labour force",0,1,4,3,1,4,2,"not disabled",7,7,8,3,3,5,5,8,7,2,2,"Yes",9,4,3,3,3,3,3,7,4,0,1,3,3,3,0,0,1,1,3
705,601.7291,2018,"65+","Male","Maori",1,"Not in the labour force",1,0,0,2,1,9,1,"Disabled",10,8,10,5,1,2,4,8,10,3,6,"Yes",20,1,1,0,5,5,5,9,8,0,0,1,1,6,0,1,1,1,3
706,183.7344,2018,"45-54","Female","Maori",2,"Not in the labour force",1,0,0,2,1,5,1,"not disabled",7,10,10,4,2,2,5,5,7,2,2,"No",19,1,1,1,4,5,5,5,3,0,0,1,1,4,1,0,1,0,3
707,234.332,2018,"65+","Female","Maori",4,"Not in the labour force",0,0,0,2,1,3,1,"not disabled",7,7,7,5,1,4,4,8,8,5,4,"Yes",18,3,1,0,5,5,5,3,3,0,0,2,3,6,1,0,1,1,3
708,175.0812,2018,"55-64","Male","Maori",1,"Not in the labour force",1,0,0,2,3,6,6,"not disabled",7,7,8,4,1,4,5,7,7,6,7,"Yes",18,1,1,0,4,4,3,3,3,0,0,1,1,5,0,0,1,1,3
709,197.4564,2018,"25-34","Female","Maori",3,"Not in the labour force",1,1,1,1,3,6,4,"not disabled",8,9,8,4,1,4,4,9,10,3,9,"Yes",18,1,2,2,4,5,5,4,9,0,1,1,1,2,1,0,1,1,3
710,176.1486,2018,"55-64","Female","Maori",3,"Not in the labour force",1,0,0,1,3,4,1,"not disabled",10,7,9,4,1,1,5,6,8,2,4,"No",17,1,1,0,5,5,5,8,8,0,0,1,1,5,1,0,1,0,3
711,552.6096,2018,"35-44","Male","Maori",3,"Not in the labour force",0,0,0,3,2,10,5,"not disabled",10,7,8,4,1,4,4,6,7,4,3,"Yes",3,3,1,3,5,5,5,3,3,0,0,3,3,3,0,0,1,1,3
712,269.0148,2018,"65+","Male","Maori",1,"Not in the labour force",0,0,0,2,1,2,6,"not disabled",4,8,7,3,1,3,4,6,10,5,5,"Yes",15,2,1,0,2,4,4,5,3,0,0,2,1,6,0,0,1,1,3
713,156.9465,2018,"15-24","Male","Maori",3,"Not in the labour force",1,1,2,3,2,5,1,"not disabled",10,10,9,4,1,4,5,5,5,5,5,"No",10,1,2,2,4,5,1,1,4,0,0,1,2,1,0,0,1,0,3
714,382.156,2018,"25-34","Female","Maori",3,"Not in the labour force",1,0,0,1,3,5,1,"not disabled",10,7,8,5,1,4,2,7,10,0,3,"Yes",20,2,2,2,3,5,1,3,4,0,0,3,1,2,1,0,1,1,3
715,238.5148,2018,"65+","Male","Maori",3,"Not in the labour force",0,0,0,2,1,4,6,"not disabled",9,8,8,3,1,4,5,7,7,8,8,"Yes",12,2,1,0,4,4,4,7,4,0,0,1,3,6,0,0,1,1,3
717,553.6976,2018,"45-54","Male","Pacific",2,"Not in the labour force",0,1,3,3,1,10,6,"not disabled",7,7,7,2,1,2,4,5,7,5,6,"Yes",4,2,3,0,4,4,4,3,5,1,0,1,2,4,0,0,2,1,3
718,208.0554,2018,"65+","Male","Pacific",3,"Not in the labour force",0,0,0,1,1,9,1,"not disabled",3,9,10,3,2,4,5,7,10,6,7,"Yes",8,1,1,0,5,5,2,10,3,0,1,2,1,6,0,0,2,1,3
719,395.5991,2018,"65+","Male","Pacific",1,"Not in the labour force",0,0,0,1,1,8,1,"not disabled",10,10,10,5,1,2,5,10,10,8,5,"Yes",18,1,1,0,5,5,4,8,3,0,0,1,1,6,0,0,2,1,3
720,386.1248,2018,"55-64","Female","Pacific",1,"Not in the labour force",1,0,0,2,3,5,1,"not disabled",6,8,8,4,1,1,5,6,9,5,5,"Yes",19,1,1,1,4,5,5,7,3,0,0,1,2,5,1,0,2,1,3
721,604.7834,2018,"65+","Female","Pacific",2,"Not in the labour force",1,0,0,2,1,6,1,"not disabled",10,9,5,3,3,1,5,10,10,2,5,"Yes",14,1,1,0,5,5,1,10,3,0,0,1,1,6,1,0,2,1,3
722,324.0685,2018,"65+","Female","Pacific",1,"Not in the labour force",1,0,0,2,3,7,1,"Disabled",6,7,7,1,2,4,4,7,9,3,5,"Yes",19,1,1,0,5,5,3,6,3,0,0,1,1,6,1,1,2,1,3
723,149.0788,2018,"15-24","Male","Pacific",1,"Not in the labour force",0,0,0,3,3,5,1,"not disabled",7,5,7,2,1,3,4,5,5,5,5,"Not Eligible",10,2,2,4,3,5,5,0,9,0,0,3,5,1,0,0,2,99,3
724,190.5526,2018,"45-54","Female","Pacific",2,"Not in the labour force",1,1,2,3,2,5,1,"not disabled",5,9,8,4,1,4,5,7,10,7,6,"Yes",18,1,2,0,1,5,1,9,4,0,0,1,2,4,1,0,2,1,3
725,158.3639,2018,"65+","Female","Pacific",2,"Not in the labour force",1,0,0,2,3,1,2,"not disabled",10,10,10,4,1,1,5,7,10,8,8,"Yes",17,1,1,1,5,5,5,10,3,0,0,1,1,6,1,0,2,1,3
726,292.7683,2018,"55-64","Female","Pacific",1,"Not in the labour force",1,0,0,2,2,1,1,"Disabled",8,9,9,4,1,2,4,7,8,2,0,"Yes",13,3,1,0,4,5,1,6,5,0,0,1,1,5,1,1,2,1,3
727,128.8745,2018,"65+","Female","Pacific",2,"Not in the labour force",1,0,0,2,3,7,6,"Disabled",7,10,8,1,1,2,4,7,2,0,1,"Yes",17,2,1,0,4,4,4,3,3,0,0,1,1,6,1,1,2,1,3
728,138.8932,2018,"65+","Male","Pacific",1,"Not in the labour force",1,0,0,2,1,7,2,"not disabled",7,10,10,2,1,1,4,8,10,1,0,"Yes",18,1,1,0,5,5,5,9,5,0,0,1,1,6,0,0,2,1,3
729,137.2994,2018,"45-54","Male","Pacific",1,"Not in the labour force",1,0,0,1,3,2,2,"not disabled",5,9,8,3,1,2,5,7,7,0,6,"Yes",19,2,2,0,5,5,5,5,8,0,0,2,2,4,0,0,2,1,3
730,378.4899,2018,"55-64","Male","Pacific",1,"Not in the labour force",0,0,0,1,1,10,1,"Disabled",0,6,7,3,2,5,3,1,0,0,0,"No",3,1,2,0,4,4,4,6,3,0,0,1,2,5,0,1,2,0,3
731,178.284,2018,"65+","Male","Pacific",3,"Not in the labour force",0,0,0,2,2,7,6,"not disabled",5,7,7,3,1,3,3,9,5,3,4,"Yes",13,1,1,0,5,5,5,8,3,0,0,1,2,6,0,0,2,1,3
732,518.0939,2018,"55-64","Female","Pacific",1,"Not in the labour force",1,0,0,1,2,8,1,"not disabled",6,9,8,4,4,4,5,5,5,5,5,"Yes",11,3,2,0,3,4,2,8,8,0,0,2,2,5,1,0,2,1,3
733,239.0913,2018,"35-44","Male","Pacific",4,"Not in the labour force",0,1,3,3,1,5,6,"not disabled",1,8,8,4,1,3,5,9,10,10,10,"Yes",16,1,1,2,5,5,5,4,3,0,0,1,1,3,0,0,2,1,3
734,445.9359,2018,"35-44","Female","Pacific",2,"Not in the labour force",1,1,2,1,3,6,6,"not disabled",5,7,9,3,1,2,5,8,9,4,5,"Yes",12,2,2,0,5,4,2,8,3,0,0,2,4,3,1,0,2,1,3
735,381.5932,2018,"45-54","Female","Asian",2,"Not in the labour force",1,0,0,1,3,1,1,"not disabled",5,8,7,5,2,3,5,8,10,8,8,"Yes",17,2,2,0,5,5,5,8,8,0,0,1,1,4,1,0,3,1,3
736,1019.615,2018,"25-34","Male","Asian",1,"Not in the labour force",0,1,2,3,2,5,1,"not disabled",8,8,7,5,2,5,5,8,8,6,8,"Yes",10,2,1,2,4,5,2,8,8,1,0,2,3,2,0,0,3,1,3
737,894.301,2018,"55-64","Male","Asian",2,"Not in the labour force",0,0,0,3,1,10,6,"Disabled",5,0,8,1,1,4,1,10,6,4,5,"No",8,4,2,0,3,5,5,0,2,0,1,4,1,5,0,1,3,0,3
738,1369.852,2018,"45-54","Male","Asian",1,"Not in the labour force",0,0,0,3,1,7,1,"not disabled",4,5,7,3,1,3,4,5,10,5,5,"Yes",6,1,1,0,5,5,4,7,2,0,0,1,4,4,0,0,3,1,3
739,2308.478,2018,"45-54","Female","Asian",4,"Not in the labour force",1,0,0,2,3,3,6,"not disabled",4,8,9,4,2,2,4,8,8,6,7,"Yes",19,2,1,0,4,4,4,5,3,0,0,1,3,4,1,0,3,1,3
740,499.3966,2018,"25-34","Male","Asian",2,"Not in the labour force",0,0,0,1,2,9,1,"not disabled",0,5,5,3,2,3,4,6,5,4,4,"Yes",8,2,2,1,4,4,4,4,3,0,0,1,2,2,0,0,3,1,3
742,592.2206,2018,"45-54","Female","Asian",1,"Not in the labour force",0,0,0,3,3,2,1,"not disabled",8,5,5,2,1,3,4,5,5,0,0,"Not Eligible",1,3,2,1,2,4,2,6,9,0,1,3,4,4,1,0,3,99,3
743,1630.205,2018,"45-54","Male","Asian",1,"Not in the labour force",0,0,0,1,2,5,1,"not disabled",7,8,8,4,1,5,4,9,9,5,5,"Yes",16,1,1,1,4,4,4,8,3,0,0,2,2,4,0,0,3,1,3
744,235.5811,2018,"65+","Male","Asian",3,"Not in the labour force",1,0,0,2,3,1,1,"not disabled",10,9,10,4,2,4,5,8,9,6,7,"Yes",18,1,1,0,5,5,4,9,3,1,0,2,3,6,0,0,3,1,3
745,1282.327,2018,"25-34","Female","Asian",4,"Not in the labour force",1,1,1,1,3,3,5,"not disabled",8,8,8,4,1,5,5,9,9,8,9,"Yes",19,1,1,2,5,5,4,2,4,0,0,1,1,2,1,0,3,1,3
746,1214.202,2018,"65+","Male","Asian",1,"Not in the labour force",1,0,0,2,1,7,1,"not disabled",10,8,10,5,1,4,5,9,10,5,7,"Yes",15,1,1,0,5,5,5,1,3,0,0,1,1,6,0,0,3,1,3
747,637.2223,2018,"25-34","Female","Asian",1,"Not in the labour force",0,0,0,3,2,6,1,"not disabled",9,5,5,4,2,4,3,7,5,7,7,"No",16,1,1,1,4,4,1,6,4,0,1,2,4,2,1,0,3,0,3
748,896.147,2018,"35-44","Male","Asian",4,"Not in the labour force",1,1,4,1,2,5,1,"not disabled",5,6,8,4,3,5,5,7,9,5,6,"Yes",18,2,2,0,4,5,1,8,3,0,0,2,2,3,0,0,3,1,3
749,296.0289,2018,"25-34","Male","Asian",2,"Not in the labour force",1,1,2,3,1,10,1,"not disabled",4,4,7,3,2,4,5,5,7,4,5,"Yes",5,1,2,3,3,4,1,3,1,0,0,1,4,2,0,0,3,1,3
750,1111.508,2018,"55-64","Male","Asian",3,"Not in the labour force",1,0,0,3,1,7,6,"not disabled",3,7,9,3,1,4,4,6,10,4,4,"Yes",8,2,1,2,3,5,5,3,9,0,0,2,3,5,0,0,3,1,3
751,375.2737,2018,"55-64","Female","Asian",3,"Not in the labour force",0,1,2,3,1,8,1,"not disabled",8,7,9,2,1,2,3,2,7,2,4,"Yes",13,99,1,1,5,5,5,5,9,1,0,1,2,5,1,0,3,1,3
752,665.2936,2018,"45-54","Male","Asian",1,"Not in the labour force",1,1,3,2,3,3,2,"not disabled",0,5,9,4,1,2,5,7,7,1,4,"Yes",9,3,2,0,5,4,2,5,4,0,0,2,1,4,0,0,3,1,3
753,838.7592,2018,"65+","Male","Asian",2,"Not in the labour force",0,0,0,3,2,6,6,"Disabled",3,4,5,2,1,1,3,5,8,1,3,"No",5,99,2,4,4,5,4,5,8,0,0,1,2,6,0,1,3,0,3
754,338.3269,2018,"65+","Male","Asian",4,"Not in the labour force",1,0,0,1,1,9,6,"not disabled",6,8,9,4,2,4,5,4,10,8,4,"Yes",19,1,1,1,5,5,4,8,3,0,0,1,1,6,0,0,3,1,3
755,251.0874,2018,"55-64","Male","Asian",4,"Not in the labour force",1,0,0,2,3,1,1,"not disabled",9,8,7,4,2,5,4,8,7,6,7,"Yes",16,2,2,0,4,5,4,8,3,0,1,1,2,5,0,0,3,1,3
756,932.2206,2018,"55-64","Female","Asian",2,"Not in the labour force",1,0,0,3,1,8,3,"Disabled",3,3,6,1,3,5,4,4,5,3,4,"Yes",0,1,1,1,3,5,4,7,3,1,0,3,4,5,1,1,3,1,3
757,412.0106,2018,"65+","Male","Asian",4,"Not in the labour force",0,0,0,2,2,3,6,"not disabled",8,9,9,3,3,4,5,5,7,1,8,"Yes",16,1,2,0,4,4,4,9,3,0,0,1,1,6,0,0,3,1,3
758,490.0883,2018,"35-44","Female","Asian",4,"Not in the labour force",0,1,3,3,3,3,5,"not disabled",6,6,6,4,1,5,3,8,10,8,7,"Yes",13,2,2,1,5,4,4,1,4,1,0,3,3,3,1,0,3,1,3
759,1281.134,2018,"15-24","Male","Asian",1,"Not in the labour force",0,0,0,1,3,3,5,"not disabled",7,10,10,5,2,4,5,10,10,5,7,"Not Eligible",19,1,1,0,5,5,5,10,8,0,0,1,1,1,0,0,3,99,3
760,250.7505,2018,"45-54","Male","Asian",1,"Not in the labour force",1,0,0,1,2,7,1,"not disabled",7,7,8,4,1,3,5,8,9,6,5,"Yes",14,2,1,0,5,5,5,8,3,0,0,1,1,4,0,0,3,1,3
761,226.1211,2018,"55-64","Male","Asian",2,"Not in the labour force",0,1,1,2,1,8,1,"Disabled",4,5,8,2,1,1,4,8,8,5,8,"Yes",2,2,1,0,4,5,5,5,3,1,0,3,3,5,0,1,3,1,3
762,324.0957,2018,"45-54","Female","Asian",4,"Not in the labour force",1,1,2,2,3,2,6,"not disabled",8,5,5,3,1,3,5,6,6,3,3,"Yes",20,2,1,0,3,3,3,5,8,0,0,1,1,4,1,0,3,1,3
763,3699.964,2018,"55-64","Female","European/Other",1,"Not in the labour force",1,0,0,1,3,8,1,"not disabled",7,7,7,3,1,3,4,8,8,7,6,"Yes",20,1,1,0,5,5,4,6,1,0,0,1,2,5,1,0,4,1,3
764,1913.348,2018,"55-64","Female","European/Other",2,"Not in the labour force",1,1,2,3,3,5,1,"not disabled",10,8,9,3,1,2,5,8,8,4,5,"Yes",18,4,2,1,4,4,3,7,3,1,0,1,1,5,1,0,4,1,3
765,2402.467,2018,"45-54","Female","European/Other",1,"Not in the labour force",0,0,0,3,2,1,1,"not disabled",0,5,1,1,1,2,5,10,5,0,0,"No",20,1,2,3,4,5,4,0,8,1,1,5,6,4,1,0,4,0,3
766,2987.849,2018,"45-54","Male","European/Other",2,"Not in the labour force",1,0,0,2,3,4,1,"not disabled",6,9,7,5,1,3,5,7,9,5,5,"Yes",16,1,2,0,5,5,4,5,4,1,1,1,1,4,0,0,4,1,3
767,3554.957,2018,"25-34","Male","European/Other",2,"Not in the labour force",0,0,0,3,1,9,1,"not disabled",10,10,10,1,2,5,5,0,10,0,10,"Yes",14,3,2,3,4,4,4,0,5,1,0,3,2,2,0,0,4,1,3
768,2607.397,2018,"35-44","Male","European/Other",4,"Not in the labour force",0,0,0,3,1,3,1,"not disabled",10,8,8,5,1,5,5,7,10,6,6,"Yes",16,3,1,3,5,5,5,7,9,1,0,1,3,3,0,0,4,1,3
769,1693.753,2018,"35-44","Male","European/Other",4,"Not in the labour force",1,1,2,1,3,5,1,"not disabled",9,7,9,2,3,5,3,7,9,2,6,"Yes",14,3,2,3,5,5,3,1,3,0,1,1,2,3,0,0,4,1,3
770,3357.475,2018,"15-24","Male","European/Other",1,"Not in the labour force",0,0,0,3,1,5,1,"not disabled",9,8,8,5,1,2,4,7,8,4,5,"Yes",15,1,1,1,5,5,5,7,8,0,0,1,2,1,0,0,4,1,3
771,1865.326,2018,"25-34","Male","European/Other",4,"Not in the labour force",1,0,0,3,3,6,1,"not disabled",8,7,5,4,2,5,5,9,9,3,5,"Yes",17,4,1,4,5,5,5,1,2,0,1,3,1,2,0,0,4,1,3
772,1226.004,2018,"25-34","Male","European/Other",2,"Not in the labour force",0,0,0,3,3,4,1,"Disabled",10,0,0,2,1,5,1,0,0,0,0,"No",13,1,1,4,5,5,1,10,9,0,0,1,2,2,0,1,4,0,3
773,2100.248,2018,"65+","Female","European/Other",4,"Not in the labour force",0,0,0,2,1,9,1,"not disabled",10,9,9,3,1,4,5,7,8,6,10,"Yes",17,1,1,0,5,5,5,8,3,0,0,2,3,6,1,0,4,1,3
774,2264.483,2018,"25-34","Male","European/Other",1,"Not in the labour force",1,1,2,3,1,6,1,"Disabled",7,7,9,3,2,2,2,2,2,0,0,"No",7,2,2,4,4,4,4,3,8,1,1,1,1,2,0,1,4,0,3
775,1766.192,2018,"55-64","Female","European/Other",4,"Not in the labour force",1,0,0,1,3,4,6,"Disabled",3,5,6,5,2,5,3,7,8,5,9,"Yes",2,4,2,0,4,4,4,6,2,0,0,3,3,5,1,1,4,1,3
776,7442.735,2018,"25-34","Male","European/Other",3,"Not in the labour force",1,1,1,3,2,5,1,"not disabled",7,9,9,5,3,5,4,8,10,7,10,"Yes",16,99,1,1,4,5,5,10,9,0,0,1,2,2,0,0,4,1,3
777,6632.997,2018,"15-24","Female","European/Other",1,"Not in the labour force",0,0,0,2,3,2,2,"not disabled",5,8,10,3,1,3,4,8,8,5,6,"Yes",13,1,1,2,3,4,1,5,5,1,0,1,1,1,1,0,4,1,3
778,2352.401,2018,"35-44","Male","European/Other",1,"Not in the labour force",0,0,0,1,2,6,1,"not disabled",5,8,5,5,1,3,5,7,6,3,3,"Yes",17,2,1,0,5,5,5,5,4,0,0,2,1,3,0,0,4,1,3
780,4276.648,2018,"25-34","Male","European/Other",1,"Not in the labour force",1,1,2,3,2,9,1,"not disabled",6,7,5,3,1,4,5,9,8,6,6,"Yes",14,3,2,1,3,5,4,3,2,0,0,2,3,2,0,0,4,1,3
781,2732.853,2018,"15-24","Male","European/Other",1,"Not in the labour force",0,0,0,3,3,3,1,"not disabled",5,7,9,5,1,2,5,3,7,4,4,"No",4,3,1,4,5,5,2,1,8,0,1,2,2,1,0,0,4,0,3
782,1783.027,2018,"15-24","Male","European/Other",3,"Not in the labour force",0,0,0,1,2,5,6,"not disabled",0,7,5,4,1,3,5,5,4,3,5,"Yes",14,1,1,0,5,5,5,6,1,0,0,3,3,1,0,0,4,1,3
783,2086.932,2018,"55-64","Male","European/Other",4,"Not in the labour force",0,0,0,3,2,4,6,"not disabled",8,9,10,4,1,4,3,6,9,8,8,"Yes",15,1,1,3,4,4,4,5,3,0,0,1,3,5,0,0,4,1,3
784,2381.121,2018,"45-54","Male","European/Other",1,"Not in the labour force",1,1,1,1,3,3,1,"not disabled",10,10,10,4,2,4,5,8,10,0,0,"Yes",7,4,2,0,5,5,5,4,8,0,0,2,2,4,0,0,4,1,3
785,1231.386,2018,"15-24","Female","European/Other",1,"Not in the labour force",0,0,0,2,1,3,1,"not disabled",8,7,7,2,1,5,4,4,5,5,6,"Yes",9,1,1,0,5,5,5,6,1,1,0,2,3,1,1,0,4,1,3
786,1738.512,2018,"35-44","Male","European/Other",1,"Not in the labour force",1,1,3,1,2,7,2,"not disabled",6,9,10,4,1,2,5,6,8,3,6,"Yes",14,2,2,0,5,5,1,10,4,0,0,1,1,3,0,0,4,1,3
787,2165.969,2018,"55-64","Male","European/Other",1,"Not in the labour force",0,0,0,2,1,8,2,"not disabled",7,10,9,5,1,1,5,8,9,2,3,"Yes",18,1,1,0,5,5,1,10,8,0,0,3,2,5,0,0,4,1,3
788,3222.764,2018,"45-54","Male","European/Other",1,"Not in the labour force",0,0,0,2,1,3,1,"not disabled",5,10,8,2,1,2,4,8,10,5,7,"Yes",17,2,2,0,5,5,5,9,3,0,0,2,2,4,0,0,4,1,3
789,3393.957,2018,"65+","Female","European/Other",1,"Not in the labour force",1,0,0,2,2,6,6,"not disabled",7,8,8,3,1,3,5,7,6,4,6,"Yes",18,2,1,0,4,5,5,7,8,0,0,1,2,6,1,0,4,1,3
790,1910.432,2018,"45-54","Male","European/Other",4,"Not in the labour force",1,1,3,1,3,2,1,"not disabled",4,10,10,5,2,5,5,9,10,6,7,"Yes",18,1,1,0,5,5,3,8,3,0,1,1,1,4,0,0,4,1,3
791,1213.261,2018,"45-54","Female","European/Other",2,"Not in the labour force",1,1,1,1,3,9,2,"not disabled",7,7,9,4,2,5,5,8,7,5,2,"Yes",15,1,1,1,4,5,3,5,9,0,0,1,1,4,1,0,4,1,3
792,2410.17,2018,"35-44","Female","European/Other",3,"Not in the labour force",0,0,0,3,3,1,1,"not disabled",10,10,10,4,2,3,5,9,10,6,7,"Yes",18,4,1,2,5,5,5,9,8,0,0,1,1,3,1,0,4,1,3
793,1789.226,2018,"65+","Male","European/Other",1,"Not in the labour force",0,0,0,2,1,8,1,"not disabled",6,9,8,3,1,3,5,9,9,8,7,"Yes",15,4,1,0,5,5,5,6,3,0,0,3,4,6,0,0,4,1,3
794,3562.648,2018,"65+","Male","European/Other",4,"Not in the labour force",0,0,0,3,1,10,6,"not disabled",10,9,8,3,1,4,4,8,8,6,7,"Yes",8,1,1,0,5,4,5,3,2,0,0,3,3,6,0,0,4,1,3
795,3913.134,2018,"25-34","Male","European/Other",4,"Not in the labour force",0,0,0,2,3,6,5,"not disabled",10,8,10,5,1,4,4,9,9,8,8,"No",16,2,2,0,3,5,1,4,8,0,0,1,1,2,0,0,4,0,3
796,1269.611,2018,"45-54","Male","European/Other",4,"Not in the labour force",0,1,1,3,1,4,1,"not disabled",4,7,9,3,2,4,3,6,9,5,7,"Yes",9,3,2,0,5,5,5,7,3,0,1,3,1,4,0,0,4,1,3
797,823.4178,2018,"25-34","Male","European/Other",4,"Not in the labour force",1,0,0,3,2,7,5,"not disabled",5,8,8,4,1,2,4,8,10,8,8,"No",14,1,2,0,5,5,5,7,8,0,0,1,1,2,0,0,4,0,3
798,1323.363,2018,"45-54","Female","European/Other",2,"Not in the labour force",1,1,1,2,2,6,1,"not disabled",7,7,8,3,1,2,5,7,9,3,5,"Yes",12,1,2,0,4,4,4,8,4,0,0,1,4,4,1,0,4,1,3
799,3985.773,2018,"45-54","Female","European/Other",1,"Not in the labour force",1,0,0,1,3,1,1,"not disabled",4,8,8,3,1,5,4,7,6,2,5,"Yes",17,1,1,1,5,5,4,8,8,0,0,1,2,4,1,0,4,1,3
800,3107.137,2018,"55-64","Male","European/Other",1,"Not in the labour force",0,0,0,2,1,5,2,"not disabled",5,10,10,4,1,2,4,8,10,3,1,"Yes",18,1,1,0,5,4,5,7,3,0,0,1,1,5,0,0,4,1,3
801,1328.024,2018,"65+","Female","European/Other",1,"Not in the labour force",0,0,0,1,1,7,1,"Disabled",1,5,10,2,1,5,2,1,5,1,5,"No",0,3,2,0,4,5,1,5,1,0,1,1,1,6,1,1,4,0,3
802,3369.829,2018,"45-54","Male","European/Other",1,"Not in the labour force",1,1,1,1,3,2,1,"not disabled",7,10,10,4,2,2,3,8,8,2,5,"Yes",12,1,1,1,2,5,4,7,4,0,1,1,1,4,0,0,4,1,3
803,1033.435,2018,"55-64","Female","European/Other",1,"Not in the labour force",0,0,0,2,1,10,6,"not disabled",5,6,8,1,1,2,5,8,10,5,6,"Yes",11,4,2,0,4,5,4,6,5,0,0,1,1,5,1,0,4,1,3
804,3636.734,2018,"15-24","Male","European/Other",1,"Not in the labour force",0,0,0,1,1,10,1,"not disabled",7,6,5,4,1,5,4,5,6,4,6,"Not Eligible",13,2,1,0,4,5,5,9,4,0,0,3,2,1,0,0,4,99,3
805,1485.274,2018,"25-34","Female","European/Other",4,"Not in the labour force",1,1,2,1,3,1,1,"not disabled",8,6,6,4,1,4,5,8,9,6,7,"Yes",17,1,2,2,4,5,4,8,4,0,0,2,3,2,1,0,4,1,3
806,1165.464,2018,"25-34","Female","European/Other",3,"Not in the labour force",0,0,0,1,3,10,6,"not disabled",6,7,9,3,1,4,5,6,8,2,5,"Yes",7,1,3,0,4,4,4,5,3,0,0,1,1,2,1,0,4,1,3
807,1537.071,2018,"35-44","Female","European/Other",4,"Not in the labour force",1,1,1,1,2,10,1,"not disabled",8,4,7,3,1,5,5,4,5,3,1,"Yes",12,1,2,0,4,5,3,1,3,1,0,2,2,3,1,0,4,1,3
808,2692.407,2018,"35-44","Male","European/Other",4,"Not in the labour force",1,1,1,1,3,5,4,"not disabled",2,2,5,4,1,3,3,9,8,5,6,"No",10,2,2,4,5,5,4,4,9,0,0,1,5,3,0,0,4,0,3
809,6241.489,2018,"45-54","Female","European/Other",4,"Not in the labour force",1,1,2,1,3,1,6,"not disabled",9,8,10,4,1,3,5,8,9,7,6,"Yes",17,1,1,1,2,5,1,6,8,0,0,2,2,4,1,0,4,1,3
810,4000.914,2018,"65+","Female","European/Other",2,"Not in the labour force",1,0,0,2,1,7,6,"Disabled",8,7,7,4,2,3,4,8,8,7,8,"Yes",15,1,1,0,5,5,5,9,3,0,1,3,2,6,1,1,4,1,3
811,1437.138,2018,"35-44","Male","European/Other",1,"Not in the labour force",1,0,0,3,3,5,1,"not disabled",5,7,8,5,2,4,4,7,7,4,5,"Yes",14,2,2,2,5,5,5,7,9,0,0,1,1,3,0,0,4,1,3
812,1781.332,2018,"35-44","Male","European/Other",4,"Not in the labour force",1,1,4,1,3,2,6,"not disabled",9,7,7,4,1,4,5,8,6,6,6,"Yes",15,2,2,2,5,5,5,9,3,0,0,3,2,3,0,0,4,1,3
813,3844.28,2018,"65+","Female","European/Other",1,"Not in the labour force",0,0,0,2,1,7,2,"not disabled",6,7,8,3,1,3,5,8,9,9,9,"Yes",14,2,2,0,4,5,4,4,3,0,0,2,3,6,1,0,4,1,3
814,8405.188,2018,"65+","Male","European/Other",1,"Not in the labour force",0,0,0,3,1,6,2,"not disabled",8,8,8,3,1,4,5,9,8,9,3,"Yes",16,4,3,0,5,5,1,10,3,0,0,1,1,6,0,0,4,1,3
815,5130.291,2018,"25-34","Female","European/Other",3,"Not in the labour force",1,0,0,3,2,7,4,"Disabled",0,1,1,1,2,5,1,1,3,0,0,"No",6,2,2,4,3,5,3,1,8,0,1,3,4,2,1,1,4,0,3
816,1365.213,2018,"65+","Female","European/Other",4,"Not in the labour force",1,0,0,1,3,8,5,"not disabled",4,8,9,3,1,2,2,9,9,9,9,"No",13,2,1,1,4,4,4,0,3,0,0,1,2,6,1,0,4,0,3
817,4632.487,2018,"65+","Female","European/Other",1,"Not in the labour force",0,0,0,2,1,10,2,"not disabled",7,9,8,4,1,5,4,5,5,5,0,"Yes",18,2,1,0,4,4,4,4,3,0,0,1,1,6,1,0,4,1,3
818,3105.442,2018,"55-64","Male","European/Other",1,"Not in the labour force",1,0,0,1,2,8,1,"not disabled",3,7,8,3,1,4,4,7,9,1,5,"Yes",13,1,1,0,5,5,5,4,3,0,0,1,2,5,0,0,4,1,3
819,1470.379,2018,"45-54","Male","European/Other",4,"Not in the labour force",1,0,0,1,3,2,6,"Disabled",6,7,8,3,1,4,5,8,9,6,4,"Yes",9,3,2,2,5,4,4,4,3,0,0,2,4,4,0,1,4,1,3
820,4634.007,2018,"65+","Male","European/Other",1,"Not in the labour force",0,0,0,2,1,3,2,"not disabled",8,9,9,4,1,4,4,8,9,5,7,"Yes",16,1,1,0,4,5,3,2,3,0,0,1,1,6,0,0,4,1,3
821,2336.705,2018,"15-24","Male","European/Other",1,"Not in the labour force",0,0,0,2,3,9,1,"not disabled",1,9,10,3,3,4,5,6,8,5,6,"Yes",15,2,1,0,3,4,1,3,8,0,0,2,1,1,0,0,4,1,3
822,3165.928,2018,"15-24","Female","European/Other",1,"Not in the labour force",0,0,0,1,2,5,1,"not disabled",5,4,4,2,2,4,5,7,8,5,6,"Not Eligible",15,1,1,2,3,3,3,5,3,0,0,4,2,1,1,0,4,99,3
823,1631.401,2018,"45-54","Male","European/Other",4,"Not in the labour force",0,0,0,1,2,8,1,"Disabled",10,6,6,3,2,4,4,7,0,5,5,"Yes",20,3,2,0,5,5,2,1,3,0,1,1,2,4,0,1,4,1,3
824,1067.146,2018,"65+","Female","European/Other",2,"Not in the labour force",1,0,0,2,2,2,1,"not disabled",10,9,10,4,1,2,5,8,6,3,9,"Yes",19,1,1,0,5,5,4,8,8,0,0,1,1,6,1,0,4,1,3
825,4185.089,2018,"55-64","Female","European/Other",2,"Not in the labour force",1,0,0,2,3,7,1,"not disabled",8,9,8,3,1,3,3,8,8,3,6,"Yes",18,2,2,0,4,5,2,8,3,0,1,2,3,5,1,0,4,1,3
826,1344.967,2018,"65+","Female","European/Other",1,"Not in the labour force",0,0,0,2,1,9,6,"not disabled",8,5,8,3,1,2,4,8,8,8,8,"Yes",16,2,1,0,4,4,2,8,3,1,0,1,2,6,1,0,4,1,3
827,1947.142,2018,"55-64","Female","European/Other",4,"Not in the labour force",1,0,0,1,3,6,3,"not disabled",3,9,9,4,1,4,3,7,8,5,6,"Yes",12,1,2,0,4,5,5,6,2,0,0,2,1,5,1,0,4,1,3
828,2160.642,2018,"65+","Male","European/Other",1,"Not in the labour force",1,0,0,2,1,4,2,"Disabled",7,8,7,2,1,2,3,6,9,6,4,"Yes",12,1,1,0,3,4,4,0,3,0,0,1,2,6,0,1,4,1,3
829,1760.889,2018,"55-64","Female","European/Other",2,"Not in the labour force",0,0,0,2,1,3,1,"Disabled",5,7,6,3,1,4,4,7,9,7,8,"Yes",18,1,1,0,5,5,5,8,8,0,0,1,1,5,1,1,4,1,3
830,1718.535,2018,"65+","Female","European/Other",1,"Not in the labour force",1,0,0,2,2,8,1,"not disabled",7,8,8,5,1,2,4,7,9,6,6,"Yes",18,1,1,0,5,5,5,5,1,0,0,2,2,6,1,0,4,1,3
831,2627.509,2018,"25-34","Male","European/Other",2,"Not in the labour force",0,1,2,1,3,7,1,"not disabled",8,7,9,4,2,4,4,7,10,8,8,"Yes",8,1,2,0,4,5,5,8,3,0,1,3,1,2,0,0,4,1,3
832,3307.896,2018,"55-64","Male","European/Other",3,"Not in the labour force",0,0,0,2,2,3,2,"not disabled",7,6,9,3,1,4,3,6,8,4,5,"Yes",4,2,1,0,4,4,4,4,9,0,1,1,4,5,0,0,4,1,3
833,2887.745,2018,"55-64","Female","European/Other",3,"Not in the labour force",1,1,1,1,3,4,1,"not disabled",6,8,8,4,1,2,5,6,7,5,8,"Yes",20,1,1,1,5,5,1,8,3,1,0,1,1,5,1,0,4,1,3
834,1836.126,2018,"65+","Female","European/Other",4,"Not in the labour force",1,0,0,1,3,4,1,"not disabled",10,10,9,4,2,5,5,9,10,6,10,"Yes",20,1,1,1,5,5,5,8,3,0,0,1,1,6,1,0,4,1,3
835,2672.342,2018,"25-34","Male","European/Other",4,"Not in the labour force",0,0,0,2,2,2,2,"not disabled",6,8,10,4,1,4,4,7,10,7,7,"Yes",14,3,2,2,5,5,5,2,8,0,0,1,1,2,0,0,4,1,3
836,1566.088,2018,"35-44","Male","European/Other",3,"Not in the labour force",0,0,0,3,2,4,2,"not disabled",4,5,7,3,1,5,4,8,6,3,5,"Yes",4,4,2,4,4,4,4,3,4,0,1,1,4,3,0,0,4,1,3
837,2197.461,2018,"15-24","Female","European/Other",1,"Not in the labour force",0,0,0,1,3,7,2,"not disabled",7,9,9,5,1,2,5,7,9,7,8,"Yes",18,1,1,1,5,5,4,2,3,0,0,1,1,1,1,0,4,1,3
838,1411.502,2018,"25-34","Male","European/Other",4,"Not in the labour force",0,0,0,1,1,4,6,"not disabled",3,5,6,3,1,3,4,5,4,5,5,"Yes",10,2,1,2,5,5,5,5,5,1,1,4,4,2,0,0,4,1,3
839,1489.83,2018,"15-24","Male","European/Other",1,"Not in the labour force",0,0,0,3,1,2,1,"Disabled",5,5,4,1,1,3,5,5,7,5,8,"Yes",16,99,1,4,3,3,4,0,9,1,1,4,5,1,0,1,4,1,3
840,1470.199,2018,"35-44","Male","European/Other",1,"Not in the labour force",1,1,2,1,2,5,1,"not disabled",5,7,7,3,1,3,4,3,9,1,4,"No",10,1,2,0,5,5,5,5,5,0,0,1,2,3,0,0,4,0,3
841,720.73,2018,"45-54","Female","European/Other",1,"Not in the labour force",1,1,2,3,1,8,1,"Disabled",6,6,8,2,1,4,4,6,6,5,5,"No",8,2,2,0,4,4,4,7,3,1,0,3,3,4,1,1,4,0,3
842,4947.042,2018,"65+","Female","European/Other",2,"Not in the labour force",1,0,0,2,1,7,6,"Disabled",6,7,8,4,1,2,5,7,10,4,3,"Yes",16,3,2,0,1,4,1,7,1,0,0,1,5,6,1,1,4,1,3
843,1156.23,2018,"25-34","Male","European/Other",4,"Not in the labour force",0,0,0,1,3,1,2,"not disabled",4,8,8,5,2,3,5,9,10,3,3,"Yes",13,1,1,0,5,5,5,7,8,0,0,1,1,2,0,0,4,1,3
844,1075.129,2018,"25-34","Male","European/Other",2,"Not in the labour force",1,1,2,1,1,9,1,"not disabled",10,9,10,5,1,5,5,6,10,3,5,"Yes",15,1,1,0,3,4,4,10,4,0,0,5,2,2,0,0,4,1,3
845,901.881,2018,"35-44","Male","European/Other",2,"Not in the labour force",1,1,2,3,1,4,6,"not disabled",4,10,7,3,1,4,4,9,9,8,9,"Yes",14,2,1,2,4,4,5,9,8,0,0,1,3,3,0,0,4,1,3
846,1246.82,2018,"45-54","Female","European/Other",4,"Not in the labour force",1,1,2,1,3,2,6,"not disabled",3,8,8,4,2,5,5,8,8,5,8,"Yes",18,2,1,1,5,5,5,9,5,1,0,1,2,4,1,0,4,1,3
847,845.1061,2018,"65+","Male","European/Other",1,"Not in the labour force",0,0,0,3,1,10,6,"not disabled",7,7,8,4,2,4,4,2,0,3,4,"Yes",9,2,1,0,5,4,4,4,3,0,0,3,3,6,0,0,4,1,3
848,3854.798,2018,"45-54","Male","European/Other",4,"Not in the labour force",1,1,1,3,3,1,6,"not disabled",4,6,8,4,1,5,5,8,9,8,9,"Yes",14,1,1,1,5,5,4,5,8,1,0,1,2,4,0,0,4,1,3
849,7947.6,2018,"55-64","Male","European/Other",4,"Not in the labour force",1,0,0,2,3,6,1,"not disabled",9,9,10,5,1,4,5,8,10,5,5,"Yes",13,1,2,0,5,5,3,5,3,0,0,1,1,5,0,0,4,1,3
850,2522.447,2018,"65+","Female","European/Other",1,"Not in the labour force",0,0,0,1,1,10,6,"not disabled",8,8,8,3,1,3,2,7,4,7,4,"Yes",15,1,1,0,3,5,3,5,3,1,0,2,2,6,1,0,4,1,3
851,3157.104,2018,"45-54","Female","European/Other",3,"Not in the labour force",1,1,2,3,3,4,1,"not disabled",4,5,8,4,1,4,5,5,5,1,3,"Yes",9,1,1,2,5,5,5,5,9,0,1,1,3,4,1,0,4,1,3
852,2799.98,2018,"65+","Female","European/Other",4,"Not in the labour force",0,0,0,2,3,2,1,"not disabled",0,8,9,4,1,3,5,9,9,7,9,"Yes",20,2,1,0,3,4,4,8,8,0,0,2,1,6,1,0,4,1,3
853,1775.062,2018,"55-64","Female","European/Other",1,"Not in the labour force",1,1,2,3,3,7,1,"not disabled",5,4,7,4,2,4,3,5,5,2,1,"Yes",14,1,1,0,5,5,4,5,3,0,0,1,4,5,1,0,4,1,3
854,2141.854,2018,"55-64","Male","European/Other",4,"Not in the labour force",0,0,0,1,2,5,3,"not disabled",7,9,10,5,3,5,4,8,8,7,8,"Yes",9,1,1,0,5,5,5,10,3,0,1,1,3,5,0,0,4,1,3
855,1245.571,2018,"45-54","Male","European/Other",2,"Not in the labour force",0,1,3,3,1,10,1,"not disabled",10,8,10,3,3,5,3,7,9,7,9,"Yes",9,1,1,0,5,5,5,7,3,0,0,1,3,4,0,0,4,1,3
856,782.113,2018,"65+","Female","European/Other",2,"Not in the labour force",0,0,0,2,1,5,6,"Disabled",5,7,7,3,1,2,5,3,8,0,1,"Yes",17,1,2,0,4,5,4,10,3,0,0,1,2,6,1,1,4,1,3
857,4491.577,2018,"65+","Female","European/Other",1,"Not in the labour force",1,0,0,2,3,8,1,"Disabled",3,8,9,3,2,4,5,5,7,5,4,"Yes",19,2,1,0,5,5,4,10,2,0,0,2,3,6,1,1,4,1,3
858,1871.212,2018,"35-44","Male","European/Other",4,"Not in the labour force",1,1,2,3,3,4,6,"not disabled",2,9,9,4,1,4,5,9,7,4,3,"Yes",15,3,2,0,4,5,5,6,8,0,0,2,1,3,0,0,4,1,3
859,1060.957,2018,"45-54","Male","European/Other",4,"Not in the labour force",1,1,2,1,3,3,1,"not disabled",6,8,8,4,1,4,5,9,9,7,6,"Yes",14,2,1,0,5,5,5,10,8,0,0,1,1,4,0,0,4,1,3
860,4144.81,2018,"65+","Female","European/Other",2,"Not in the labour force",1,0,0,2,2,2,6,"Disabled",7,10,10,4,1,1,5,8,8,0,1,"Yes",18,1,1,0,5,5,1,7,8,0,0,1,3,6,1,1,4,1,3
861,2683.972,2018,"55-64","Male","European/Other",1,"Not in the labour force",1,0,0,1,3,10,1,"not disabled",5,3,3,2,1,3,3,1,1,0,1,"Yes",1,1,2,0,5,5,4,9,3,0,0,1,1,5,0,0,4,1,3
862,927.4888,2018,"65+","Female","European/Other",2,"Not in the labour force",1,0,0,2,2,1,6,"not disabled",6,8,10,4,1,4,5,8,10,8,8,"Yes",15,1,1,0,5,5,1,8,8,0,0,1,1,6,1,0,4,1,3
863,3549.215,2018,"25-34","Male","European/Other",1,"Not in the labour force",0,1,2,1,1,7,6,"not disabled",7,6,7,3,3,4,4,7,8,6,6,"Yes",10,2,1,1,5,5,4,6,3,1,0,1,2,2,0,0,4,1,3
864,841.9268,2018,"35-44","Male","European/Other",1,"Not in the labour force",0,1,1,3,1,7,1,"not disabled",10,9,10,4,1,3,4,7,8,9,5,"Yes",20,2,2,0,5,5,1,8,2,0,0,1,1,3,0,0,4,1,3
865,1458.17,2018,"55-64","Male","European/Other",1,"Not in the labour force",0,0,0,3,1,10,3,"Disabled",10,7,10,2,2,5,3,8,9,2,0,"Yes",3,1,1,0,4,5,2,10,4,0,1,1,1,5,0,1,4,1,3
866,1472.709,2018,"55-64","Male","European/Other",2,"Not in the labour force",0,0,0,2,1,4,6,"not disabled",8,10,10,5,1,3,5,8,5,5,5,"Yes",20,1,1,0,5,5,5,8,3,0,0,1,1,5,0,0,4,1,3
867,1848.906,2018,"15-24","Female","European/Other",1,"Not in the labour force",0,0,0,3,1,10,2,"not disabled",7,10,10,5,2,5,5,10,10,10,10,"Not Eligible",15,3,1,2,5,5,5,1,8,0,0,1,1,1,1,0,4,99,3
868,390.895,2018,"25-34","Male","European/Other",4,"Not in the labour force",1,0,0,3,2,2,2,"not disabled",7,6,6,2,1,4,5,8,8,6,7,"No",11,1,1,4,5,5,2,3,9,0,0,3,1,2,0,0,4,0,3
869,2189.872,2018,"45-54","Female","European/Other",3,"Not in the labour force",0,0,0,2,2,3,1,"not disabled",8,5,5,3,1,2,4,8,8,5,7,"Yes",19,1,1,0,4,5,1,7,3,0,0,2,3,4,1,0,4,1,3
870,1529.973,2018,"65+","Male","European/Other",1,"Not in the labour force",0,0,0,2,1,9,1,"not disabled",5,8,8,2,1,4,5,5,9,5,8,"Yes",16,1,1,0,4,5,4,7,3,0,0,1,1,6,0,0,4,1,3
871,455.6676,2018,"55-64","Male","European/Other",2,"Not in the labour force",0,0,0,2,1,4,1,"not disabled",10,8,7,4,1,5,5,9,10,8,8,"Yes",13,2,2,0,3,5,5,5,3,0,0,1,4,5,0,0,4,1,3
872,943.4811,2018,"65+","Female","European/Other",2,"Not in the labour force",1,0,0,2,1,8,6,"not disabled",3,10,9,2,1,2,4,7,9,7,7,"Yes",15,1,1,0,4,4,4,7,5,0,0,1,2,6,1,0,4,1,3
873,1554.744,2018,"15-24","Female","European/Other",1,"Not in the labour force",0,0,0,3,3,3,2,"not disabled",6,7,8,3,1,4,4,8,6,5,5,"Not Eligible",15,2,1,4,4,5,5,0,9,0,0,1,1,1,1,0,4,99,3
875,680.0428,2018,"45-54","Male","European/Other",4,"Not in the labour force",1,1,1,1,3,1,1,"not disabled",5,7,8,3,2,5,5,7,10,6,9,"Yes",12,1,1,0,5,5,5,7,3,0,0,3,1,4,0,0,4,1,3
876,896.8965,2018,"65+","Female","European/Other",1,"Not in the labour force",1,0,0,3,3,9,1,"not disabled",7,8,7,4,1,2,5,6,8,6,0,"Yes",18,1,1,1,2,5,5,1,3,0,0,2,3,6,1,0,4,1,3
877,2781.848,2018,"35-44","Male","European/Other",1,"Not in the labour force",0,1,2,3,1,4,1,"not disabled",0,8,8,3,3,5,5,10,7,4,5,"Yes",8,2,1,1,5,5,5,9,3,0,0,2,1,3,0,0,4,1,3
878,2105.052,2018,"25-34","Female","European/Other",4,"Not in the labour force",1,0,0,2,2,4,4,"not disabled",8,9,8,5,1,5,3,9,8,8,6,"No",17,2,1,4,4,4,4,6,1,0,0,2,2,2,1,0,4,0,3
879,2097.324,2018,"65+","Male","European/Other",1,"Not in the labour force",1,0,0,2,2,10,1,"not disabled",10,10,10,4,1,2,5,8,10,10,7,"Yes",17,4,2,1,4,4,4,7,3,0,0,1,2,6,0,0,4,1,3
880,694.5012,2018,"25-34","Female","European/Other",3,"Not in the labour force",0,0,0,3,1,7,1,"not disabled",7,8,7,3,1,4,3,7,5,8,7,"Yes",11,2,2,0,5,5,4,2,8,0,0,2,5,2,1,0,4,1,3
881,1631.88,2018,"65+","Female","European/Other",1,"Not in the labour force",1,0,0,2,1,7,2,"not disabled",5,8,9,3,1,3,5,5,7,7,7,"Yes",10,1,1,0,4,5,4,4,8,0,0,1,2,6,1,0,4,1,3
882,2240.027,2018,"65+","Male","European/Other",1,"Not in the labour force",0,0,0,2,1,9,2,"not disabled",8,8,7,2,1,4,4,8,8,6,6,"Yes",17,2,2,1,5,5,4,8,3,0,0,2,1,6,0,0,4,1,3
883,2224.29,2018,"35-44","Female","European/Other",1,"Not in the labour force",1,1,4,1,3,9,1,"not disabled",0,6,5,4,1,4,4,6,6,4,3,"Yes",8,3,1,0,4,4,4,3,8,0,0,2,2,3,1,0,4,1,3
884,1443.63,2018,"65+","Male","European/Other",1,"Not in the labour force",1,0,0,2,1,8,1,"not disabled",5,10,10,3,1,4,4,5,10,5,6,"Yes",19,2,1,0,4,4,4,5,8,0,0,1,2,6,0,0,4,1,3
885,770.65,2018,"65+","Female","European/Other",1,"Not in the labour force",1,0,0,3,1,4,1,"not disabled",6,8,9,4,1,1,5,8,10,3,6,"Yes",17,2,1,0,3,3,1,9,3,0,0,1,1,6,1,0,4,1,3
886,1592.053,2018,"45-54","Male","European/Other",4,"Not in the labour force",0,0,0,2,1,2,6,"not disabled",5,8,9,4,1,2,5,7,7,4,1,"Yes",16,2,1,0,3,5,1,7,5,0,0,1,2,4,0,0,4,1,3
887,1612.445,2018,"55-64","Female","European/Other",1,"Not in the labour force",1,0,0,1,2,8,1,"not disabled",8,7,8,3,1,4,5,9,10,7,6,"Yes",4,1,1,2,2,4,4,5,3,1,1,3,4,5,1,0,4,1,3
888,623.2885,2018,"35-44","Female","European/Other",1,"Not in the labour force",1,1,1,1,3,4,1,"not disabled",8,10,10,4,3,3,5,5,7,5,2,"Yes",20,1,1,0,5,5,3,10,3,0,0,1,3,3,1,0,4,1,3
889,1210.321,2018,"65+","Male","European/Other",1,"Not in the labour force",0,0,0,2,1,1,1,"not disabled",8,7,8,2,1,4,5,4,4,0,8,"Yes",10,1,1,1,4,4,3,3,8,0,0,2,4,6,0,0,4,1,3
890,1051.928,2018,"25-34","Male","European/Other",4,"Not in the labour force",0,0,0,3,3,10,6,"not disabled",9,7,8,2,2,5,4,7,8,7,7,"Yes",12,2,2,0,4,4,4,4,8,0,0,2,3,2,0,0,4,1,3
891,913.1831,2018,"45-54","Male","European/Other",4,"Not in the labour force",1,1,1,1,3,3,1,"not disabled",7,8,8,3,2,5,5,8,10,6,7,"Yes",15,1,1,0,5,5,5,6,2,0,0,1,2,4,0,0,4,1,3
892,933.368,2018,"15-24","Male","European/Other",1,"Not in the labour force",1,0,0,3,1,1,2,"not disabled",8,6,8,4,3,5,4,8,9,6,7,"Not Eligible",9,3,2,1,4,5,5,4,8,0,0,2,2,1,0,0,4,99,3
893,751.9731,2018,"25-34","Male","European/Other",2,"Not in the labour force",1,1,2,3,2,5,2,"not disabled",5,7,10,5,1,5,4,7,9,6,8,"Yes",15,2,2,1,4,4,5,6,3,0,0,2,1,2,0,0,4,1,3
894,2207.776,2018,"45-54","Male","European/Other",4,"Not in the labour force",0,0,0,1,2,5,6,"not disabled",7,8,9,5,1,2,5,7,10,6,8,"Yes",9,2,2,0,5,5,5,0,3,0,0,1,3,4,0,0,4,1,3
895,6840.643,2018,"35-44","Female","European/Other",4,"Not in the labour force",1,1,2,1,3,5,4,"not disabled",5,9,9,4,1,5,5,9,8,6,7,"No",17,99,1,2,5,4,4,4,9,0,0,1,4,3,1,0,4,0,3
896,1384.812,2018,"65+","Male","European/Other",3,"Not in the labour force",1,0,0,2,3,6,1,"not disabled",7,9,6,4,1,3,5,8,9,6,7,"Yes",15,2,1,0,5,5,5,8,4,0,0,1,3,6,0,0,4,1,3
897,1671.632,2018,"25-34","Female","European/Other",4,"Not in the labour force",0,0,0,2,3,7,4,"not disabled",7,8,8,5,1,5,5,10,9,4,6,"No",15,99,1,3,5,5,2,0,9,0,0,1,1,2,1,0,4,0,3
898,1917.305,2018,"25-34","Female","European/Other",1,"Not in the labour force",0,0,0,1,3,8,1,"not disabled",6,10,10,5,1,3,5,2,0,0,0,"No",18,2,1,0,5,5,5,8,3,1,0,1,1,2,1,0,4,0,3
899,1966.266,2018,"25-34","Male","European/Other",4,"Not in the labour force",1,1,1,2,3,5,1,"not disabled",7,10,10,5,2,5,5,8,10,5,5,"Yes",20,2,1,2,5,5,1,8,8,0,0,1,1,2,0,0,4,1,3
900,3655.752,2018,"25-34","Female","European/Other",3,"Not in the labour force",1,0,0,2,3,3,1,"not disabled",10,8,8,3,2,4,3,7,7,2,5,"Yes",17,1,1,2,5,5,5,6,8,0,0,2,2,2,1,0,4,1,3
901,2270.223,2018,"15-24","Male","European/Other",4,"Not in the labour force",1,0,0,3,3,8,1,"not disabled",7,7,7,4,2,4,5,7,10,7,7,"Yes",19,1,1,4,5,5,5,3,9,0,0,2,1,1,0,0,4,1,3
902,1400.572,2018,"45-54","Female","European/Other",1,"Not in the labour force",0,0,0,3,2,7,1,"not disabled",5,5,8,2,1,4,5,7,8,5,6,"No",20,1,1,1,5,5,5,2,3,0,0,3,4,4,1,0,4,0,3
903,2976.911,2018,"25-34","Male","European/Other",4,"Not in the labour force",1,0,0,3,2,6,4,"not disabled",0,9,8,4,1,3,4,6,9,8,9,"No",11,1,1,2,4,4,4,0,9,0,0,2,2,2,0,0,4,0,3
904,1560.076,2018,"35-44","Male","European/Other",4,"Not in the labour force",0,1,1,3,1,10,4,"not disabled",5,5,5,4,1,3,3,7,9,9,8,"No",16,3,2,2,4,5,4,4,9,1,0,2,3,3,0,0,4,0,3
905,4455.902,2018,"65+","Female","European/Other",2,"Not in the labour force",1,0,0,2,3,2,2,"not disabled",9,9,9,4,1,2,4,7,9,3,5,"Yes",19,3,1,0,5,5,5,7,3,0,1,1,2,6,1,0,4,1,3
906,2048.617,2018,"35-44","Male","European/Other",3,"Not in the labour force",0,0,0,1,2,4,1,"not disabled",7,7,7,2,1,5,5,8,10,4,8,"Yes",12,1,1,0,3,5,2,3,1,0,0,1,2,3,0,0,4,1,3
907,2355.802,2018,"35-44","Female","European/Other",1,"Not in the labour force",1,1,2,1,3,1,2,"not disabled",7,7,8,3,1,3,4,6,7,6,5,"Yes",17,1,1,1,4,4,3,8,8,0,0,1,3,3,1,0,4,1,3
908,2027.591,2018,"25-34","Female","European/Other",3,"Not in the labour force",0,0,0,3,1,2,1,"not disabled",10,8,8,4,1,2,5,7,7,2,6,"No",18,2,2,4,3,4,1,8,3,0,0,1,1,2,1,0,4,0,3
909,4323.429,2018,"65+","Male","European/Other",1,"Not in the labour force",1,0,0,3,1,5,2,"Disabled",6,10,10,3,1,1,5,7,10,0,9,"Yes",16,1,1,0,5,5,5,10,8,0,0,1,1,6,0,1,4,1,3
910,1074.78,2018,"35-44","Male","European/Other",1,"Not in the labour force",1,1,2,1,3,1,1,"not disabled",6,8,9,5,1,2,5,8,9,7,7,"Yes",19,1,1,2,5,5,5,9,8,0,0,1,2,3,0,0,4,1,3
911,2477.756,2018,"65+","Female","European/Other",1,"Not in the labour force",1,0,0,2,1,7,1,"not disabled",8,8,8,3,1,2,5,8,9,1,5,"Yes",20,1,1,0,4,4,4,8,3,0,0,1,2,6,1,0,4,1,3
912,1913.558,2018,"55-64","Male","European/Other",4,"Not in the labour force",0,0,0,2,1,8,6,"not disabled",10,9,9,5,1,4,5,8,8,7,6,"Yes",16,1,1,0,5,5,5,8,1,0,0,1,2,5,0,0,4,1,3
913,898.2134,2018,"25-34","Female","European/Other",4,"Not in the labour force",0,0,0,3,3,4,1,"not disabled",2,7,8,4,1,3,5,9,9,6,4,"Yes",17,2,2,4,4,4,5,5,9,0,0,1,3,2,1,0,4,1,3
914,2558.833,2018,"55-64","Female","European/Other",1,"Not in the labour force",1,0,0,1,3,9,1,"not disabled",10,10,10,4,1,2,5,7,10,5,6,"Yes",20,1,1,0,5,5,4,7,3,0,0,1,1,5,1,0,4,1,3
915,831.4459,2018,"15-24","Male","European/Other",1,"Not in the labour force",0,1,2,3,1,10,1,"not disabled",5,8,8,3,1,4,3,3,10,7,7,"No",0,4,3,4,5,5,5,0,3,1,1,1,3,1,0,0,4,0,3
916,1129.877,2018,"25-34","Female","European/Other",1,"Not in the labour force",1,1,2,3,2,4,1,"not disabled",5,10,10,4,2,4,5,7,6,7,4,"No",10,1,1,4,4,5,1,2,8,0,0,1,1,2,1,0,4,0,3
917,1274.682,2018,"55-64","Male","European/Other",1,"Not in the labour force",1,0,0,2,3,1,1,"not disabled",5,7,9,4,1,2,4,5,8,5,0,"Yes",17,2,1,0,4,4,4,4,4,1,0,1,2,5,0,0,4,1,3
918,2011.934,2018,"25-34","Female","European/Other",3,"Not in the labour force",0,0,0,3,2,8,1,"not disabled",5,7,7,3,1,2,3,6,7,5,5,"Yes",19,1,1,2,4,4,4,0,3,0,0,5,4,2,1,0,4,1,3
919,2655.162,2018,"45-54","Female","European/Other",1,"Not in the labour force",0,0,0,3,1,9,1,"not disabled",10,10,10,2,3,4,4,1,1,1,1,"Yes",6,4,1,0,2,4,2,2,2,0,0,1,3,4,1,0,4,1,3
920,1222.783,2018,"15-24","Male","European/Other",2,"Not in the labour force",1,1,1,3,2,6,1,"not disabled",8,9,9,3,1,2,4,5,7,5,6,"Yes",18,2,1,3,4,5,1,8,1,0,0,1,3,1,0,0,4,1,3
921,1520.958,2018,"45-54","Male","European/Other",4,"Not in the labour force",1,1,4,1,3,5,1,"not disabled",8,9,9,4,1,4,5,8,8,5,8,"No",20,1,1,1,5,5,5,7,4,1,1,1,1,4,0,0,4,0,3
922,2865.143,2018,"55-64","Female","European/Other",3,"Not in the labour force",1,0,0,2,2,2,1,"not disabled",6,8,7,4,1,1,4,4,4,1,4,"Yes",20,1,2,0,5,4,1,4,3,0,0,1,6,5,1,0,4,1,3
923,2060.034,2018,"35-44","Male","European/Other",1,"Not in the labour force",0,0,0,3,1,7,1,"not disabled",7,5,7,4,1,2,5,7,6,2,5,"Yes",7,4,2,0,5,5,4,5,4,0,0,1,3,3,0,0,4,1,3
924,1472.97,2018,"55-64","Female","European/Other",4,"Not in the labour force",1,0,0,1,3,9,6,"not disabled",10,7,10,3,2,3,5,8,6,3,7,"Yes",20,1,1,0,4,4,4,10,8,0,1,1,4,5,1,0,4,1,3
925,2256.527,2018,"25-34","Male","European/Other",2,"Not in the labour force",0,1,1,3,1,4,1,"not disabled",3,8,9,5,1,2,5,6,8,5,7,"Yes",11,1,1,4,5,5,4,8,3,0,0,1,1,2,0,0,4,1,3
926,1720.379,2018,"15-24","Female","European/Other",2,"Not in the labour force",0,0,0,3,3,4,1,"not disabled",8,8,8,4,1,2,4,8,6,6,7,"Not Eligible",19,1,1,0,3,5,3,5,8,0,0,1,1,1,1,0,4,99,3
927,1193.05,2018,"35-44","Male","European/Other",1,"Not in the labour force",0,1,4,3,1,10,2,"not disabled",10,8,8,3,1,5,5,9,10,6,10,"Yes",3,3,1,2,5,4,3,3,9,0,0,1,4,3,0,0,4,1,3
928,2943.12,2018,"35-44","Female","European/Other",4,"Not in the labour force",0,1,2,1,3,6,2,"not disabled",8,8,9,5,1,4,5,7,8,6,8,"Yes",18,1,1,0,4,5,5,8,2,1,0,1,1,3,1,0,4,1,3
929,953.2634,2018,"15-24","Male","European/Other",1,"Not in the labour force",0,0,0,1,1,5,5,"not disabled",7,8,8,5,1,4,4,7,8,5,6,"Yes",18,2,2,0,5,5,5,6,4,0,0,2,2,1,0,0,4,1,3
930,754.3647,2018,"15-24","Female","European/Other",1,"Not in the labour force",0,0,0,3,3,6,1,"not disabled",10,8,6,4,1,3,4,7,8,5,5,"Not Eligible",15,1,2,0,4,3,3,7,8,0,0,2,2,1,1,0,4,99,3
931,1911.481,2018,"25-34","Male","European/Other",1,"Not in the labour force",1,1,3,3,2,10,1,"not disabled",8,9,9,3,2,5,4,5,4,5,4,"Yes",10,2,3,2,4,5,4,2,4,0,0,2,3,2,0,0,4,1,3
932,684.8625,2018,"65+","Female","European/Other",1,"Not in the labour force",1,0,0,2,1,1,1,"not disabled",5,9,8,4,1,4,5,8,8,6,3,"Yes",14,1,2,0,4,5,4,10,4,0,0,1,4,6,1,0,4,1,3
933,849.1486,2018,"35-44","Male","European/Other",4,"Not in the labour force",1,1,1,3,2,6,4,"not disabled",6,8,8,4,1,3,3,5,7,6,7,"No",12,99,1,4,5,5,4,5,8,0,1,2,2,3,0,0,4,0,3
934,1265.398,2018,"25-34","Male","European/Other",3,"Not in the labour force",1,1,3,3,1,2,2,"not disabled",4,1,2,5,2,4,5,7,8,0,5,"Yes",8,4,2,1,5,5,1,8,3,1,0,4,1,2,0,0,4,1,3
935,887.2428,2018,"65+","Male","European/Other",1,"Not in the labour force",1,0,0,2,2,9,6,"not disabled",8,7,7,3,3,4,4,7,7,7,7,"Yes",18,3,2,0,4,4,4,6,1,0,0,2,2,6,0,0,4,1,3
936,634.7062,2018,"65+","Male","European/Other",4,"Not in the labour force",0,0,0,3,1,5,1,"Disabled",5,5,7,3,3,5,3,7,6,1,6,"Yes",12,3,1,1,4,4,1,3,8,0,1,4,5,6,0,1,4,1,3
937,631.9344,2018,"65+","Male","European/Other",1,"Not in the labour force",1,0,0,2,2,2,2,"not disabled",5,10,10,4,1,2,5,8,9,6,5,"Yes",15,1,1,0,5,5,1,5,8,0,0,1,1,6,0,0,4,1,3
938,2364.725,2018,"15-24","Female","European/Other",1,"Not in the labour force",0,0,0,3,3,3,2,"not disabled",3,7,8,4,1,4,5,7,8,6,8,"Not Eligible",16,2,1,3,3,5,4,7,8,0,0,1,2,1,1,0,4,99,3
939,3329.442,2018,"55-64","Male","European/Other",3,"Not in the labour force",1,0,0,1,3,2,6,"not disabled",4,9,10,5,1,4,4,7,8,7,8,"Yes",14,4,2,1,5,5,4,6,4,0,0,1,1,5,0,0,4,1,3
940,1671.241,2018,"65+","Male","European/Other",1,"Not in the labour force",0,0,0,3,1,9,1,"not disabled",10,7,9,4,1,5,5,6,5,4,3,"Yes",17,1,2,1,5,5,5,9,3,0,0,2,1,6,0,0,4,1,3
941,3015.342,2018,"65+","Male","European/Other",3,"Not in the labour force",1,0,0,1,3,9,1,"Disabled",5,6,8,3,1,3,4,5,10,0,5,"Yes",15,1,1,0,4,3,2,1,3,0,0,1,2,6,0,1,4,1,3
942,2493.748,2018,"65+","Male","European/Other",1,"Not in the labour force",1,0,0,2,1,1,2,"Disabled",8,10,10,3,1,2,4,8,10,8,8,"Yes",14,1,1,0,5,5,5,10,8,0,0,1,1,6,0,1,4,1,3
943,1484.745,2018,"65+","Male","European/Other",4,"Not in the labour force",0,0,0,2,1,1,3,"not disabled",6,8,8,3,1,4,5,7,7,6,6,"Yes",16,1,1,0,4,4,2,6,8,1,0,3,3,6,0,0,4,1,3
944,2109.094,2018,"65+","Male","European/Other",1,"Not in the labour force",1,0,0,3,2,6,2,"not disabled",10,8,8,5,1,4,5,7,8,7,6,"Yes",20,1,1,0,4,5,1,3,3,0,0,1,2,6,0,0,4,1,3
945,2639.217,2018,"25-34","Male","European/Other",1,"Not in the labour force",1,1,1,3,3,8,2,"not disabled",7,8,10,4,2,5,5,8,6,8,4,"Yes",15,2,2,4,4,5,2,10,3,0,1,1,3,2,0,0,4,1,3
946,2464.349,2018,"25-34","Female","European/Other",4,"Not in the labour force",0,0,0,3,3,6,4,"not disabled",3,5,6,4,1,4,5,7,8,7,7,"No",18,1,1,1,3,5,5,1,3,0,0,3,3,2,1,0,4,0,3
947,1709.827,2018,"65+","Male","European/Other",1,"Not in the labour force",0,0,0,1,2,8,1,"Disabled",8,8,7,4,1,4,5,8,8,7,7,"Yes",19,1,1,0,4,3,3,7,8,0,0,1,1,6,0,1,4,1,3
948,2071.43,2018,"25-34","Male","European/Other",1,"Not in the labour force",1,1,1,3,1,4,1,"not disabled",5,6,10,2,2,5,5,5,5,4,5,"Yes",7,2,1,1,2,4,4,0,8,0,0,1,1,2,0,0,4,1,3
949,4261.002,2018,"25-34","Male","European/Other",4,"Not in the labour force",1,1,2,1,3,5,1,"not disabled",5,6,8,4,2,3,4,8,8,6,5,"Yes",16,1,2,0,5,5,5,5,3,0,0,1,2,2,0,0,4,1,3
950,3314.883,2018,"65+","Female","European/Other",1,"Not in the labour force",1,0,0,2,2,6,1,"not disabled",7,9,9,4,1,4,5,6,7,3,3,"Yes",18,2,1,0,4,4,4,7,3,0,0,1,2,6,1,0,4,1,3
951,4130.443,2018,"45-54","Female","European/Other",4,"Not in the labour force",1,0,0,1,3,2,6,"not disabled",8,9,9,4,1,3,5,8,9,6,6,"Yes",19,2,1,4,5,5,5,4,3,1,0,1,2,4,1,0,4,1,3
952,2608.764,2018,"45-54","Male","European/Other",1,"Not in the labour force",1,1,1,2,3,2,2,"not disabled",10,7,7,4,1,3,5,7,8,6,7,"Yes",18,2,2,0,5,5,4,8,3,0,0,2,3,4,0,0,4,1,3
953,2809.659,2018,"35-44","Male","European/Other",4,"Not in the labour force",1,1,2,1,2,4,6,"not disabled",5,8,10,5,1,4,4,8,8,7,7,"Yes",14,1,1,0,4,5,1,6,5,0,0,1,1,3,0,0,4,1,3
954,2698.066,2018,"15-24","Male","European/Other",1,"Not in the labour force",0,0,0,1,1,3,6,"not disabled",8,8,6,4,1,5,4,9,7,2,7,"Yes",14,2,1,0,4,5,3,4,3,0,0,3,2,1,0,0,4,1,3
955,2362.675,2018,"15-24","Female","European/Other",1,"Not in the labour force",0,0,0,3,3,8,1,"not disabled",8,5,5,3,2,4,3,7,5,4,6,"No",3,1,1,4,5,5,5,7,9,1,1,3,3,1,1,0,4,0,3
956,1532.233,2018,"65+","Male","European/Other",1,"Not in the labour force",1,0,0,2,1,6,1,"not disabled",5,7,8,3,1,3,4,8,9,3,8,"Yes",15,1,1,0,5,5,4,4,8,0,0,1,1,6,0,0,4,1,3
957,1383.432,2018,"35-44","Female","European/Other",2,"Not in the labour force",1,1,1,3,2,9,6,"not disabled",5,7,7,3,1,4,4,6,6,4,2,"Yes",3,2,2,0,5,5,5,5,3,0,0,1,2,3,1,0,4,1,3
958,929.1224,2018,"45-54","Female","European/Other",2,"Not in the labour force",0,1,1,1,3,3,1,"not disabled",7,8,7,2,1,5,4,7,7,5,6,"No",20,1,2,2,5,5,1,8,8,0,0,1,1,4,1,0,4,0,3
959,2463.562,2018,"25-34","Female","European/Other",2,"Not in the labour force",1,1,4,3,2,8,1,"not disabled",3,10,9,5,2,3,2,10,8,2,4,"No",1,4,2,2,5,5,5,5,9,0,1,2,2,2,1,0,4,0,3
960,2623.257,2018,"55-64","Male","European/Other",1,"Not in the labour force",0,1,1,1,2,6,1,"not disabled",5,8,10,5,1,3,4,5,8,5,3,"No",20,1,1,1,5,5,4,5,3,0,0,1,1,5,0,0,4,0,3
961,2623.257,2018,"65+","Female","European/Other",1,"Not in the labour force",1,0,0,1,1,10,1,"not disabled",7,6,7,4,1,1,4,6,9,8,8,"Yes",15,2,1,0,5,5,5,3,8,0,0,1,1,6,1,0,4,1,3
962,2575.078,2018,"45-54","Female","European/Other",4,"Not in the labour force",0,0,0,2,2,7,2,"not disabled",8,7,7,4,1,4,5,8,10,3,7,"Yes",20,3,1,0,4,5,5,6,3,0,0,1,4,4,1,0,4,1,3
963,2380.48,2018,"15-24","Male","European/Other",1,"Not in the labour force",0,0,0,1,2,9,1,"Disabled",10,5,3,2,3,5,3,5,6,5,2,"Yes",4,2,2,0,3,5,5,4,1,1,1,2,1,1,0,1,4,1,3
964,998.8071,2018,"55-64","Male","European/Other",3,"Not in the labour force",1,0,0,2,3,5,1,"not disabled",6,7,7,3,1,3,4,5,9,8,7,"Yes",15,1,1,0,5,4,5,10,8,0,0,1,1,5,0,0,4,1,3
965,1708.968,2018,"25-34","Female","European/Other",2,"Not in the labour force",1,1,1,1,2,4,6,"not disabled",5,9,8,4,1,3,5,8,7,1,1,"Yes",10,1,1,0,4,5,5,9,8,0,0,2,1,2,1,0,4,1,3
966,711.5802,2018,"45-54","Male","European/Other",4,"Not in the labour force",0,0,0,3,2,4,1,"not disabled",4,2,10,2,1,2,4,4,7,4,4,"Yes",11,4,1,0,4,5,5,3,3,0,1,3,3,4,0,0,4,1,3
967,723.0052,2018,"35-44","Female","European/Other",1,"Not in the labour force",1,1,2,1,3,1,2,"not disabled",5,8,8,3,1,3,4,6,8,6,8,"Yes",18,2,1,1,4,4,4,8,8,0,0,4,4,3,1,0,4,1,3
968,3655.601,2018,"55-64","Female","European/Other",1,"Not in the labour force",0,0,0,2,3,1,2,"not disabled",10,8,7,4,1,2,5,8,8,6,8,"Yes",20,1,1,1,5,5,5,4,8,0,0,1,1,5,1,0,4,1,3
969,785.329,2018,"25-34","Male","European/Other",1,"Not in the labour force",1,1,1,3,2,2,1,"not disabled",2,5,8,4,2,5,5,3,8,4,6,"No",3,3,3,4,5,5,1,5,4,0,0,2,2,2,0,0,4,0,3
970,1202.824,2018,"55-64","Male","European/Other",1,"Not in the labour force",1,0,0,2,2,1,1,"not disabled",8,8,10,4,1,3,5,8,9,7,7,"Yes",19,1,1,0,3,5,1,10,1,0,0,1,2,5,0,0,4,1,3
971,1598.352,2018,"25-34","Female","European/Other",2,"Not in the labour force",1,0,0,1,2,9,1,"not disabled",7,8,7,2,1,2,5,7,8,7,6,"No",15,2,1,1,4,4,2,6,4,0,0,1,3,2,1,0,4,0,3
972,901.0599,2018,"45-54","Female","European/Other",3,"Not in the labour force",0,0,0,1,1,6,1,"not disabled",7,5,7,1,2,3,4,5,8,3,5,"Yes",11,99,1,3,4,4,4,5,9,0,0,1,3,4,1,0,4,1,3
973,1148.48,2018,"65+","Female","European/Other",2,"Not in the labour force",1,0,0,2,2,1,2,"Disabled",9,9,10,4,1,5,5,8,10,8,7,"Yes",17,3,1,1,4,4,4,10,4,0,0,1,4,6,1,1,4,1,3
974,1052.68,2018,"25-34","Female","European/Other",4,"Not in the labour force",1,1,2,1,3,10,1,"not disabled",6,8,9,4,1,4,4,6,8,4,4,"Yes",10,4,2,0,5,5,4,1,3,0,0,1,3,2,1,0,4,1,3
975,5872.384,2018,"65+","Male","European/Other",1,"Not in the labour force",0,0,0,1,2,5,1,"not disabled",10,6,10,3,1,2,5,8,8,0,0,"Yes",17,1,1,0,5,5,5,10,8,0,0,2,1,6,0,0,4,1,3
976,1363.06,2018,"65+","Male","European/Other",1,"Not in the labour force",1,0,0,1,2,1,1,"not disabled",4,8,10,5,1,2,5,5,9,6,3,"Yes",12,1,1,0,5,5,1,7,1,0,0,2,1,6,0,0,4,1,3
977,1363.06,2018,"35-44","Female","European/Other",1,"Not in the labour force",1,0,0,1,3,6,1,"not disabled",6,7,8,4,1,1,3,7,6,2,5,"Yes",19,2,2,1,4,5,4,1,3,0,0,1,2,3,1,0,4,1,3
978,1356.03,2018,"55-64","Male","European/Other",3,"Not in the labour force",1,0,0,2,3,7,1,"not disabled",5,5,8,3,1,5,5,8,10,2,6,"Yes",9,1,1,0,5,5,1,8,3,1,0,3,2,5,0,0,4,1,3
979,1926.108,2018,"35-44","Male","European/Other",2,"Not in the labour force",1,1,2,1,3,1,6,"not disabled",5,7,9,5,1,3,5,9,10,5,7,"No",15,1,1,0,5,5,5,8,8,0,0,1,1,3,0,0,4,0,3
980,1123.332,2018,"65+","Male","European/Other",1,"Not in the labour force",0,0,0,2,1,8,6,"not disabled",10,10,10,3,1,4,5,10,10,8,8,"Yes",20,1,1,0,5,5,5,10,4,0,0,1,1,6,0,0,4,1,3
981,1069.809,2018,"35-44","Male","European/Other",4,"Not in the labour force",1,1,2,3,1,5,4,"not disabled",7,7,6,3,1,4,4,7,9,8,9,"No",13,4,2,1,4,5,5,6,8,0,0,2,1,3,0,0,4,0,3
982,1435.636,2018,"55-64","Male","European/Other",4,"Not in the labour force",1,0,0,2,3,8,2,"not disabled",0,8,9,4,1,4,5,9,9,4,8,"Yes",15,3,2,0,4,5,5,8,3,0,0,1,2,5,0,0,4,1,3
983,680.2332,2018,"25-34","Male","European/Other",4,"Not in the labour force",1,1,1,1,3,1,6,"not disabled",7,7,7,3,1,3,4,8,10,5,5,"Yes",15,2,2,1,5,5,5,2,8,0,0,2,2,2,0,0,4,1,3
984,670.6234,2018,"35-44","Female","European/Other",4,"Not in the labour force",1,1,2,1,2,2,6,"not disabled",5,7,8,4,1,4,3,8,8,5,5,"Yes",19,4,1,0,5,5,5,10,8,0,1,1,1,3,1,0,4,1,3
985,725.8043,2018,"45-54","Male","European/Other",4,"Not in the labour force",1,0,0,1,3,6,1,"not disabled",10,7,7,5,1,4,5,8,8,8,7,"Yes",15,1,1,1,5,5,5,7,2,0,0,1,1,4,0,0,4,1,3
986,970.4179,2018,"55-64","Female","European/Other",4,"Not in the labour force",1,0,0,2,2,6,1,"not disabled",5,6,10,3,1,4,5,2,2,0,0,"Yes",20,1,1,1,5,5,5,5,9,0,0,1,1,5,1,0,4,1,3
987,1003.064,2018,"35-44","Female","European/Other",4,"Not in the labour force",0,0,0,2,3,3,1,"not disabled",8,8,9,3,1,4,4,5,10,2,5,"Yes",20,1,2,0,4,5,3,3,3,0,0,1,1,3,1,0,4,1,3
988,1136.676,2018,"45-54","Male","European/Other",2,"Not in the labour force",0,1,1,2,1,8,2,"not disabled",1,9,7,5,1,3,4,7,8,5,8,"No",12,1,1,0,5,5,4,8,4,0,0,3,1,4,0,0,4,0,3
989,2671.755,2018,"15-24","Male","European/Other",1,"Not in the labour force",1,0,0,3,3,4,2,"not disabled",7,8,7,4,1,4,4,6,8,4,6,"Yes",14,99,1,3,5,5,5,5,9,0,0,2,2,1,0,0,4,1,3
990,980.7647,2018,"65+","Female","European/Other",2,"Not in the labour force",1,0,0,2,1,1,1,"not disabled",8,8,8,4,1,2,4,7,6,5,5,"Yes",20,2,1,0,5,5,2,8,8,0,0,1,1,6,1,0,4,1,3
991,2243.42,2018,"35-44","Male","European/Other",1,"Not in the labour force",0,0,0,3,1,4,2,"not disabled",3,9,10,4,1,4,5,8,10,7,7,"Yes",11,99,1,4,5,5,5,0,9,0,1,2,1,3,0,0,4,1,3
992,890.6283,2018,"15-24","Male","European/Other",1,"Not in the labour force",0,0,0,1,3,5,6,"not disabled",5,5,5,2,1,5,4,7,8,5,7,"Not Eligible",11,3,2,0,5,5,4,3,3,0,0,1,5,1,0,0,4,99,3
993,2179.345,2018,"45-54","Male","European/Other",1,"Not in the labour force",0,0,0,3,1,10,1,"not disabled",10,8,6,3,1,4,5,6,9,4,4,"Yes",13,3,1,1,4,5,4,7,2,0,0,1,1,4,0,0,4,1,3
994,795.4664,2018,"55-64","Female","European/Other",2,"Not in the labour force",0,0,0,2,1,5,1,"not disabled",6,6,6,4,1,2,4,8,8,4,0,"Yes",20,2,2,1,5,4,4,4,8,0,0,1,2,5,1,0,4,1,3
995,1326.871,2018,"35-44","Male","European/Other",2,"Not in the labour force",0,1,2,3,1,2,3,"not disabled",6,10,10,4,3,5,5,5,7,2,3,"Yes",18,1,1,4,5,5,3,10,8,0,0,1,1,3,0,0,4,1,3
996,8.841383,2018,"25-34","Male","Maori",1,"Unemployed",1,1,4,3,3,8,2,"not disabled",2,5,7,3,1,3,5,4,8,5,9,"No",3,2,2,4,5,5,5,6,5,0,0,1,4,2,0,0,1,0,2
997,9.9557,2018,"45-54","Male","European/Other",2,"Unemployed",1,1,2,1,3,1,6,"not disabled",7,7,8,3,1,4,5,8,9,7,8,"Yes",16,2,2,0,4,5,2,7,3,0,0,3,4,4,0,0,4,1,2
